unsigned char webui_config_html[] = {
  0x3c, 0x21, 0x44, 0x4f, 0x43, 0x54, 0x59, 0x50, 0x45, 0x20, 0x68, 0x74,
  0x6d, 0x6c, 0x3e, 0x0a, 0x3c, 0x68, 0x74, 0x6d, 0x6c, 0x20, 0x6c, 0x61,
  0x6e, 0x67, 0x3d, 0x22, 0x7a, 0x68, 0x22, 0x3e, 0x0a, 0x3c, 0x68, 0x65,
  0x61, 0x64, 0x3e, 0x0a, 0x20, 0x20, 0x20, 0x20, 0x3c, 0x6d, 0x65, 0x74,
  0x61, 0x20, 0x63, 0x68, 0x61, 0x72, 0x73, 0x65, 0x74, 0x3d, 0x22, 0x55,
  0x54, 0x46, 0x2d, 0x38, 0x22, 0x3e, 0x0a, 0x20, 0x20, 0x20, 0x20, 0x3c,
  0x6d, 0x65, 0x74, 0x61, 0x20, 0x6e, 0x61, 0x6d, 0x65, 0x3d, 0x22, 0x76,
  0x69, 0x65, 0x77, 0x70, 0x6f, 0x72, 0x74, 0x22, 0x20, 0x63, 0x6f, 0x6e,
  0x74, 0x65, 0x6e, 0x74, 0x3d, 0x22, 0x77, 0x69, 0x64, 0x74, 0x68, 0x3d,
  0x64, 0x65, 0x76, 0x69, 0x63, 0x65, 0x2d, 0x77, 0x69, 0x64, 0x74, 0x68,
  0x2c, 0x20, 0x69, 0x6e, 0x69, 0x74, 0x69, 0x61, 0x6c, 0x2d, 0x73, 0x63,
  0x61, 0x6c, 0x65, 0x3d, 0x31, 0x22, 0x3e, 0x0a, 0x20, 0x20, 0x20, 0x20,
  0x3c, 0x74, 0x69, 0x74, 0x6c, 0x65, 0x3e, 0x43, 0x2d, 0x52, 0x49, 0x44,
  0x20, 0xe6, 0xa8, 0xa1, 0xe6, 0x8b, 0x9f, 0xe5, 0x99, 0xa8, 0x20, 0x2d,
  0x20, 0xe6, 0x97, 0xa0, 0xe4, 0xba, 0xba, 0xe6, 0x9c, 0xba, 0xe9, 0x85,
  0x8d, 0xe7, 0xbd, 0xae, 0x3c, 0x2f, 0x74, 0x69, 0x74, 0x6c, 0x65, 0x3e,
  0x0a, 0x20, 0x20, 0x20, 0x20, 0x3c, 0x73, 0x74, 0x79, 0x6c, 0x65, 0x3e,
  0x0a, 0x20, 0x20, 0x20, 0x20, 0x20, 0x20, 0x20, 0x20, 0x2a, 0x20, 0x7b,
  0x0a, 0x20, 0x20, 0x20, 0x20, 0x20, 0x20, 0x20, 0x20, 0x20, 0x20, 0x20,
  0x20, 0x62, 0x6f, 0x78, 0x2d, 0x73, 0x69, 0x7a, 0x69, 0x6e, 0x67, 0x3a,
  0x20, 0x62, 0x6f, 0x72, 0x64, 0x65, 0x72, 0x2d, 0x62, 0x6f, 0x78, 0x3b,
  0x0a, 0x20, 0x20, 0x20, 0x20, 0x20, 0x20, 0x20, 0x20, 0x20, 0x20, 0x20,
  0x20, 0x6d, 0x61, 0x72, 0x67, 0x69, 0x6e, 0x3a, 0x20, 0x30, 0x3b, 0x0a,
  0x20, 0x20, 0x20, 0x20, 0x20, 0x20, 0x20, 0x20, 0x20, 0x20, 0x20, 0x20,
  0x70, 0x61, 0x64, 0x64, 0x69, 0x6e, 0x67, 0x3a, 0x20, 0x30, 0x3b, 0x0a,
  0x20, 0x20, 0x20, 0x20, 0x20, 0x20, 0x20, 0x20, 0x7d, 0x0a, 0x20, 0x20,
  0x20, 0x20, 0x20, 0x20, 0x20, 0x20, 0x62, 0x6f, 0x64, 0x79, 0x20, 0x7b,
  0x0a, 0x20, 0x20, 0x20, 0x20, 0x20, 0x20, 0x20, 0x20, 0x20, 0x20, 0x20,
  0x20, 0x66, 0x6f, 0x6e, 0x74, 0x2d, 0x66, 0x61, 0x6d, 0x69, 0x6c, 0x79,
  0x3a, 0x20, 0x73, 0x79, 0x73, 0x74, 0x65, 0x6d, 0x2d, 0x75, 0x69, 0x2c,
  0x20, 0x2d, 0x61, 0x70, 0x70, 0x6c, 0x65, 0x2d, 0x73, 0x79, 0x73, 0x74,
  0x65, 0x6d, 0x2c, 0x20, 0x73, 0x61, 0x6e, 0x73, 0x2d, 0x73, 0x65, 0x72,
  0x69, 0x66, 0x3b, 0x0a, 0x20, 0x20, 0x20, 0x20, 0x20, 0x20, 0x20, 0x20,
  0x20, 0x20, 0x20, 0x20, 0x62, 0x61, 0x63, 0x6b, 0x67, 0x72, 0x6f, 0x75,
  0x6e, 0x64, 0x3a, 0x20, 0x23, 0x31, 0x61, 0x31, 0x61, 0x32, 0x65, 0x3b,
  0x0a, 0x20, 0x20, 0x20, 0x20, 0x20, 0x20, 0x20, 0x20, 0x20, 0x20, 0x20,
  0x20, 0x63, 0x6f, 0x6c, 0x6f, 0x72, 0x3a, 0x20, 0x23, 0x65, 0x65, 0x65,
  0x3b, 0x0a, 0x20, 0x20, 0x20, 0x20, 0x20, 0x20, 0x20, 0x20, 0x20, 0x20,
  0x20, 0x20, 0x70, 0x61, 0x64, 0x64, 0x69, 0x6e, 0x67, 0x3a, 0x20, 0x32,
  0x30, 0x70, 0x78, 0x3b, 0x0a, 0x20, 0x20, 0x20, 0x20, 0x20, 0x20, 0x20,
  0x20, 0x7d, 0x0a, 0x20, 0x20, 0x20, 0x20, 0x20, 0x20, 0x20, 0x20, 0x2e,
  0x63, 0x6f, 0x6e, 0x74, 0x61, 0x69, 0x6e, 0x65, 0x72, 0x20, 0x7b, 0x0a,
  0x20, 0x20, 0x20, 0x20, 0x20, 0x20, 0x20, 0x20, 0x20, 0x20, 0x20, 0x20,
  0x6d, 0x61, 0x78, 0x2d, 0x77, 0x69, 0x64, 0x74, 0x68, 0x3a, 0x20, 0x31,
  0x32, 0x30, 0x30, 0x70, 0x78, 0x3b, 0x0a, 0x20, 0x20, 0x20, 0x20, 0x20,
  0x20, 0x20, 0x20, 0x20, 0x20, 0x20, 0x20, 0x6d, 0x61, 0x72, 0x67, 0x69,
  0x6e, 0x3a, 0x20, 0x30, 0x20, 0x61, 0x75, 0x74, 0x6f, 0x3b, 0x0a, 0x20,
  0x20, 0x20, 0x20, 0x20, 0x20, 0x20, 0x20, 0x7d, 0x0a, 0x20, 0x20, 0x20,
  0x20, 0x20, 0x20, 0x20, 0x20, 0x68, 0x31, 0x20, 0x7b, 0x0a, 0x20, 0x20,
  0x20, 0x20, 0x20, 0x20, 0x20, 0x20, 0x20, 0x20, 0x20, 0x20, 0x66, 0x6f,
  0x6e, 0x74, 0x2d, 0x73, 0x69, 0x7a, 0x65, 0x3a, 0x20, 0x31, 0x2e, 0x38,
  0x65, 0x6d, 0x3b, 0x0a, 0x20, 0x20, 0x20, 0x20, 0x20, 0x20, 0x20, 0x20,
  0x20, 0x20, 0x20, 0x20, 0x6d, 0x61, 0x72, 0x67, 0x69, 0x6e, 0x2d, 0x62,
  0x6f, 0x74, 0x74, 0x6f, 0x6d, 0x3a, 0x20, 0x32, 0x30, 0x70, 0x78, 0x3b,
  0x0a, 0x20, 0x20, 0x20, 0x20, 0x20, 0x20, 0x20, 0x20, 0x20, 0x20, 0x20,
  0x20, 0x63, 0x6f, 0x6c, 0x6f, 0x72, 0x3a, 0x20, 0x23, 0x65, 0x39, 0x34,
  0x35, 0x36, 0x30, 0x3b, 0x0a, 0x20, 0x20, 0x20, 0x20, 0x20, 0x20, 0x20,
  0x20, 0x7d, 0x0a, 0x20, 0x20, 0x20, 0x20, 0x20, 0x20, 0x20, 0x20, 0x68,
  0x33, 0x20, 0x7b, 0x0a, 0x20, 0x20, 0x20, 0x20, 0x20, 0x20, 0x20, 0x20,
  0x20, 0x20, 0x20, 0x20, 0x63, 0x6f, 0x6c, 0x6f, 0x72, 0x3a, 0x20, 0x23,
  0x61, 0x61, 0x61, 0x3b, 0x0a, 0x20, 0x20, 0x20, 0x20, 0x20, 0x20, 0x20,
  0x20, 0x20, 0x20, 0x20, 0x20, 0x6d, 0x61, 0x72, 0x67, 0x69, 0x6e, 0x3a,
  0x20, 0x32, 0x30, 0x70, 0x78, 0x20, 0x30, 0x20, 0x31, 0x30, 0x70, 0x78,
  0x3b, 0x0a, 0x20, 0x20, 0x20, 0x20, 0x20, 0x20, 0x20, 0x20, 0x20, 0x20,
  0x20, 0x20, 0x62, 0x6f, 0x72, 0x64, 0x65, 0x72, 0x2d, 0x62, 0x6f, 0x74,
  0x74, 0x6f, 0x6d, 0x3a, 0x20, 0x31, 0x70, 0x78, 0x20, 0x73, 0x6f, 0x6c,
  0x69, 0x64, 0x20, 0x23, 0x33, 0x33, 0x33, 0x3b, 0x0a, 0x20, 0x20, 0x20,
  0x20, 0x20, 0x20, 0x20, 0x20, 0x20, 0x20, 0x20, 0x20, 0x70, 0x61, 0x64,
  0x64, 0x69, 0x6e, 0x67, 0x2d, 0x62, 0x6f, 0x74, 0x74, 0x6f, 0x6d, 0x3a,
  0x20, 0x38, 0x70, 0x78, 0x3b, 0x0a, 0x20, 0x20, 0x20, 0x20, 0x20, 0x20,
  0x20, 0x20, 0x7d, 0x0a, 0x20, 0x20, 0x20, 0x20, 0x20, 0x20, 0x20, 0x20,
  0x2e, 0x63, 0x61, 0x72, 0x64, 0x20, 0x7b, 0x0a, 0x20, 0x20, 0x20, 0x20,
  0x20, 0x20, 0x20, 0x20, 0x20, 0x20, 0x20, 0x20, 0x62, 0x61, 0x63, 0x6b,
  0x67, 0x72, 0x6f, 0x75, 0x6e, 0x64, 0x3a, 0x20, 0x23, 0x31, 0x36, 0x32,
  0x31, 0x33, 0x65, 0x3b, 0x0a, 0x20, 0x20, 0x20, 0x20, 0x20, 0x20, 0x20,
  0x20, 0x20, 0x20, 0x20, 0x20, 0x62, 0x6f, 0x72, 0x64, 0x65, 0x72, 0x2d,
  0x72, 0x61, 0x64, 0x69, 0x75, 0x73, 0x3a, 0x20, 0x31, 0x32, 0x70, 0x78,
  0x3b, 0x0a, 0x20, 0x20, 0x20, 0x20, 0x20, 0x20, 0x20, 0x20, 0x20, 0x20,
  0x20, 0x20, 0x70, 0x61, 0x64, 0x64, 0x69, 0x6e, 0x67, 0x3a, 0x20, 0x32,
  0x30, 0x70, 0x78, 0x3b, 0x0a, 0x20, 0x20, 0x20, 0x20, 0x20, 0x20, 0x20,
  0x20, 0x20, 0x20, 0x20, 0x20, 0x6d, 0x61, 0x72, 0x67, 0x69, 0x6e, 0x2d,
  0x62, 0x6f, 0x74, 0x74, 0x6f, 0x6d, 0x3a, 0x20, 0x32, 0x30, 0x70, 0x78,
  0x3b, 0x0a, 0x20, 0x20, 0x20, 0x20, 0x20, 0x20, 0x20, 0x20, 0x20, 0x20,
  0x20, 0x20, 0x62, 0x6f, 0x78, 0x2d, 0x73, 0x68, 0x61, 0x64, 0x6f, 0x77,
  0x3a, 0x20, 0x30, 0x20, 0x34, 0x70, 0x78, 0x20, 0x31, 0x32, 0x70, 0x78,
  0x20, 0x72, 0x67, 0x62, 0x61, 0x28, 0x30, 0x2c, 0x20, 0x30, 0x2c, 0x20,
  0x30, 0x2c, 0x20, 0x30, 0x2e, 0x33, 0x29, 0x3b, 0x0a, 0x20, 0x20, 0x20,
  0x20, 0x20, 0x20, 0x20, 0x20, 0x7d, 0x0a, 0x20, 0x20, 0x20, 0x20, 0x20,
  0x20, 0x20, 0x20, 0x2e, 0x6e, 0x61, 0x76, 0x2d, 0x6c, 0x69, 0x6e, 0x6b,
  0x73, 0x20, 0x61, 0x20, 0x7b, 0x0a, 0x20, 0x20, 0x20, 0x20, 0x20, 0x20,
  0x20, 0x20, 0x20, 0x20, 0x20, 0x20, 0x63, 0x6f, 0x6c, 0x6f, 0x72, 0x3a,
  0x20, 0x23, 0x30, 0x64, 0x36, 0x65, 0x66, 0x64, 0x3b, 0x0a, 0x20, 0x20,
  0x20, 0x20, 0x20, 0x20, 0x20, 0x20, 0x20, 0x20, 0x20, 0x20, 0x74, 0x65,
  0x78, 0x74, 0x2d, 0x64, 0x65, 0x63, 0x6f, 0x72, 0x61, 0x74, 0x69, 0x6f,
  0x6e, 0x3a, 0x20, 0x6e, 0x6f, 0x6e, 0x65, 0x3b, 0x0a, 0x20, 0x20, 0x20,
  0x20, 0x20, 0x20, 0x20, 0x20, 0x20, 0x20, 0x20, 0x20, 0x6d, 0x61, 0x72,
  0x67, 0x69, 0x6e, 0x2d, 0x72, 0x69, 0x67, 0x68, 0x74, 0x3a, 0x20, 0x32,
  0x30, 0x70, 0x78, 0x3b, 0x0a, 0x20, 0x20, 0x20, 0x20, 0x20, 0x20, 0x20,
  0x20, 0x20, 0x20, 0x20, 0x20, 0x66, 0x6f, 0x6e, 0x74, 0x2d, 0x77, 0x65,
  0x69, 0x67, 0x68, 0x74, 0x3a, 0x20, 0x62, 0x6f, 0x6c, 0x64, 0x3b, 0x0a,
  0x20, 0x20, 0x20, 0x20, 0x20, 0x20, 0x20, 0x20, 0x7d, 0x0a, 0x20, 0x20,
  0x20, 0x20, 0x20, 0x20, 0x20, 0x20, 0x2e, 0x6e, 0x61, 0x76, 0x2d, 0x6c,
  0x69, 0x6e, 0x6b, 0x73, 0x20, 0x61, 0x3a, 0x68, 0x6f, 0x76, 0x65, 0x72,
  0x20, 0x7b, 0x0a, 0x20, 0x20, 0x20, 0x20, 0x20, 0x20, 0x20, 0x20, 0x20,
  0x20, 0x20, 0x20, 0x74, 0x65, 0x78, 0x74, 0x2d, 0x64, 0x65, 0x63, 0x6f,
  0x72, 0x61, 0x74, 0x69, 0x6f, 0x6e, 0x3a, 0x20, 0x75, 0x6e, 0x64, 0x65,
  0x72, 0x6c, 0x69, 0x6e, 0x65, 0x3b, 0x0a, 0x20, 0x20, 0x20, 0x20, 0x20,
  0x20, 0x20, 0x20, 0x7d, 0x0a, 0x20, 0x20, 0x20, 0x20, 0x20, 0x20, 0x20,
  0x20, 0x2e, 0x69, 0x6e, 0x73, 0x74, 0x61, 0x6e, 0x63, 0x65, 0x2d, 0x63,
  0x61, 0x72, 0x64, 0x20, 0x7b, 0x0a, 0x20, 0x20, 0x20, 0x20, 0x20, 0x20,
  0x20, 0x20, 0x20, 0x20, 0x20, 0x20, 0x62, 0x61, 0x63, 0x6b, 0x67, 0x72,
  0x6f, 0x75, 0x6e, 0x64, 0x3a, 0x20, 0x23, 0x30, 0x66, 0x33, 0x34, 0x36,
  0x30, 0x3b, 0x0a, 0x20, 0x20, 0x20, 0x20, 0x20, 0x20, 0x20, 0x20, 0x20,
  0x20, 0x20, 0x20, 0x62, 0x6f, 0x72, 0x64, 0x65, 0x72, 0x2d, 0x72, 0x61,
  0x64, 0x69, 0x75, 0x73, 0x3a, 0x20, 0x38, 0x70, 0x78, 0x3b, 0x0a, 0x20,
  0x20, 0x20, 0x20, 0x20, 0x20, 0x20, 0x20, 0x20, 0x20, 0x20, 0x20, 0x70,
  0x61, 0x64, 0x64, 0x69, 0x6e, 0x67, 0x3a, 0x20, 0x31, 0x36, 0x70, 0x78,
  0x3b, 0x0a, 0x20, 0x20, 0x20, 0x20, 0x20, 0x20, 0x20, 0x20, 0x20, 0x20,
  0x20, 0x20, 0x6d, 0x61, 0x72, 0x67, 0x69, 0x6e, 0x3a, 0x20, 0x31, 0x32,
  0x70, 0x78, 0x20, 0x30, 0x3b, 0x0a, 0x20, 0x20, 0x20, 0x20, 0x20, 0x20,
  0x20, 0x20, 0x20, 0x20, 0x20, 0x20, 0x62, 0x6f, 0x72, 0x64, 0x65, 0x72,
  0x2d, 0x6c, 0x65, 0x66, 0x74, 0x3a, 0x20, 0x34, 0x70, 0x78, 0x20, 0x73,
  0x6f, 0x6c, 0x69, 0x64, 0x20, 0x23, 0x65, 0x39, 0x34, 0x35, 0x36, 0x30,
  0x3b, 0x0a, 0x20, 0x20, 0x20, 0x20, 0x20, 0x20, 0x20, 0x20, 0x7d, 0x0a,
  0x20, 0x20, 0x20, 0x20, 0x20, 0x20, 0x20, 0x20, 0x2e, 0x69, 0x6e, 0x73,
  0x74, 0x61, 0x6e, 0x63, 0x65, 0x2d, 0x63, 0x61, 0x72, 0x64, 0x20, 0x2e,
  0x72, 0x6f, 0x77, 0x20, 0x7b, 0x0a, 0x20, 0x20, 0x20, 0x20, 0x20, 0x20,
  0x20, 0x20, 0x20, 0x20, 0x20, 0x20, 0x64, 0x69, 0x73, 0x70, 0x6c, 0x61,
  0x79, 0x3a, 0x20, 0x67, 0x72, 0x69, 0x64, 0x3b, 0x0a, 0x20, 0x20, 0x20,
  0x20, 0x20, 0x20, 0x20, 0x20, 0x20, 0x20, 0x20, 0x20, 0x67, 0x72, 0x69,
  0x64, 0x2d, 0x74, 0x65, 0x6d, 0x70, 0x6c, 0x61, 0x74, 0x65, 0x2d, 0x63,
  0x6f, 0x6c, 0x75, 0x6d, 0x6e, 0x73, 0x3a, 0x20, 0x72, 0x65, 0x70, 0x65,
  0x61, 0x74, 0x28, 0x61, 0x75, 0x74, 0x6f, 0x2d, 0x66, 0x69, 0x74, 0x2c,
  0x20, 0x6d, 0x69, 0x6e, 0x6d, 0x61, 0x78, 0x28, 0x31, 0x36, 0x30, 0x70,
  0x78, 0x2c, 0x20, 0x31, 0x66, 0x72, 0x29, 0x29, 0x3b, 0x0a, 0x20, 0x20,
  0x20, 0x20, 0x20, 0x20, 0x20, 0x20, 0x20, 0x20, 0x20, 0x20, 0x67, 0x61,
  0x70, 0x3a, 0x20, 0x31, 0x32, 0x70, 0x78, 0x3b, 0x0a, 0x20, 0x20, 0x20,
  0x20, 0x20, 0x20, 0x20, 0x20, 0x7d, 0x0a, 0x20, 0x20, 0x20, 0x20, 0x20,
  0x20, 0x20, 0x20, 0x2e, 0x69, 0x6e, 0x73, 0x74, 0x61, 0x6e, 0x63, 0x65,
  0x2d, 0x63, 0x61, 0x72, 0x64, 0x20, 0x2e, 0x67, 0x62, 0x34, 0x32, 0x35,
  0x39, 0x30, 0x2d, 0x66, 0x69, 0x65, 0x6c, 0x64, 0x73, 0x2c, 0x0a, 0x20,
  0x20, 0x20, 0x20, 0x20, 0x20, 0x20, 0x20, 0x2e, 0x69, 0x6e, 0x73, 0x74,
  0x61, 0x6e, 0x63, 0x65, 0x2d, 0x63, 0x61, 0x72, 0x64, 0x20, 0x2e, 0x67,
  0x62, 0x34, 0x36, 0x37, 0x35, 0x30, 0x2d, 0x66, 0x69, 0x65, 0x6c, 0x64,
  0x73, 0x20, 0x7b, 0x0a, 0x20, 0x20, 0x20, 0x20, 0x20, 0x20, 0x20, 0x20,
  0x20, 0x20, 0x20, 0x20, 0x64, 0x69, 0x73, 0x70, 0x6c, 0x61, 0x79, 0x3a,
  0x20, 0x6e, 0x6f, 0x6e, 0x65, 0x3b, 0x0a, 0x20, 0x20, 0x20, 0x20, 0x20,
  0x20, 0x20, 0x20, 0x20, 0x20, 0x20, 0x20, 0x67, 0x72, 0x69, 0x64, 0x2d,
  0x74, 0x65, 0x6d, 0x70, 0x6c, 0x61, 0x74, 0x65, 0x2d, 0x63, 0x6f, 0x6c,
  0x75, 0x6d, 0x6e, 0x73, 0x3a, 0x20, 0x72, 0x65, 0x70, 0x65, 0x61, 0x74,
  0x28, 0x61, 0x75, 0x74, 0x6f, 0x2d, 0x66, 0x69, 0x74, 0x2c, 0x20, 0x6d,
  0x69, 0x6e, 0x6d, 0x61, 0x78, 0x28, 0x31, 0x36, 0x30, 0x70, 0x78, 0x2c,
  0x20, 0x31, 0x66, 0x72, 0x29, 0x29, 0x3b, 0x0a, 0x20, 0x20, 0x20, 0x20,
  0x20, 0x20, 0x20, 0x20, 0x20, 0x20, 0x20, 0x20, 0x67, 0x61, 0x70, 0x3a,
  0x20, 0x31, 0x32, 0x70, 0x78, 0x3b, 0x0a, 0x20, 0x20, 0x20, 0x20, 0x20,
  0x20, 0x20, 0x20, 0x20, 0x20, 0x20, 0x20, 0x6d, 0x61, 0x72, 0x67, 0x69,
  0x6e, 0x2d, 0x74, 0x6f, 0x70, 0x3a, 0x20, 0x31, 0x32, 0x70, 0x78, 0x3b,
  0x0a, 0x20, 0x20, 0x20, 0x20, 0x20, 0x20, 0x20, 0x20, 0x20, 0x20, 0x20,
  0x20, 0x70, 0x61, 0x64, 0x64, 0x69, 0x6e, 0x67, 0x2d, 0x74, 0x6f, 0x70,
  0x3a, 0x20, 0x31, 0x32, 0x70, 0x78, 0x3b, 0x0a, 0x20, 0x20, 0x20, 0x20,
  0x20, 0x20, 0x20, 0x20, 0x20, 0x20, 0x20, 0x20, 0x62, 0x6f, 0x72, 0x64,
  0x65, 0x72, 0x2d, 0x74, 0x6f, 0x70, 0x3a, 0x20, 0x31, 0x70, 0x78, 0x20,
  0x73, 0x6f, 0x6c, 0x69, 0x64, 0x20, 0x23, 0x32, 0x61, 0x33, 0x61, 0x35,
  0x61, 0x3b, 0x0a, 0x20, 0x20, 0x20, 0x20, 0x20, 0x20, 0x20, 0x20, 0x7d,
  0x0a, 0x20, 0x20, 0x20, 0x20, 0x20, 0x20, 0x20, 0x20, 0x2e, 0x69, 0x6e,
  0x73, 0x74, 0x61, 0x6e, 0x63, 0x65, 0x2d, 0x63, 0x61, 0x72, 0x64, 0x20,
  0x69, 0x6e, 0x70, 0x75, 0x74, 0x2c, 0x0a, 0x20, 0x20, 0x20, 0x20, 0x20,
  0x20, 0x20, 0x20, 0x2e, 0x69, 0x6e, 0x73, 0x74, 0x61, 0x6e, 0x63, 0x65,
  0x2d, 0x63, 0x61, 0x72, 0x64, 0x20, 0x73, 0x65, 0x6c, 0x65, 0x63, 0x74,
  0x20, 0x7b, 0x0a, 0x20, 0x20, 0x20, 0x20, 0x20, 0x20, 0x20, 0x20, 0x20,
  0x20, 0x20, 0x20, 0x77, 0x69, 0x64, 0x74, 0x68, 0x3a, 0x20, 0x31, 0x30,
  0x30, 0x25, 0x3b, 0x0a, 0x20, 0x20, 0x20, 0x20, 0x20, 0x20, 0x20, 0x20,
  0x20, 0x20, 0x20, 0x20, 0x70, 0x61, 0x64, 0x64, 0x69, 0x6e, 0x67, 0x3a,
  0x20, 0x36, 0x70, 0x78, 0x20, 0x38, 0x70, 0x78, 0x3b, 0x0a, 0x20, 0x20,
  0x20, 0x20, 0x20, 0x20, 0x20, 0x20, 0x20, 0x20, 0x20, 0x20, 0x62, 0x6f,
  0x72, 0x64, 0x65, 0x72, 0x2d, 0x72, 0x61, 0x64, 0x69, 0x75, 0x73, 0x3a,
  0x20, 0x34, 0x70, 0x78, 0x3b, 0x0a, 0x20, 0x20, 0x20, 0x20, 0x20, 0x20,
  0x20, 0x20, 0x20, 0x20, 0x20, 0x20, 0x62, 0x6f, 0x72, 0x64, 0x65, 0x72,
  0x3a, 0x20, 0x31, 0x70, 0x78, 0x20, 0x73, 0x6f, 0x6c, 0x69, 0x64, 0x20,
  0x23, 0x35, 0x35, 0x35, 0x3b, 0x0a, 0x20, 0x20, 0x20, 0x20, 0x20, 0x20,
  0x20, 0x20, 0x20, 0x20, 0x20, 0x20, 0x62, 0x61, 0x63, 0x6b, 0x67, 0x72,
  0x6f, 0x75, 0x6e, 0x64, 0x3a, 0x20, 0x23, 0x31, 0x61, 0x31, 0x61, 0x32,
  0x65, 0x3b, 0x0a, 0x20, 0x20, 0x20, 0x20, 0x20, 0x20, 0x20, 0x20, 0x20,
  0x20, 0x20, 0x20, 0x63, 0x6f, 0x6c, 0x6f, 0x72, 0x3a, 0x20, 0x23, 0x66,
  0x66, 0x66, 0x3b, 0x0a, 0x20, 0x20, 0x20, 0x20, 0x20, 0x20, 0x20, 0x20,
  0x20, 0x20, 0x20, 0x20, 0x66, 0x6f, 0x6e, 0x74, 0x2d, 0x73, 0x69, 0x7a,
  0x65, 0x3a, 0x20, 0x31, 0x34, 0x70, 0x78, 0x3b, 0x0a, 0x20, 0x20, 0x20,
  0x20, 0x20, 0x20, 0x20, 0x20, 0x7d, 0x0a, 0x20, 0x20, 0x20, 0x20, 0x20,
  0x20, 0x20, 0x20, 0x2e, 0x69, 0x6e, 0x73, 0x74, 0x61, 0x6e, 0x63, 0x65,
  0x2d, 0x63, 0x61, 0x72, 0x64, 0x20, 0x6c, 0x61, 0x62, 0x65, 0x6c, 0x20,
  0x7b, 0x0a, 0x20, 0x20, 0x20, 0x20, 0x20, 0x20, 0x20, 0x20, 0x20, 0x20,
  0x20, 0x20, 0x64, 0x69, 0x73, 0x70, 0x6c, 0x61, 0x79, 0x3a, 0x20, 0x62,
  0x6c, 0x6f, 0x63, 0x6b, 0x3b, 0x0a, 0x20, 0x20, 0x20, 0x20, 0x20, 0x20,
  0x20, 0x20, 0x20, 0x20, 0x20, 0x20, 0x66, 0x6f, 0x6e, 0x74, 0x2d, 0x73,
  0x69, 0x7a, 0x65, 0x3a, 0x20, 0x30, 0x2e, 0x38, 0x35, 0x65, 0x6d, 0x3b,
  0x0a, 0x20, 0x20, 0x20, 0x20, 0x20, 0x20, 0x20, 0x20, 0x20, 0x20, 0x20,
  0x20, 0x63, 0x6f, 0x6c, 0x6f, 0x72, 0x3a, 0x20, 0x23, 0x61, 0x61, 0x61,
  0x3b, 0x0a, 0x20, 0x20, 0x20, 0x20, 0x20, 0x20, 0x20, 0x20, 0x20, 0x20,
  0x20, 0x20, 0x6d, 0x61, 0x72, 0x67, 0x69, 0x6e, 0x2d, 0x62, 0x6f, 0x74,
  0x74, 0x6f, 0x6d, 0x3a, 0x20, 0x32, 0x70, 0x78, 0x3b, 0x0a, 0x20, 0x20,
  0x20, 0x20, 0x20, 0x20, 0x20, 0x20, 0x7d, 0x0a, 0x20, 0x20, 0x20, 0x20,
  0x20, 0x20, 0x20, 0x20, 0x2e, 0x62, 0x74, 0x6e, 0x20, 0x7b, 0x0a, 0x20,
  0x20, 0x20, 0x20, 0x20, 0x20, 0x20, 0x20, 0x20, 0x20, 0x20, 0x20, 0x70,
  0x61, 0x64, 0x64, 0x69, 0x6e, 0x67, 0x3a, 0x20, 0x36, 0x70, 0x78, 0x20,
  0x31, 0x34, 0x70, 0x78, 0x3b, 0x0a, 0x20, 0x20, 0x20, 0x20, 0x20, 0x20,
  0x20, 0x20, 0x20, 0x20, 0x20, 0x20, 0x62, 0x6f, 0x72, 0x64, 0x65, 0x72,
  0x3a, 0x20, 0x6e, 0x6f, 0x6e, 0x65, 0x3b, 0x0a, 0x20, 0x20, 0x20, 0x20,
  0x20, 0x20, 0x20, 0x20, 0x20, 0x20, 0x20, 0x20, 0x62, 0x6f, 0x72, 0x64,
  0x65, 0x72, 0x2d, 0x72, 0x61, 0x64, 0x69, 0x75, 0x73, 0x3a, 0x20, 0x36,
  0x70, 0x78, 0x3b, 0x0a, 0x20, 0x20, 0x20, 0x20, 0x20, 0x20, 0x20, 0x20,
  0x20, 0x20, 0x20, 0x20, 0x63, 0x75, 0x72, 0x73, 0x6f, 0x72, 0x3a, 0x20,
  0x70, 0x6f, 0x69, 0x6e, 0x74, 0x65, 0x72, 0x3b, 0x0a, 0x20, 0x20, 0x20,
  0x20, 0x20, 0x20, 0x20, 0x20, 0x20, 0x20, 0x20, 0x20, 0x66, 0x6f, 0x6e,
  0x74, 0x2d, 0x77, 0x65, 0x69, 0x67, 0x68, 0x74, 0x3a, 0x20, 0x36, 0x30,
  0x30, 0x3b, 0x0a, 0x20, 0x20, 0x20, 0x20, 0x20, 0x20, 0x20, 0x20, 0x20,
  0x20, 0x20, 0x20, 0x74, 0x72, 0x61, 0x6e, 0x73, 0x69, 0x74, 0x69, 0x6f,
  0x6e, 0x3a, 0x20, 0x30, 0x2e, 0x32, 0x73, 0x3b, 0x0a, 0x20, 0x20, 0x20,
  0x20, 0x20, 0x20, 0x20, 0x20, 0x7d, 0x0a, 0x20, 0x20, 0x20, 0x20, 0x20,
  0x20, 0x20, 0x20, 0x2e, 0x62, 0x74, 0x6e, 0x2d, 0x70, 0x72, 0x69, 0x6d,
  0x61, 0x72, 0x79, 0x20, 0x7b, 0x0a, 0x20, 0x20, 0x20, 0x20, 0x20, 0x20,
  0x20, 0x20, 0x20, 0x20, 0x20, 0x20, 0x62, 0x61, 0x63, 0x6b, 0x67, 0x72,
  0x6f, 0x75, 0x6e, 0x64, 0x3a, 0x20, 0x23, 0x30, 0x64, 0x36, 0x65, 0x66,
  0x64, 0x3b, 0x0a, 0x20, 0x20, 0x20, 0x20, 0x20, 0x20, 0x20, 0x20, 0x20,
  0x20, 0x20, 0x20, 0x63, 0x6f, 0x6c, 0x6f, 0x72, 0x3a, 0x20, 0x23, 0x66,
  0x66, 0x66, 0x3b, 0x0a, 0x20, 0x20, 0x20, 0x20, 0x20, 0x20, 0x20, 0x20,
  0x7d, 0x0a, 0x20, 0x20, 0x20, 0x20, 0x20, 0x20, 0x20, 0x20, 0x2e, 0x62,
  0x74, 0x6e, 0x2d, 0x73, 0x75, 0x63, 0x63, 0x65, 0x73, 0x73, 0x20, 0x7b,
  0x0a, 0x20, 0x20, 0x20, 0x20, 0x20, 0x20, 0x20, 0x20, 0x20, 0x20, 0x20,
  0x20, 0x62, 0x61, 0x63, 0x6b, 0x67, 0x72, 0x6f, 0x75, 0x6e, 0x64, 0x3a,
  0x20, 0x23, 0x31, 0x39, 0x38, 0x37, 0x35, 0x34, 0x3b, 0x0a, 0x20, 0x20,
  0x20, 0x20, 0x20, 0x20, 0x20, 0x20, 0x20, 0x20, 0x20, 0x20, 0x63, 0x6f,
  0x6c, 0x6f, 0x72, 0x3a, 0x20, 0x23, 0x66, 0x66, 0x66, 0x3b, 0x0a, 0x20,
  0x20, 0x20, 0x20, 0x20, 0x20, 0x20, 0x20, 0x7d, 0x0a, 0x20, 0x20, 0x20,
  0x20, 0x20, 0x20, 0x20, 0x20, 0x2e, 0x62, 0x74, 0x6e, 0x2d, 0x77, 0x61,
  0x72, 0x6e, 0x69, 0x6e, 0x67, 0x20, 0x7b, 0x0a, 0x20, 0x20, 0x20, 0x20,
  0x20, 0x20, 0x20, 0x20, 0x20, 0x20, 0x20, 0x20, 0x62, 0x61, 0x63, 0x6b,
  0x67, 0x72, 0x6f, 0x75, 0x6e, 0x64, 0x3a, 0x20, 0x23, 0x66, 0x66, 0x63,
  0x31, 0x30, 0x37, 0x3b, 0x0a, 0x20, 0x20, 0x20, 0x20, 0x20, 0x20, 0x20,
  0x20, 0x20, 0x20, 0x20, 0x20, 0x63, 0x6f, 0x6c, 0x6f, 0x72, 0x3a, 0x20,
  0x23, 0x30, 0x30, 0x30, 0x3b, 0x0a, 0x20, 0x20, 0x20, 0x20, 0x20, 0x20,
  0x20, 0x20, 0x7d, 0x0a, 0x20, 0x20, 0x20, 0x20, 0x20, 0x20, 0x20, 0x20,
  0x2e, 0x62, 0x74, 0x6e, 0x2d, 0x64, 0x61, 0x6e, 0x67, 0x65, 0x72, 0x20,
  0x7b, 0x0a, 0x20, 0x20, 0x20, 0x20, 0x20, 0x20, 0x20, 0x20, 0x20, 0x20,
  0x20, 0x20, 0x62, 0x61, 0x63, 0x6b, 0x67, 0x72, 0x6f, 0x75, 0x6e, 0x64,
  0x3a, 0x20, 0x23, 0x64, 0x63, 0x33, 0x35, 0x34, 0x35, 0x3b, 0x0a, 0x20,
  0x20, 0x20, 0x20, 0x20, 0x20, 0x20, 0x20, 0x20, 0x20, 0x20, 0x20, 0x63,
  0x6f, 0x6c, 0x6f, 0x72, 0x3a, 0x20, 0x23, 0x66, 0x66, 0x66, 0x3b, 0x0a,
  0x20, 0x20, 0x20, 0x20, 0x20, 0x20, 0x20, 0x20, 0x7d, 0x0a, 0x20, 0x20,
  0x20, 0x20, 0x20, 0x20, 0x20, 0x20, 0x2e, 0x62, 0x74, 0x6e, 0x2d, 0x73,
  0x6d, 0x20, 0x7b, 0x0a, 0x20, 0x20, 0x20, 0x20, 0x20, 0x20, 0x20, 0x20,
  0x20, 0x20, 0x20, 0x20, 0x70, 0x61, 0x64, 0x64, 0x69, 0x6e, 0x67, 0x3a,
  0x20, 0x34, 0x70, 0x78, 0x20, 0x31, 0x32, 0x70, 0x78, 0x3b, 0x0a, 0x20,
  0x20, 0x20, 0x20, 0x20, 0x20, 0x20, 0x20, 0x20, 0x20, 0x20, 0x20, 0x66,
  0x6f, 0x6e, 0x74, 0x2d, 0x73, 0x69, 0x7a, 0x65, 0x3a, 0x20, 0x30, 0x2e,
  0x38, 0x35, 0x65, 0x6d, 0x3b, 0x0a, 0x20, 0x20, 0x20, 0x20, 0x20, 0x20,
  0x20, 0x20, 0x7d, 0x0a, 0x20, 0x20, 0x20, 0x20, 0x20, 0x20, 0x20, 0x20,
  0x2e, 0x62, 0x74, 0x6e, 0x3a, 0x64, 0x69, 0x73, 0x61, 0x62, 0x6c, 0x65,
  0x64, 0x20, 0x7b, 0x0a, 0x20, 0x20, 0x20, 0x20, 0x20, 0x20, 0x20, 0x20,
  0x20, 0x20, 0x20, 0x20, 0x6f, 0x70, 0x61, 0x63, 0x69, 0x74, 0x79, 0x3a,
  0x20, 0x30, 0x2e, 0x35, 0x3b, 0x0a, 0x20, 0x20, 0x20, 0x20, 0x20, 0x20,
  0x20, 0x20, 0x20, 0x20, 0x20, 0x20, 0x63, 0x75, 0x72, 0x73, 0x6f, 0x72,
  0x3a, 0x20, 0x6e, 0x6f, 0x74, 0x2d, 0x61, 0x6c, 0x6c, 0x6f, 0x77, 0x65,
  0x64, 0x3b, 0x0a, 0x20, 0x20, 0x20, 0x20, 0x20, 0x20, 0x20, 0x20, 0x7d,
  0x0a, 0x20, 0x20, 0x20, 0x20, 0x20, 0x20, 0x20, 0x20, 0x2e, 0x61, 0x63,
  0x74, 0x69, 0x6f, 0x6e, 0x73, 0x20, 0x7b, 0x0a, 0x20, 0x20, 0x20, 0x20,
  0x20, 0x20, 0x20, 0x20, 0x20, 0x20, 0x20, 0x20, 0x6d, 0x61, 0x72, 0x67,
  0x69, 0x6e, 0x2d, 0x74, 0x6f, 0x70, 0x3a, 0x20, 0x31, 0x32, 0x70, 0x78,
  0x3b, 0x0a, 0x20, 0x20, 0x20, 0x20, 0x20, 0x20, 0x20, 0x20, 0x20, 0x20,
  0x20, 0x20, 0x64, 0x69, 0x73, 0x70, 0x6c, 0x61, 0x79, 0x3a, 0x20, 0x66,
  0x6c, 0x65, 0x78, 0x3b, 0x0a, 0x20, 0x20, 0x20, 0x20, 0x20, 0x20, 0x20,
  0x20, 0x20, 0x20, 0x20, 0x20, 0x66, 0x6c, 0x65, 0x78, 0x2d, 0x77, 0x72,
  0x61, 0x70, 0x3a, 0x20, 0x77, 0x72, 0x61, 0x70, 0x3b, 0x0a, 0x20, 0x20,
  0x20, 0x20, 0x20, 0x20, 0x20, 0x20, 0x20, 0x20, 0x20, 0x20, 0x67, 0x61,
  0x70, 0x3a, 0x20, 0x38, 0x70, 0x78, 0x3b, 0x0a, 0x20, 0x20, 0x20, 0x20,
  0x20, 0x20, 0x20, 0x20, 0x20, 0x20, 0x20, 0x20, 0x61, 0x6c, 0x69, 0x67,
  0x6e, 0x2d, 0x69, 0x74, 0x65, 0x6d, 0x73, 0x3a, 0x20, 0x63, 0x65, 0x6e,
  0x74, 0x65, 0x72, 0x3b, 0x0a, 0x20, 0x20, 0x20, 0x20, 0x20, 0x20, 0x20,
  0x20, 0x7d, 0x0a, 0x20, 0x20, 0x20, 0x20, 0x20, 0x20, 0x20, 0x20, 0x2e,
  0x73, 0x74, 0x61, 0x74, 0x75, 0x73, 0x2d, 0x6d, 0x73, 0x67, 0x20, 0x7b,
  0x0a, 0x20, 0x20, 0x20, 0x20, 0x20, 0x20, 0x20, 0x20, 0x20, 0x20, 0x20,
  0x20, 0x66, 0x6f, 0x6e, 0x74, 0x2d, 0x73, 0x69, 0x7a, 0x65, 0x3a, 0x20,
  0x30, 0x2e, 0x39, 0x65, 0x6d, 0x3b, 0x0a, 0x20, 0x20, 0x20, 0x20, 0x20,
  0x20, 0x20, 0x20, 0x20, 0x20, 0x20, 0x20, 0x6d, 0x61, 0x72, 0x67, 0x69,
  0x6e, 0x2d, 0x6c, 0x65, 0x66, 0x74, 0x3a, 0x20, 0x31, 0x32, 0x70, 0x78,
  0x3b, 0x0a, 0x20, 0x20, 0x20, 0x20, 0x20, 0x20, 0x20, 0x20, 0x7d, 0x0a,
  0x20, 0x20, 0x20, 0x20, 0x20, 0x20, 0x20, 0x20, 0x2e, 0x69, 0x6e, 0x73,
  0x74, 0x61, 0x6e, 0x63, 0x65, 0x2d, 0x63, 0x61, 0x72, 0x64, 0x20, 0x68,
  0x34, 0x20, 0x7b, 0x0a, 0x20, 0x20, 0x20, 0x20, 0x20, 0x20, 0x20, 0x20,
  0x20, 0x20, 0x20, 0x20, 0x6d, 0x61, 0x72, 0x67, 0x69, 0x6e, 0x3a, 0x20,
  0x30, 0x20, 0x30, 0x20, 0x31, 0x30, 0x70, 0x78, 0x20, 0x30, 0x3b, 0x0a,
  0x20, 0x20, 0x20, 0x20, 0x20, 0x20, 0x20, 0x20, 0x7d, 0x0a, 0x20, 0x20,
  0x20, 0x20, 0x20, 0x20, 0x20, 0x20, 0x2e, 0x69, 0x6e, 0x73, 0x74, 0x61,
  0x6e, 0x63, 0x65, 0x2d, 0x63, 0x61, 0x72, 0x64, 0x20, 0x2e, 0x73, 0x74,
  0x61, 0x74, 0x75, 0x73, 0x2d, 0x62, 0x61, 0x64, 0x67, 0x65, 0x20, 0x7b,
  0x0a, 0x20, 0x20, 0x20, 0x20, 0x20, 0x20, 0x20, 0x20, 0x20, 0x20, 0x20,
  0x20, 0x66, 0x6c, 0x6f, 0x61, 0x74, 0x3a, 0x20, 0x72, 0x69, 0x67, 0x68,
  0x74, 0x3b, 0x0a, 0x20, 0x20, 0x20, 0x20, 0x20, 0x20, 0x20, 0x20, 0x20,
  0x20, 0x20, 0x20, 0x66, 0x6f, 0x6e, 0x74, 0x2d, 0x77, 0x65, 0x69, 0x67,
  0x68, 0x74, 0x3a, 0x20, 0x6e, 0x6f, 0x72, 0x6d, 0x61, 0x6c, 0x3b, 0x0a,
  0x20, 0x20, 0x20, 0x20, 0x20, 0x20, 0x20, 0x20, 0x20, 0x20, 0x20, 0x20,
  0x66, 0x6f, 0x6e, 0x74, 0x2d, 0x73, 0x69, 0x7a, 0x65, 0x3a, 0x20, 0x30,
  0x2e, 0x39, 0x65, 0x6d, 0x3b, 0x0a, 0x20, 0x20, 0x20, 0x20, 0x20, 0x20,
  0x20, 0x20, 0x7d, 0x0a, 0x20, 0x20, 0x20, 0x20, 0x20, 0x20, 0x20, 0x20,
  0x2e, 0x69, 0x6e, 0x73, 0x74, 0x61, 0x6e, 0x63, 0x65, 0x2d, 0x63, 0x61,
  0x72, 0x64, 0x20, 0x2e, 0x73, 0x65, 0x63, 0x74, 0x69, 0x6f, 0x6e, 0x2d,
  0x6c, 0x61, 0x62, 0x65, 0x6c, 0x20, 0x7b, 0x0a, 0x20, 0x20, 0x20, 0x20,
  0x20, 0x20, 0x20, 0x20, 0x20, 0x20, 0x20, 0x20, 0x63, 0x6f, 0x6c, 0x6f,
  0x72, 0x3a, 0x20, 0x23, 0x66, 0x66, 0x63, 0x31, 0x30, 0x37, 0x3b, 0x0a,
  0x20, 0x20, 0x20, 0x20, 0x20, 0x20, 0x20, 0x20, 0x20, 0x20, 0x20, 0x20,
  0x66, 0x6f, 0x6e, 0x74, 0x2d, 0x73, 0x69, 0x7a, 0x65, 0x3a, 0x20, 0x30,
  0x2e, 0x38, 0x65, 0x6d, 0x3b, 0x0a, 0x20, 0x20, 0x20, 0x20, 0x20, 0x20,
  0x20, 0x20, 0x20, 0x20, 0x20, 0x20, 0x6d, 0x61, 0x72, 0x67, 0x69, 0x6e,
  0x2d, 0x74, 0x6f, 0x70, 0x3a, 0x20, 0x34, 0x70, 0x78, 0x3b, 0x0a, 0x20,
  0x20, 0x20, 0x20, 0x20, 0x20, 0x20, 0x20, 0x20, 0x20, 0x20, 0x20, 0x67,
  0x72, 0x69, 0x64, 0x2d, 0x63, 0x6f, 0x6c, 0x75, 0x6d, 0x6e, 0x3a, 0x20,
  0x31, 0x20, 0x2f, 0x20, 0x2d, 0x31, 0x3b, 0x0a, 0x20, 0x20, 0x20, 0x20,
  0x20, 0x20, 0x20, 0x20, 0x7d, 0x0a, 0x20, 0x20, 0x20, 0x20, 0x20, 0x20,
  0x20, 0x20, 0x40, 0x6d, 0x65, 0x64, 0x69, 0x61, 0x20, 0x28, 0x6d, 0x61,
  0x78, 0x2d, 0x77, 0x69, 0x64, 0x74, 0x68, 0x3a, 0x20, 0x36, 0x30, 0x30,
  0x70, 0x78, 0x29, 0x20, 0x7b, 0x0a, 0x20, 0x20, 0x20, 0x20, 0x20, 0x20,
  0x20, 0x20, 0x20, 0x20, 0x20, 0x20, 0x2e, 0x69, 0x6e, 0x73, 0x74, 0x61,
  0x6e, 0x63, 0x65, 0x2d, 0x63, 0x61, 0x72, 0x64, 0x20, 0x2e, 0x72, 0x6f,
  0x77, 0x2c, 0x0a, 0x20, 0x20, 0x20, 0x20, 0x20, 0x20, 0x20, 0x20, 0x20,
  0x20, 0x20, 0x20, 0x2e, 0x69, 0x6e, 0x73, 0x74, 0x61, 0x6e, 0x63, 0x65,
  0x2d, 0x63, 0x61, 0x72, 0x64, 0x20, 0x2e, 0x67, 0x62, 0x34, 0x32, 0x35,
  0x39, 0x30, 0x2d, 0x66, 0x69, 0x65, 0x6c, 0x64, 0x73, 0x2c, 0x0a, 0x20,
  0x20, 0x20, 0x20, 0x20, 0x20, 0x20, 0x20, 0x20, 0x20, 0x20, 0x20, 0x2e,
  0x69, 0x6e, 0x73, 0x74, 0x61, 0x6e, 0x63, 0x65, 0x2d, 0x63, 0x61, 0x72,
  0x64, 0x20, 0x2e, 0x67, 0x62, 0x34, 0x36, 0x37, 0x35, 0x30, 0x2d, 0x66,
  0x69, 0x65, 0x6c, 0x64, 0x73, 0x20, 0x7b, 0x0a, 0x20, 0x20, 0x20, 0x20,
  0x20, 0x20, 0x20, 0x20, 0x20, 0x20, 0x20, 0x20, 0x20, 0x20, 0x20, 0x20,
  0x67, 0x72, 0x69, 0x64, 0x2d, 0x74, 0x65, 0x6d, 0x70, 0x6c, 0x61, 0x74,
  0x65, 0x2d, 0x63, 0x6f, 0x6c, 0x75, 0x6d, 0x6e, 0x73, 0x3a, 0x20, 0x31,
  0x66, 0x72, 0x3b, 0x0a, 0x20, 0x20, 0x20, 0x20, 0x20, 0x20, 0x20, 0x20,
  0x20, 0x20, 0x20, 0x20, 0x7d, 0x0a, 0x20, 0x20, 0x20, 0x20, 0x20, 0x20,
  0x20, 0x20, 0x7d, 0x0a, 0x20, 0x20, 0x20, 0x20, 0x3c, 0x2f, 0x73, 0x74,
  0x79, 0x6c, 0x65, 0x3e, 0x0a, 0x3c, 0x2f, 0x68, 0x65, 0x61, 0x64, 0x3e,
  0x0a, 0x3c, 0x62, 0x6f, 0x64, 0x79, 0x3e, 0x0a, 0x20, 0x20, 0x20, 0x20,
  0x3c, 0x64, 0x69, 0x76, 0x20, 0x63, 0x6c, 0x61, 0x73, 0x73, 0x3d, 0x22,
  0x63, 0x6f, 0x6e, 0x74, 0x61, 0x69, 0x6e, 0x65, 0x72, 0x22, 0x3e, 0x0a,
  0x20, 0x20, 0x20, 0x20, 0x20, 0x20, 0x20, 0x20, 0x3c, 0x68, 0x31, 0x3e,
  0xe2, 0x9a, 0x99, 0xef, 0xb8, 0x8f, 0x20, 0xe6, 0x97, 0xa0, 0xe4, 0xba,
  0xba, 0xe6, 0x9c, 0xba, 0xe5, 0xae, 0x9e, 0xe4, 0xbe, 0x8b, 0xe9, 0x85,
  0x8d, 0xe7, 0xbd, 0xae, 0x3c, 0x2f, 0x68, 0x31, 0x3e, 0x0a, 0x20, 0x20,
  0x20, 0x20, 0x20, 0x20, 0x20, 0x20, 0x3c, 0x64, 0x69, 0x76, 0x20, 0x63,
  0x6c, 0x61, 0x73, 0x73, 0x3d, 0x22, 0x6e, 0x61, 0x76, 0x2d, 0x6c, 0x69,
  0x6e, 0x6b, 0x73, 0x22, 0x3e, 0x0a, 0x20, 0x20, 0x20, 0x20, 0x20, 0x20,
  0x20, 0x20, 0x20, 0x20, 0x20, 0x20, 0x3c, 0x61, 0x20, 0x68, 0x72, 0x65,
  0x66, 0x3d, 0x22, 0x2f, 0x22, 0x3e, 0xf0, 0x9f, 0x93, 0x8a, 0x20, 0xe7,
  0x8a, 0xb6, 0xe6, 0x80, 0x81, 0x3c, 0x2f, 0x61, 0x3e, 0x0a, 0x20, 0x20,
  0x20, 0x20, 0x20, 0x20, 0x20, 0x20, 0x20, 0x20, 0x20, 0x20, 0x3c, 0x61,
  0x20, 0x68, 0x72, 0x65, 0x66, 0x3d, 0x22, 0x2f, 0x63, 0x6f, 0x6e, 0x66,
  0x69, 0x67, 0x2e, 0x68, 0x74, 0x6d, 0x6c, 0x22, 0x3e, 0xe2, 0x9a, 0x99,
  0xef, 0xb8, 0x8f, 0x20, 0xe9, 0x85, 0x8d, 0xe7, 0xbd, 0xae, 0x3c, 0x2f,
  0x61, 0x3e, 0x0a, 0x20, 0x20, 0x20, 0x20, 0x20, 0x20, 0x20, 0x20, 0x20,
  0x20, 0x20, 0x20, 0x3c, 0x61, 0x20, 0x68, 0x72, 0x65, 0x66, 0x3d, 0x22,
  0x2f, 0x6f, 0x74, 0x61, 0x2e, 0x68, 0x74, 0x6d, 0x6c, 0x22, 0x3e, 0xf0,
  0x9f, 0x93, 0xa6, 0x20, 0x4f, 0x54, 0x41, 0x3c, 0x2f, 0x61, 0x3e, 0x0a,
  0x20, 0x20, 0x20, 0x20, 0x20, 0x20, 0x20, 0x20, 0x3c, 0x2f, 0x64, 0x69,
  0x76, 0x3e, 0x0a, 0x0a, 0x20, 0x20, 0x20, 0x20, 0x20, 0x20, 0x20, 0x20,
  0x3c, 0x64, 0x69, 0x76, 0x20, 0x63, 0x6c, 0x61, 0x73, 0x73, 0x3d, 0x22,
  0x63, 0x61, 0x72, 0x64, 0x22, 0x3e, 0x0a, 0x20, 0x20, 0x20, 0x20, 0x20,
  0x20, 0x20, 0x20, 0x20, 0x20, 0x20, 0x20, 0x3c, 0x68, 0x33, 0x3e, 0xf0,
  0x9f, 0x9b, 0xb8, 0x20, 0xe5, 0xae, 0x9e, 0xe4, 0xbe, 0x8b, 0xe5, 0x88,
  0x97, 0xe8, 0xa1, 0xa8, 0x20, 0x3c, 0x62, 0x75, 0x74, 0x74, 0x6f, 0x6e,
  0x20, 0x69, 0x64, 0x3d, 0x22, 0x61, 0x64, 0x64, 0x49, 0x6e, 0x73, 0x74,
  0x61, 0x6e, 0x63, 0x65, 0x22, 0x20, 0x63, 0x6c, 0x61, 0x73, 0x73, 0x3d,
  0x22, 0x62, 0x74, 0x6e, 0x20, 0x62, 0x74, 0x6e, 0x2d, 0x73, 0x75, 0x63,
  0x63, 0x65, 0x73, 0x73, 0x20, 0x62, 0x74, 0x6e, 0x2d, 0x73, 0x6d, 0x22,
  0x20, 0x73, 0x74, 0x79, 0x6c, 0x65, 0x3d, 0x22, 0x66, 0x6c, 0x6f, 0x61,
  0x74, 0x3a, 0x72, 0x69, 0x67, 0x68, 0x74, 0x22, 0x3e, 0x2b, 0x20, 0xe6,
  0xb7, 0xbb, 0xe5, 0x8a, 0xa0, 0xe5, 0xae, 0x9e, 0xe4, 0xbe, 0x8b, 0x3c,
  0x2f, 0x62, 0x75, 0x74, 0x74, 0x6f, 0x6e, 0x3e, 0x3c, 0x2f, 0x68, 0x33,
  0x3e, 0x0a, 0x20, 0x20, 0x20, 0x20, 0x20, 0x20, 0x20, 0x20, 0x20, 0x20,
  0x20, 0x20, 0x3c, 0x64, 0x69, 0x76, 0x20, 0x69, 0x64, 0x3d, 0x22, 0x69,
  0x6e, 0x73, 0x74, 0x61, 0x6e, 0x63, 0x65, 0x73, 0x43, 0x6f, 0x6e, 0x74,
  0x61, 0x69, 0x6e, 0x65, 0x72, 0x22, 0x3e, 0x3c, 0x2f, 0x64, 0x69, 0x76,
  0x3e, 0x0a, 0x20, 0x20, 0x20, 0x20, 0x20, 0x20, 0x20, 0x20, 0x3c, 0x2f,
  0x64, 0x69, 0x76, 0x3e, 0x0a, 0x20, 0x20, 0x20, 0x20, 0x3c, 0x2f, 0x64,
  0x69, 0x76, 0x3e, 0x0a, 0x0a, 0x20, 0x20, 0x20, 0x20, 0x3c, 0x73, 0x63,
  0x72, 0x69, 0x70, 0x74, 0x3e, 0x0a, 0x20, 0x20, 0x20, 0x20, 0x20, 0x20,
  0x20, 0x20, 0x2f, 0x2f, 0x20, 0x3d, 0x3d, 0x3d, 0x3d, 0x3d, 0x3d, 0x3d,
  0x3d, 0x3d, 0x3d, 0x3d, 0x3d, 0x3d, 0x3d, 0x3d, 0x3d, 0x3d, 0x3d, 0x3d,
  0x3d, 0x20, 0xe5, 0xb7, 0xa5, 0xe5, 0x85, 0xb7, 0xe5, 0x87, 0xbd, 0xe6,
  0x95, 0xb0, 0x20, 0x3d, 0x3d, 0x3d, 0x3d, 0x3d, 0x3d, 0x3d, 0x3d, 0x3d,
  0x3d, 0x3d, 0x3d, 0x3d, 0x3d, 0x3d, 0x3d, 0x3d, 0x3d, 0x3d, 0x3d, 0x0a,
  0x20, 0x20, 0x20, 0x20, 0x20, 0x20, 0x20, 0x20, 0x63, 0x6f, 0x6e, 0x73,
  0x74, 0x20, 0x61, 0x70, 0x69, 0x20, 0x3d, 0x20, 0x61, 0x73, 0x79, 0x6e,
  0x63, 0x20, 0x28, 0x6d, 0x65, 0x74, 0x68, 0x6f, 0x64, 0x2c, 0x20, 0x70,
  0x61, 0x74, 0x68, 0x2c, 0x20, 0x62, 0x6f, 0x64, 0x79, 0x29, 0x20, 0x3d,
  0x3e, 0x20, 0x7b, 0x0a, 0x20, 0x20, 0x20, 0x20, 0x20, 0x20, 0x20, 0x20,
  0x20, 0x20, 0x20, 0x20, 0x63, 0x6f, 0x6e, 0x73, 0x74, 0x20, 0x72, 0x65,
  0x73, 0x20, 0x3d, 0x20, 0x61, 0x77, 0x61, 0x69, 0x74, 0x20, 0x66, 0x65,
  0x74, 0x63, 0x68, 0x28, 0x70, 0x61, 0x74, 0x68, 0x2c, 0x20, 0x7b, 0x0a,
  0x20, 0x20, 0x20, 0x20, 0x20, 0x20, 0x20, 0x20, 0x20, 0x20, 0x20, 0x20,
  0x20, 0x20, 0x20, 0x20, 0x6d, 0x65, 0x74, 0x68, 0x6f, 0x64, 0x2c, 0x0a,
  0x20, 0x20, 0x20, 0x20, 0x20, 0x20, 0x20, 0x20, 0x20, 0x20, 0x20, 0x20,
  0x20, 0x20, 0x20, 0x20, 0x68, 0x65, 0x61, 0x64, 0x65, 0x72, 0x73, 0x3a,
  0x20, 0x62, 0x6f, 0x64, 0x79, 0x20, 0x3f, 0x20, 0x7b, 0x20, 0x27, 0x43,
  0x6f, 0x6e, 0x74, 0x65, 0x6e, 0x74, 0x2d, 0x54, 0x79, 0x70, 0x65, 0x27,
  0x3a, 0x20, 0x27, 0x61, 0x70, 0x70, 0x6c, 0x69, 0x63, 0x61, 0x74, 0x69,
  0x6f, 0x6e, 0x2f, 0x6a, 0x73, 0x6f, 0x6e, 0x27, 0x20, 0x7d, 0x20, 0x3a,
  0x20, 0x7b, 0x7d, 0x2c, 0x0a, 0x20, 0x20, 0x20, 0x20, 0x20, 0x20, 0x20,
  0x20, 0x20, 0x20, 0x20, 0x20, 0x20, 0x20, 0x20, 0x20, 0x62, 0x6f, 0x64,
  0x79, 0x3a, 0x20, 0x62, 0x6f, 0x64, 0x79, 0x20, 0x3f, 0x20, 0x4a, 0x53,
  0x4f, 0x4e, 0x2e, 0x73, 0x74, 0x72, 0x69, 0x6e, 0x67, 0x69, 0x66, 0x79,
  0x28, 0x62, 0x6f, 0x64, 0x79, 0x29, 0x20, 0x3a, 0x20, 0x75, 0x6e, 0x64,
  0x65, 0x66, 0x69, 0x6e, 0x65, 0x64, 0x0a, 0x20, 0x20, 0x20, 0x20, 0x20,
  0x20, 0x20, 0x20, 0x20, 0x20, 0x20, 0x20, 0x7d, 0x29, 0x3b, 0x0a, 0x20,
  0x20, 0x20, 0x20, 0x20, 0x20, 0x20, 0x20, 0x20, 0x20, 0x20, 0x20, 0x69,
  0x66, 0x20, 0x28, 0x21, 0x72, 0x65, 0x73, 0x2e, 0x6f, 0x6b, 0x29, 0x20,
  0x7b, 0x0a, 0x20, 0x20, 0x20, 0x20, 0x20, 0x20, 0x20, 0x20, 0x20, 0x20,
  0x20, 0x20, 0x20, 0x20, 0x20, 0x20, 0x63, 0x6f, 0x6e, 0x73, 0x74, 0x20,
  0x74, 0x65, 0x78, 0x74, 0x20, 0x3d, 0x20, 0x61, 0x77, 0x61, 0x69, 0x74,
  0x20, 0x72, 0x65, 0x73, 0x2e, 0x74, 0x65, 0x78, 0x74, 0x28, 0x29, 0x3b,
  0x0a, 0x20, 0x20, 0x20, 0x20, 0x20, 0x20, 0x20, 0x20, 0x20, 0x20, 0x20,
  0x20, 0x20, 0x20, 0x20, 0x20, 0x74, 0x68, 0x72, 0x6f, 0x77, 0x20, 0x6e,
  0x65, 0x77, 0x20, 0x45, 0x72, 0x72, 0x6f, 0x72, 0x28, 0x74, 0x65, 0x78,
  0x74, 0x20, 0x7c, 0x7c, 0x20, 0x60, 0x48, 0x54, 0x54, 0x50, 0x20, 0x24,
  0x7b, 0x72, 0x65, 0x73, 0x2e, 0x73, 0x74, 0x61, 0x74, 0x75, 0x73, 0x7d,
  0x60, 0x29, 0x3b, 0x0a, 0x20, 0x20, 0x20, 0x20, 0x20, 0x20, 0x20, 0x20,
  0x20, 0x20, 0x20, 0x20, 0x7d, 0x0a, 0x20, 0x20, 0x20, 0x20, 0x20, 0x20,
  0x20, 0x20, 0x20, 0x20, 0x20, 0x20, 0x63, 0x6f, 0x6e, 0x73, 0x74, 0x20,
  0x63, 0x6f, 0x6e, 0x74, 0x65, 0x6e, 0x74, 0x54, 0x79, 0x70, 0x65, 0x20,
  0x3d, 0x20, 0x72, 0x65, 0x73, 0x2e, 0x68, 0x65, 0x61, 0x64, 0x65, 0x72,
  0x73, 0x2e, 0x67, 0x65, 0x74, 0x28, 0x27, 0x63, 0x6f, 0x6e, 0x74, 0x65,
  0x6e, 0x74, 0x2d, 0x74, 0x79, 0x70, 0x65, 0x27, 0x29, 0x3b, 0x0a, 0x20,
  0x20, 0x20, 0x20, 0x20, 0x20, 0x20, 0x20, 0x20, 0x20, 0x20, 0x20, 0x69,
  0x66, 0x20, 0x28, 0x63, 0x6f, 0x6e, 0x74, 0x65, 0x6e, 0x74, 0x54, 0x79,
  0x70, 0x65, 0x20, 0x26, 0x26, 0x20, 0x63, 0x6f, 0x6e, 0x74, 0x65, 0x6e,
  0x74, 0x54, 0x79, 0x70, 0x65, 0x2e, 0x69, 0x6e, 0x63, 0x6c, 0x75, 0x64,
  0x65, 0x73, 0x28, 0x27, 0x61, 0x70, 0x70, 0x6c, 0x69, 0x63, 0x61, 0x74,
  0x69, 0x6f, 0x6e, 0x2f, 0x6a, 0x73, 0x6f, 0x6e, 0x27, 0x29, 0x29, 0x20,
  0x7b, 0x0a, 0x20, 0x20, 0x20, 0x20, 0x20, 0x20, 0x20, 0x20, 0x20, 0x20,
  0x20, 0x20, 0x20, 0x20, 0x20, 0x20, 0x72, 0x65, 0x74, 0x75, 0x72, 0x6e,
  0x20, 0x61, 0x77, 0x61, 0x69, 0x74, 0x20, 0x72, 0x65, 0x73, 0x2e, 0x6a,
  0x73, 0x6f, 0x6e, 0x28, 0x29, 0x3b, 0x0a, 0x20, 0x20, 0x20, 0x20, 0x20,
  0x20, 0x20, 0x20, 0x20, 0x20, 0x20, 0x20, 0x7d, 0x0a, 0x20, 0x20, 0x20,
  0x20, 0x20, 0x20, 0x20, 0x20, 0x20, 0x20, 0x20, 0x20, 0x72, 0x65, 0x74,
  0x75, 0x72, 0x6e, 0x20, 0x61, 0x77, 0x61, 0x69, 0x74, 0x20, 0x72, 0x65,
  0x73, 0x2e, 0x74, 0x65, 0x78, 0x74, 0x28, 0x29, 0x3b, 0x0a, 0x20, 0x20,
  0x20, 0x20, 0x20, 0x20, 0x20, 0x20, 0x7d, 0x3b, 0x0a, 0x0a, 0x20, 0x20,
  0x20, 0x20, 0x20, 0x20, 0x20, 0x20, 0x2f, 0x2f, 0x20, 0x3d, 0x3d, 0x3d,
  0x3d, 0x3d, 0x3d, 0x3d, 0x3d, 0x3d, 0x3d, 0x3d, 0x3d, 0x3d, 0x3d, 0x3d,
  0x3d, 0x3d, 0x3d, 0x3d, 0x3d, 0x20, 0xe5, 0x8a, 0xa0, 0xe8, 0xbd, 0xbd,
  0xe5, 0xae, 0x9e, 0xe4, 0xbe, 0x8b, 0xe5, 0x88, 0x97, 0xe8, 0xa1, 0xa8,
  0x20, 0x3d, 0x3d, 0x3d, 0x3d, 0x3d, 0x3d, 0x3d, 0x3d, 0x3d, 0x3d, 0x3d,
  0x3d, 0x3d, 0x3d, 0x3d, 0x3d, 0x3d, 0x3d, 0x3d, 0x3d, 0x0a, 0x20, 0x20,
  0x20, 0x20, 0x20, 0x20, 0x20, 0x20, 0x61, 0x73, 0x79, 0x6e, 0x63, 0x20,
  0x66, 0x75, 0x6e, 0x63, 0x74, 0x69, 0x6f, 0x6e, 0x20, 0x6c, 0x6f, 0x61,
  0x64, 0x49, 0x6e, 0x73, 0x74, 0x61, 0x6e, 0x63, 0x65, 0x73, 0x28, 0x29,
  0x20, 0x7b, 0x0a, 0x20, 0x20, 0x20, 0x20, 0x20, 0x20, 0x20, 0x20, 0x20,
  0x20, 0x20, 0x20, 0x74, 0x72, 0x79, 0x20, 0x7b, 0x0a, 0x20, 0x20, 0x20,
  0x20, 0x20, 0x20, 0x20, 0x20, 0x20, 0x20, 0x20, 0x20, 0x20, 0x20, 0x20,
  0x20, 0x63, 0x6f, 0x6e, 0x73, 0x74, 0x20, 0x64, 0x61, 0x74, 0x61, 0x20,
  0x3d, 0x20, 0x61, 0x77, 0x61, 0x69, 0x74, 0x20, 0x61, 0x70, 0x69, 0x28,
  0x27, 0x47, 0x45, 0x54, 0x27, 0x2c, 0x20, 0x27, 0x2f, 0x61, 0x70, 0x69,
  0x2f, 0x69, 0x6e, 0x73, 0x74, 0x61, 0x6e, 0x63, 0x65, 0x73, 0x27, 0x29,
  0x3b, 0x0a, 0x20, 0x20, 0x20, 0x20, 0x20, 0x20, 0x20, 0x20, 0x20, 0x20,
  0x20, 0x20, 0x20, 0x20, 0x20, 0x20, 0x63, 0x6f, 0x6e, 0x73, 0x74, 0x20,
  0x63, 0x6f, 0x6e, 0x74, 0x61, 0x69, 0x6e, 0x65, 0x72, 0x20, 0x3d, 0x20,
  0x64, 0x6f, 0x63, 0x75, 0x6d, 0x65, 0x6e, 0x74, 0x2e, 0x67, 0x65, 0x74,
  0x45, 0x6c, 0x65, 0x6d, 0x65, 0x6e, 0x74, 0x42, 0x79, 0x49, 0x64, 0x28,
  0x27, 0x69, 0x6e, 0x73, 0x74, 0x61, 0x6e, 0x63, 0x65, 0x73, 0x43, 0x6f,
  0x6e, 0x74, 0x61, 0x69, 0x6e, 0x65, 0x72, 0x27, 0x29, 0x3b, 0x0a, 0x20,
  0x20, 0x20, 0x20, 0x20, 0x20, 0x20, 0x20, 0x20, 0x20, 0x20, 0x20, 0x20,
  0x20, 0x20, 0x20, 0x69, 0x66, 0x20, 0x28, 0x21, 0x64, 0x61, 0x74, 0x61,
  0x2e, 0x6c, 0x65, 0x6e, 0x67, 0x74, 0x68, 0x29, 0x20, 0x7b, 0x0a, 0x20,
  0x20, 0x20, 0x20, 0x20, 0x20, 0x20, 0x20, 0x20, 0x20, 0x20, 0x20, 0x20,
  0x20, 0x20, 0x20, 0x20, 0x20, 0x20, 0x20, 0x63, 0x6f, 0x6e, 0x74, 0x61,
  0x69, 0x6e, 0x65, 0x72, 0x2e, 0x69, 0x6e, 0x6e, 0x65, 0x72, 0x48, 0x54,
  0x4d, 0x4c, 0x20, 0x3d, 0x20, 0x27, 0x3c, 0x70, 0x20, 0x73, 0x74, 0x79,
  0x6c, 0x65, 0x3d, 0x22, 0x63, 0x6f, 0x6c, 0x6f, 0x72, 0x3a, 0x23, 0x38,
  0x38, 0x38, 0x22, 0x3e, 0xe6, 0x9a, 0x82, 0xe6, 0x97, 0xa0, 0xe5, 0xae,
  0x9e, 0xe4, 0xbe, 0x8b, 0xef, 0xbc, 0x8c, 0xe7, 0x82, 0xb9, 0xe5, 0x87,
  0xbb, 0x20, 0xe2, 0x80, 0x9c, 0xe6, 0xb7, 0xbb, 0xe5, 0x8a, 0xa0, 0xe5,
  0xae, 0x9e, 0xe4, 0xbe, 0x8b, 0xe2, 0x80, 0x9d, 0x20, 0xe5, 0x88, 0x9b,
  0xe5, 0xbb, 0xba, 0x3c, 0x2f, 0x70, 0x3e, 0x27, 0x3b, 0x0a, 0x20, 0x20,
  0x20, 0x20, 0x20, 0x20, 0x20, 0x20, 0x20, 0x20, 0x20, 0x20, 0x20, 0x20,
  0x20, 0x20, 0x20, 0x20, 0x20, 0x20, 0x72, 0x65, 0x74, 0x75, 0x72, 0x6e,
  0x3b, 0x0a, 0x20, 0x20, 0x20, 0x20, 0x20, 0x20, 0x20, 0x20, 0x20, 0x20,
  0x20, 0x20, 0x20, 0x20, 0x20, 0x20, 0x7d, 0x0a, 0x0a, 0x20, 0x20, 0x20,
  0x20, 0x20, 0x20, 0x20, 0x20, 0x20, 0x20, 0x20, 0x20, 0x20, 0x20, 0x20,
  0x20, 0x63, 0x6f, 0x6e, 0x74, 0x61, 0x69, 0x6e, 0x65, 0x72, 0x2e, 0x69,
  0x6e, 0x6e, 0x65, 0x72, 0x48, 0x54, 0x4d, 0x4c, 0x20, 0x3d, 0x20, 0x64,
  0x61, 0x74, 0x61, 0x2e, 0x6d, 0x61, 0x70, 0x28, 0x69, 0x6e, 0x73, 0x74,
  0x20, 0x3d, 0x3e, 0x20, 0x7b, 0x0a, 0x20, 0x20, 0x20, 0x20, 0x20, 0x20,
  0x20, 0x20, 0x20, 0x20, 0x20, 0x20, 0x20, 0x20, 0x20, 0x20, 0x20, 0x20,
  0x20, 0x20, 0x63, 0x6f, 0x6e, 0x73, 0x74, 0x20, 0x61, 0x63, 0x74, 0x69,
  0x76, 0x65, 0x20, 0x3d, 0x20, 0x69, 0x6e, 0x73, 0x74, 0x2e, 0x61, 0x63,
  0x74, 0x69, 0x76, 0x65, 0x3b, 0x0a, 0x20, 0x20, 0x20, 0x20, 0x20, 0x20,
  0x20, 0x20, 0x20, 0x20, 0x20, 0x20, 0x20, 0x20, 0x20, 0x20, 0x20, 0x20,
  0x20, 0x20, 0x63, 0x6f, 0x6e, 0x73, 0x74, 0x20, 0x69, 0x73, 0x47, 0x62,
  0x34, 0x32, 0x35, 0x39, 0x30, 0x20, 0x3d, 0x20, 0x28, 0x69, 0x6e, 0x73,
  0x74, 0x2e, 0x73, 0x74, 0x61, 0x6e, 0x64, 0x61, 0x72, 0x64, 0x20, 0x3d,
  0x3d, 0x3d, 0x20, 0x31, 0x29, 0x3b, 0x0a, 0x20, 0x20, 0x20, 0x20, 0x20,
  0x20, 0x20, 0x20, 0x20, 0x20, 0x20, 0x20, 0x20, 0x20, 0x20, 0x20, 0x20,
  0x20, 0x20, 0x20, 0x63, 0x6f, 0x6e, 0x73, 0x74, 0x20, 0x69, 0x73, 0x41,
  0x73, 0x74, 0x6d, 0x20, 0x3d, 0x20, 0x28, 0x69, 0x6e, 0x73, 0x74, 0x2e,
  0x73, 0x74, 0x61, 0x6e, 0x64, 0x61, 0x72, 0x64, 0x20, 0x3d, 0x3d, 0x3d,
  0x20, 0x32, 0x29, 0x3b, 0x0a, 0x20, 0x20, 0x20, 0x20, 0x20, 0x20, 0x20,
  0x20, 0x20, 0x20, 0x20, 0x20, 0x20, 0x20, 0x20, 0x20, 0x20, 0x20, 0x20,
  0x20, 0x63, 0x6f, 0x6e, 0x73, 0x74, 0x20, 0x69, 0x73, 0x47, 0x62, 0x34,
  0x36, 0x37, 0x35, 0x30, 0x20, 0x3d, 0x20, 0x28, 0x69, 0x6e, 0x73, 0x74,
  0x2e, 0x73, 0x74, 0x61, 0x6e, 0x64, 0x61, 0x72, 0x64, 0x20, 0x3d, 0x3d,
  0x3d, 0x20, 0x30, 0x29, 0x3b, 0x0a, 0x20, 0x20, 0x20, 0x20, 0x20, 0x20,
  0x20, 0x20, 0x20, 0x20, 0x20, 0x20, 0x20, 0x20, 0x20, 0x20, 0x20, 0x20,
  0x20, 0x20, 0x63, 0x6f, 0x6e, 0x73, 0x74, 0x20, 0x73, 0x68, 0x6f, 0x77,
  0x47, 0x62, 0x34, 0x32, 0x35, 0x39, 0x30, 0x20, 0x3d, 0x20, 0x69, 0x73,
  0x47, 0x62, 0x34, 0x32, 0x35, 0x39, 0x30, 0x20, 0x7c, 0x7c, 0x20, 0x69,
  0x73, 0x41, 0x73, 0x74, 0x6d, 0x3b, 0x0a, 0x0a, 0x20, 0x20, 0x20, 0x20,
  0x20, 0x20, 0x20, 0x20, 0x20, 0x20, 0x20, 0x20, 0x20, 0x20, 0x20, 0x20,
  0x20, 0x20, 0x20, 0x20, 0x2f, 0x2f, 0x20, 0xe6, 0xa0, 0x87, 0xe5, 0x87,
  0x86, 0xe5, 0x90, 0x8d, 0xe7, 0xa7, 0xb0, 0x0a, 0x20, 0x20, 0x20, 0x20,
  0x20, 0x20, 0x20, 0x20, 0x20, 0x20, 0x20, 0x20, 0x20, 0x20, 0x20, 0x20,
  0x20, 0x20, 0x20, 0x20, 0x6c, 0x65, 0x74, 0x20, 0x73, 0x74, 0x64, 0x4e,
  0x61, 0x6d, 0x65, 0x20, 0x3d, 0x20, 0x27, 0x47, 0x42, 0x34, 0x32, 0x35,
  0x39, 0x30, 0x27, 0x3b, 0x0a, 0x20, 0x20, 0x20, 0x20, 0x20, 0x20, 0x20,
  0x20, 0x20, 0x20, 0x20, 0x20, 0x20, 0x20, 0x20, 0x20, 0x20, 0x20, 0x20,
  0x20, 0x69, 0x66, 0x20, 0x28, 0x69, 0x73, 0x41, 0x73, 0x74, 0x6d, 0x29,
  0x20, 0x73, 0x74, 0x64, 0x4e, 0x61, 0x6d, 0x65, 0x20, 0x3d, 0x20, 0x27,
  0x41, 0x53, 0x54, 0x4d, 0x27, 0x3b, 0x0a, 0x20, 0x20, 0x20, 0x20, 0x20,
  0x20, 0x20, 0x20, 0x20, 0x20, 0x20, 0x20, 0x20, 0x20, 0x20, 0x20, 0x20,
  0x20, 0x20, 0x20, 0x65, 0x6c, 0x73, 0x65, 0x20, 0x69, 0x66, 0x20, 0x28,
  0x69, 0x73, 0x47, 0x62, 0x34, 0x36, 0x37, 0x35, 0x30, 0x29, 0x20, 0x73,
  0x74, 0x64, 0x4e, 0x61, 0x6d, 0x65, 0x20, 0x3d, 0x20, 0x27, 0x47, 0x42,
  0x34, 0x36, 0x37, 0x35, 0x30, 0x27, 0x3b, 0x0a, 0x0a, 0x20, 0x20, 0x20,
  0x20, 0x20, 0x20, 0x20, 0x20, 0x20, 0x20, 0x20, 0x20, 0x20, 0x20, 0x20,
  0x20, 0x20, 0x20, 0x20, 0x20, 0x72, 0x65, 0x74, 0x75, 0x72, 0x6e, 0x20,
  0x60, 0x0a, 0x20, 0x20, 0x20, 0x20, 0x20, 0x20, 0x20, 0x20, 0x20, 0x20,
  0x20, 0x20, 0x20, 0x20, 0x20, 0x20, 0x20, 0x20, 0x20, 0x20, 0x20, 0x20,
  0x20, 0x20, 0x3c, 0x64, 0x69, 0x76, 0x20, 0x63, 0x6c, 0x61, 0x73, 0x73,
  0x3d, 0x22, 0x69, 0x6e, 0x73, 0x74, 0x61, 0x6e, 0x63, 0x65, 0x2d, 0x63,
  0x61, 0x72, 0x64, 0x22, 0x20, 0x64, 0x61, 0x74, 0x61, 0x2d, 0x69, 0x64,
  0x3d, 0x22, 0x24, 0x7b, 0x69, 0x6e, 0x73, 0x74, 0x2e, 0x69, 0x64, 0x7d,
  0x22, 0x3e, 0x0a, 0x20, 0x20, 0x20, 0x20, 0x20, 0x20, 0x20, 0x20, 0x20,
  0x20, 0x20, 0x20, 0x20, 0x20, 0x20, 0x20, 0x20, 0x20, 0x20, 0x20, 0x20,
  0x20, 0x20, 0x20, 0x20, 0x20, 0x20, 0x20, 0x3c, 0x68, 0x34, 0x3e, 0x0a,
  0x20, 0x20, 0x20, 0x20, 0x20, 0x20, 0x20, 0x20, 0x20, 0x20, 0x20, 0x20,
  0x20, 0x20, 0x20, 0x20, 0x20, 0x20, 0x20, 0x20, 0x20, 0x20, 0x20, 0x20,
  0x20, 0x20, 0x20, 0x20, 0x20, 0x20, 0x20, 0x20, 0xe5, 0xae, 0x9e, 0xe4,
  0xbe, 0x8b, 0x20, 0x23, 0x24, 0x7b, 0x69, 0x6e, 0x73, 0x74, 0x2e, 0x69,
  0x64, 0x7d, 0x0a, 0x20, 0x20, 0x20, 0x20, 0x20, 0x20, 0x20, 0x20, 0x20,
  0x20, 0x20, 0x20, 0x20, 0x20, 0x20, 0x20, 0x20, 0x20, 0x20, 0x20, 0x20,
  0x20, 0x20, 0x20, 0x20, 0x20, 0x20, 0x20, 0x20, 0x20, 0x20, 0x20, 0x3c,
  0x73, 0x70, 0x61, 0x6e, 0x20, 0x63, 0x6c, 0x61, 0x73, 0x73, 0x3d, 0x22,
  0x73, 0x74, 0x61, 0x74, 0x75, 0x73, 0x2d, 0x62, 0x61, 0x64, 0x67, 0x65,
  0x22, 0x20, 0x73, 0x74, 0x79, 0x6c, 0x65, 0x3d, 0x22, 0x63, 0x6f, 0x6c,
  0x6f, 0x72, 0x3a, 0x24, 0x7b, 0x61, 0x63, 0x74, 0x69, 0x76, 0x65, 0x20,
  0x3f, 0x20, 0x27, 0x23, 0x31, 0x39, 0x38, 0x37, 0x35, 0x34, 0x27, 0x20,
  0x3a, 0x20, 0x27, 0x23, 0x64, 0x63, 0x33, 0x35, 0x34, 0x35, 0x27, 0x7d,
  0x22, 0x3e, 0x0a, 0x20, 0x20, 0x20, 0x20, 0x20, 0x20, 0x20, 0x20, 0x20,
  0x20, 0x20, 0x20, 0x20, 0x20, 0x20, 0x20, 0x20, 0x20, 0x20, 0x20, 0x20,
  0x20, 0x20, 0x20, 0x20, 0x20, 0x20, 0x20, 0x20, 0x20, 0x20, 0x20, 0x20,
  0x20, 0x20, 0x20, 0x24, 0x7b, 0x61, 0x63, 0x74, 0x69, 0x76, 0x65, 0x20,
  0x3f, 0x20, 0x27, 0xf0, 0x9f, 0x9f, 0xa2, 0x20, 0xe8, 0xbf, 0x90, 0xe8,
  0xa1, 0x8c, 0xe4, 0xb8, 0xad, 0x27, 0x20, 0x3a, 0x20, 0x27, 0xf0, 0x9f,
  0x94, 0xb4, 0x20, 0xe5, 0xb7, 0xb2, 0xe5, 0x81, 0x9c, 0xe6, 0xad, 0xa2,
  0x27, 0x7d, 0x0a, 0x20, 0x20, 0x20, 0x20, 0x20, 0x20, 0x20, 0x20, 0x20,
  0x20, 0x20, 0x20, 0x20, 0x20, 0x20, 0x20, 0x20, 0x20, 0x20, 0x20, 0x20,
  0x20, 0x20, 0x20, 0x20, 0x20, 0x20, 0x20, 0x20, 0x20, 0x20, 0x20, 0x3c,
  0x2f, 0x73, 0x70, 0x61, 0x6e, 0x3e, 0x0a, 0x20, 0x20, 0x20, 0x20, 0x20,
  0x20, 0x20, 0x20, 0x20, 0x20, 0x20, 0x20, 0x20, 0x20, 0x20, 0x20, 0x20,
  0x20, 0x20, 0x20, 0x20, 0x20, 0x20, 0x20, 0x20, 0x20, 0x20, 0x20, 0x20,
  0x20, 0x20, 0x20, 0x3c, 0x73, 0x70, 0x61, 0x6e, 0x20, 0x73, 0x74, 0x79,
  0x6c, 0x65, 0x3d, 0x22, 0x6d, 0x61, 0x72, 0x67, 0x69, 0x6e, 0x2d, 0x6c,
  0x65, 0x66, 0x74, 0x3a, 0x31, 0x30, 0x70, 0x78, 0x3b, 0x66, 0x6f, 0x6e,
  0x74, 0x2d, 0x73, 0x69, 0x7a, 0x65, 0x3a, 0x30, 0x2e, 0x38, 0x65, 0x6d,
  0x3b, 0x63, 0x6f, 0x6c, 0x6f, 0x72, 0x3a, 0x23, 0x61, 0x61, 0x61, 0x3b,
  0x22, 0x3e, 0x0a, 0x20, 0x20, 0x20, 0x20, 0x20, 0x20, 0x20, 0x20, 0x20,
  0x20, 0x20, 0x20, 0x20, 0x20, 0x20, 0x20, 0x20, 0x20, 0x20, 0x20, 0x20,
  0x20, 0x20, 0x20, 0x20, 0x20, 0x20, 0x20, 0x20, 0x20, 0x20, 0x20, 0x20,
  0x20, 0x20, 0x20, 0x24, 0x7b, 0x73, 0x74, 0x64, 0x4e, 0x61, 0x6d, 0x65,
  0x7d, 0x0a, 0x20, 0x20, 0x20, 0x20, 0x20, 0x20, 0x20, 0x20, 0x20, 0x20,
  0x20, 0x20, 0x20, 0x20, 0x20, 0x20, 0x20, 0x20, 0x20, 0x20, 0x20, 0x20,
  0x20, 0x20, 0x20, 0x20, 0x20, 0x20, 0x20, 0x20, 0x20, 0x20, 0x3c, 0x2f,
  0x73, 0x70, 0x61, 0x6e, 0x3e, 0x0a, 0x20, 0x20, 0x20, 0x20, 0x20, 0x20,
  0x20, 0x20, 0x20, 0x20, 0x20, 0x20, 0x20, 0x20, 0x20, 0x20, 0x20, 0x20,
  0x20, 0x20, 0x20, 0x20, 0x20, 0x20, 0x20, 0x20, 0x20, 0x20, 0x3c, 0x2f,
  0x68, 0x34, 0x3e, 0x0a, 0x0a, 0x20, 0x20, 0x20, 0x20, 0x20, 0x20, 0x20,
  0x20, 0x20, 0x20, 0x20, 0x20, 0x20, 0x20, 0x20, 0x20, 0x20, 0x20, 0x20,
  0x20, 0x20, 0x20, 0x20, 0x20, 0x20, 0x20, 0x20, 0x20, 0x3c, 0x21, 0x2d,
  0x2d, 0x20, 0xe9, 0x80, 0x9a, 0xe7, 0x94, 0xa8, 0xe5, 0x9f, 0xba, 0xe7,
  0xa1, 0x80, 0xe5, 0xad, 0x97, 0xe6, 0xae, 0xb5, 0xef, 0xbc, 0x88, 0xe6,
  0x89, 0x80, 0xe6, 0x9c, 0x89, 0xe6, 0xa0, 0x87, 0xe5, 0x87, 0x86, 0xe5,
  0x85, 0xb1, 0xe7, 0x94, 0xa8, 0xef, 0xbc, 0x89, 0x20, 0x2d, 0x2d, 0x3e,
  0x0a, 0x20, 0x20, 0x20, 0x20, 0x20, 0x20, 0x20, 0x20, 0x20, 0x20, 0x20,
  0x20, 0x20, 0x20, 0x20, 0x20, 0x20, 0x20, 0x20, 0x20, 0x20, 0x20, 0x20,
  0x20, 0x20, 0x20, 0x20, 0x20, 0x3c, 0x64, 0x69, 0x76, 0x20, 0x63, 0x6c,
  0x61, 0x73, 0x73, 0x3d, 0x22, 0x72, 0x6f, 0x77, 0x22, 0x3e, 0x0a, 0x20,
  0x20, 0x20, 0x20, 0x20, 0x20, 0x20, 0x20, 0x20, 0x20, 0x20, 0x20, 0x20,
  0x20, 0x20, 0x20, 0x20, 0x20, 0x20, 0x20, 0x20, 0x20, 0x20, 0x20, 0x20,
  0x20, 0x20, 0x20, 0x20, 0x20, 0x20, 0x20, 0x3c, 0x6c, 0x61, 0x62, 0x65,
  0x6c, 0x3e, 0xe6, 0xa0, 0x87, 0xe5, 0x87, 0x86, 0x0a, 0x20, 0x20, 0x20,
  0x20, 0x20, 0x20, 0x20, 0x20, 0x20, 0x20, 0x20, 0x20, 0x20, 0x20, 0x20,
  0x20, 0x20, 0x20, 0x20, 0x20, 0x20, 0x20, 0x20, 0x20, 0x20, 0x20, 0x20,
  0x20, 0x20, 0x20, 0x20, 0x20, 0x20, 0x20, 0x20, 0x20, 0x3c, 0x73, 0x65,
  0x6c, 0x65, 0x63, 0x74, 0x20, 0x63, 0x6c, 0x61, 0x73, 0x73, 0x3d, 0x22,
  0x73, 0x74, 0x64, 0x2d, 0x73, 0x65, 0x6c, 0x65, 0x63, 0x74, 0x22, 0x3e,
  0x0a, 0x20, 0x20, 0x20, 0x20, 0x20, 0x20, 0x20, 0x20, 0x20, 0x20, 0x20,
  0x20, 0x20, 0x20, 0x20, 0x20, 0x20, 0x20, 0x20, 0x20, 0x20, 0x20, 0x20,
  0x20, 0x20, 0x20, 0x20, 0x20, 0x20, 0x20, 0x20, 0x20, 0x20, 0x20, 0x20,
  0x20, 0x20, 0x20, 0x20, 0x20, 0x3c, 0x6f, 0x70, 0x74, 0x69, 0x6f, 0x6e,
  0x20, 0x76, 0x61, 0x6c, 0x75, 0x65, 0x3d, 0x22, 0x30, 0x22, 0x20, 0x24,
  0x7b, 0x69, 0x6e, 0x73, 0x74, 0x2e, 0x73, 0x74, 0x61, 0x6e, 0x64, 0x61,
  0x72, 0x64, 0x3d, 0x3d, 0x3d, 0x30, 0x3f, 0x27, 0x73, 0x65, 0x6c, 0x65,
  0x63, 0x74, 0x65, 0x64, 0x27, 0x3a, 0x27, 0x27, 0x7d, 0x3e, 0x47, 0x42,
  0x34, 0x36, 0x37, 0x35, 0x30, 0x3c, 0x2f, 0x6f, 0x70, 0x74, 0x69, 0x6f,
  0x6e, 0x3e, 0x0a, 0x20, 0x20, 0x20, 0x20, 0x20, 0x20, 0x20, 0x20, 0x20,
  0x20, 0x20, 0x20, 0x20, 0x20, 0x20, 0x20, 0x20, 0x20, 0x20, 0x20, 0x20,
  0x20, 0x20, 0x20, 0x20, 0x20, 0x20, 0x20, 0x20, 0x20, 0x20, 0x20, 0x20,
  0x20, 0x20, 0x20, 0x20, 0x20, 0x20, 0x20, 0x3c, 0x6f, 0x70, 0x74, 0x69,
  0x6f, 0x6e, 0x20, 0x76, 0x61, 0x6c, 0x75, 0x65, 0x3d, 0x22, 0x31, 0x22,
  0x20, 0x24, 0x7b, 0x69, 0x6e, 0x73, 0x74, 0x2e, 0x73, 0x74, 0x61, 0x6e,
  0x64, 0x61, 0x72, 0x64, 0x3d, 0x3d, 0x3d, 0x31, 0x3f, 0x27, 0x73, 0x65,
  0x6c, 0x65, 0x63, 0x74, 0x65, 0x64, 0x27, 0x3a, 0x27, 0x27, 0x7d, 0x3e,
  0x47, 0x42, 0x34, 0x32, 0x35, 0x39, 0x30, 0x3c, 0x2f, 0x6f, 0x70, 0x74,
  0x69, 0x6f, 0x6e, 0x3e, 0x0a, 0x20, 0x20, 0x20, 0x20, 0x20, 0x20, 0x20,
  0x20, 0x20, 0x20, 0x20, 0x20, 0x20, 0x20, 0x20, 0x20, 0x20, 0x20, 0x20,
  0x20, 0x20, 0x20, 0x20, 0x20, 0x20, 0x20, 0x20, 0x20, 0x20, 0x20, 0x20,
  0x20, 0x20, 0x20, 0x20, 0x20, 0x20, 0x20, 0x20, 0x20, 0x3c, 0x6f, 0x70,
  0x74, 0x69, 0x6f, 0x6e, 0x20, 0x76, 0x61, 0x6c, 0x75, 0x65, 0x3d, 0x22,
  0x32, 0x22, 0x20, 0x24, 0x7b, 0x69, 0x6e, 0x73, 0x74, 0x2e, 0x73, 0x74,
  0x61, 0x6e, 0x64, 0x61, 0x72, 0x64, 0x3d, 0x3d, 0x3d, 0x32, 0x3f, 0x27,
  0x73, 0x65, 0x6c, 0x65, 0x63, 0x74, 0x65, 0x64, 0x27, 0x3a, 0x27, 0x27,
  0x7d, 0x3e, 0x41, 0x53, 0x54, 0x4d, 0x3c, 0x2f, 0x6f, 0x70, 0x74, 0x69,
  0x6f, 0x6e, 0x3e, 0x0a, 0x20, 0x20, 0x20, 0x20, 0x20, 0x20, 0x20, 0x20,
  0x20, 0x20, 0x20, 0x20, 0x20, 0x20, 0x20, 0x20, 0x20, 0x20, 0x20, 0x20,
  0x20, 0x20, 0x20, 0x20, 0x20, 0x20, 0x20, 0x20, 0x20, 0x20, 0x20, 0x20,
  0x20, 0x20, 0x20, 0x20, 0x3c, 0x2f, 0x73, 0x65, 0x6c, 0x65, 0x63, 0x74,
  0x3e, 0x0a, 0x20, 0x20, 0x20, 0x20, 0x20, 0x20, 0x20, 0x20, 0x20, 0x20,
  0x20, 0x20, 0x20, 0x20, 0x20, 0x20, 0x20, 0x20, 0x20, 0x20, 0x20, 0x20,
  0x20, 0x20, 0x20, 0x20, 0x20, 0x20, 0x20, 0x20, 0x20, 0x20, 0x3c, 0x2f,
  0x6c, 0x61, 0x62, 0x65, 0x6c, 0x3e, 0x0a, 0x20, 0x20, 0x20, 0x20, 0x20,
  0x20, 0x20, 0x20, 0x20, 0x20, 0x20, 0x20, 0x20, 0x20, 0x20, 0x20, 0x20,
  0x20, 0x20, 0x20, 0x20, 0x20, 0x20, 0x20, 0x20, 0x20, 0x20, 0x20, 0x20,
  0x20, 0x20, 0x20, 0x3c, 0x6c, 0x61, 0x62, 0x65, 0x6c, 0x3e, 0x55, 0x41,
  0x53, 0x20, 0x49, 0x44, 0x0a, 0x20, 0x20, 0x20, 0x20, 0x20, 0x20, 0x20,
  0x20, 0x20, 0x20, 0x20, 0x20, 0x20, 0x20, 0x20, 0x20, 0x20, 0x20, 0x20,
  0x20, 0x20, 0x20, 0x20, 0x20, 0x20, 0x20, 0x20, 0x20, 0x20, 0x20, 0x20,
  0x20, 0x20, 0x20, 0x20, 0x20, 0x3c, 0x69, 0x6e, 0x70, 0x75, 0x74, 0x20,
  0x63, 0x6c, 0x61, 0x73, 0x73, 0x3d, 0x22, 0x75, 0x61, 0x73, 0x2d, 0x69,
  0x64, 0x22, 0x20, 0x76, 0x61, 0x6c, 0x75, 0x65, 0x3d, 0x22, 0x24, 0x7b,
  0x69, 0x6e, 0x73, 0x74, 0x2e, 0x75, 0x61, 0x73, 0x5f, 0x69, 0x64, 0x20,
  0x7c, 0x7c, 0x20, 0x27, 0x27, 0x7d, 0x22, 0x20, 0x6d, 0x61, 0x78, 0x6c,
  0x65, 0x6e, 0x67, 0x74, 0x68, 0x3d, 0x22, 0x32, 0x30, 0x22, 0x3e, 0x0a,
  0x20, 0x20, 0x20, 0x20, 0x20, 0x20, 0x20, 0x20, 0x20, 0x20, 0x20, 0x20,
  0x20, 0x20, 0x20, 0x20, 0x20, 0x20, 0x20, 0x20, 0x20, 0x20, 0x20, 0x20,
  0x20, 0x20, 0x20, 0x20, 0x20, 0x20, 0x20, 0x20, 0x3c, 0x2f, 0x6c, 0x61,
  0x62, 0x65, 0x6c, 0x3e, 0x0a, 0x20, 0x20, 0x20, 0x20, 0x20, 0x20, 0x20,
  0x20, 0x20, 0x20, 0x20, 0x20, 0x20, 0x20, 0x20, 0x20, 0x20, 0x20, 0x20,
  0x20, 0x20, 0x20, 0x20, 0x20, 0x20, 0x20, 0x20, 0x20, 0x20, 0x20, 0x20,
  0x20, 0x3c, 0x6c, 0x61, 0x62, 0x65, 0x6c, 0x3e, 0xe7, 0xba, 0xac, 0xe5,
  0xba, 0xa6, 0x0a, 0x20, 0x20, 0x20, 0x20, 0x20, 0x20, 0x20, 0x20, 0x20,
  0x20, 0x20, 0x20, 0x20, 0x20, 0x20, 0x20, 0x20, 0x20, 0x20, 0x20, 0x20,
  0x20, 0x20, 0x20, 0x20, 0x20, 0x20, 0x20, 0x20, 0x20, 0x20, 0x20, 0x20,
  0x20, 0x20, 0x20, 0x3c, 0x21, 0x2d, 0x2d, 0x20, 0xe7, 0xba, 0xac, 0xe5,
  0xba, 0xa6, 0x20, 0x2d, 0x2d, 0x3e, 0x0a, 0x20, 0x20, 0x20, 0x20, 0x20,
  0x20, 0x20, 0x20, 0x20, 0x20, 0x20, 0x20, 0x20, 0x20, 0x20, 0x20, 0x20,
  0x20, 0x20, 0x20, 0x20, 0x20, 0x20, 0x20, 0x20, 0x20, 0x20, 0x20, 0x20,
  0x20, 0x20, 0x20, 0x20, 0x20, 0x20, 0x20, 0x3c, 0x69, 0x6e, 0x70, 0x75,
  0x74, 0x20, 0x63, 0x6c, 0x61, 0x73, 0x73, 0x3d, 0x22, 0x6c, 0x61, 0x74,
  0x22, 0x20, 0x74, 0x79, 0x70, 0x65, 0x3d, 0x22, 0x6e, 0x75, 0x6d, 0x62,
  0x65, 0x72, 0x22, 0x20, 0x73, 0x74, 0x65, 0x70, 0x3d, 0x22, 0x30, 0x2e,
  0x30, 0x30, 0x30, 0x30, 0x30, 0x31, 0x22, 0x20, 0x6d, 0x69, 0x6e, 0x3d,
  0x22, 0x2d, 0x39, 0x30, 0x22, 0x20, 0x6d, 0x61, 0x78, 0x3d, 0x22, 0x39,
  0x30, 0x22, 0x20, 0x0a, 0x20, 0x20, 0x20, 0x20, 0x20, 0x20, 0x20, 0x20,
  0x20, 0x20, 0x20, 0x20, 0x20, 0x20, 0x20, 0x20, 0x20, 0x20, 0x20, 0x20,
  0x20, 0x20, 0x20, 0x20, 0x20, 0x20, 0x20, 0x20, 0x20, 0x20, 0x20, 0x20,
  0x20, 0x20, 0x20, 0x20, 0x20, 0x20, 0x20, 0x20, 0x76, 0x61, 0x6c, 0x75,
  0x65, 0x3d, 0x22, 0x24, 0x7b, 0x69, 0x6e, 0x73, 0x74, 0x2e, 0x6c, 0x61,
  0x74, 0x69, 0x74, 0x75, 0x64, 0x65, 0x20, 0x7c, 0x7c, 0x20, 0x30, 0x7d,
  0x22, 0x20, 0x0a, 0x20, 0x20, 0x20, 0x20, 0x20, 0x20, 0x20, 0x20, 0x20,
  0x20, 0x20, 0x20, 0x20, 0x20, 0x20, 0x20, 0x20, 0x20, 0x20, 0x20, 0x20,
  0x20, 0x20, 0x20, 0x20, 0x20, 0x20, 0x20, 0x20, 0x20, 0x20, 0x20, 0x20,
  0x20, 0x20, 0x20, 0x20, 0x20, 0x20, 0x20, 0x6f, 0x6e, 0x69, 0x6e, 0x70,
  0x75, 0x74, 0x3d, 0x22, 0x74, 0x68, 0x69, 0x73, 0x2e, 0x73, 0x65, 0x74,
  0x43, 0x75, 0x73, 0x74, 0x6f, 0x6d, 0x56, 0x61, 0x6c, 0x69, 0x64, 0x69,
  0x74, 0x79, 0x28, 0x74, 0x68, 0x69, 0x73, 0x2e, 0x76, 0x61, 0x6c, 0x75,
  0x65, 0x3c, 0x2d, 0x39, 0x30, 0x7c, 0x7c, 0x74, 0x68, 0x69, 0x73, 0x2e,
  0x76, 0x61, 0x6c, 0x75, 0x65, 0x3e, 0x39, 0x30, 0x3f, 0x27, 0xe7, 0xba,
  0xac, 0xe5, 0xba, 0xa6, 0xe8, 0x8c, 0x83, 0xe5, 0x9b, 0xb4, 0x2d, 0x39,
  0x30, 0x7e, 0x39, 0x30, 0x27, 0x3a, 0x27, 0x27, 0x29, 0x22, 0x3e, 0x0a,
  0x20, 0x20, 0x20, 0x20, 0x20, 0x20, 0x20, 0x20, 0x20, 0x20, 0x20, 0x20,
  0x20, 0x20, 0x20, 0x20, 0x20, 0x20, 0x20, 0x20, 0x20, 0x20, 0x20, 0x20,
  0x20, 0x20, 0x20, 0x20, 0x20, 0x20, 0x20, 0x20, 0x3c, 0x2f, 0x6c, 0x61,
  0x62, 0x65, 0x6c, 0x3e, 0x0a, 0x20, 0x20, 0x20, 0x20, 0x20, 0x20, 0x20,
  0x20, 0x20, 0x20, 0x20, 0x20, 0x20, 0x20, 0x20, 0x20, 0x20, 0x20, 0x20,
  0x20, 0x20, 0x20, 0x20, 0x20, 0x20, 0x20, 0x20, 0x20, 0x20, 0x20, 0x20,
  0x20, 0x3c, 0x6c, 0x61, 0x62, 0x65, 0x6c, 0x3e, 0xe7, 0xbb, 0x8f, 0xe5,
  0xba, 0xa6, 0x0a, 0x0a, 0x20, 0x20, 0x20, 0x20, 0x20, 0x20, 0x20, 0x20,
  0x20, 0x20, 0x20, 0x20, 0x20, 0x20, 0x20, 0x20, 0x20, 0x20, 0x20, 0x20,
  0x20, 0x20, 0x20, 0x20, 0x20, 0x20, 0x20, 0x20, 0x20, 0x20, 0x20, 0x20,
  0x20, 0x20, 0x20, 0x20, 0x3c, 0x21, 0x2d, 0x2d, 0x20, 0xe7, 0xbb, 0x8f,
  0xe5, 0xba, 0xa6, 0x20, 0x2d, 0x2d, 0x3e, 0x0a, 0x20, 0x20, 0x20, 0x20,
  0x20, 0x20, 0x20, 0x20, 0x20, 0x20, 0x20, 0x20, 0x20, 0x20, 0x20, 0x20,
  0x20, 0x20, 0x20, 0x20, 0x20, 0x20, 0x20, 0x20, 0x20, 0x20, 0x20, 0x20,
  0x20, 0x20, 0x20, 0x20, 0x20, 0x20, 0x20, 0x20, 0x3c, 0x69, 0x6e, 0x70,
  0x75, 0x74, 0x20, 0x63, 0x6c, 0x61, 0x73, 0x73, 0x3d, 0x22, 0x6c, 0x6f,
  0x6e, 0x22, 0x20, 0x74, 0x79, 0x70, 0x65, 0x3d, 0x22, 0x6e, 0x75, 0x6d,
  0x62, 0x65, 0x72, 0x22, 0x20, 0x73, 0x74, 0x65, 0x70, 0x3d, 0x22, 0x30,
  0x2e, 0x30, 0x30, 0x30, 0x30, 0x30, 0x31, 0x22, 0x20, 0x6d, 0x69, 0x6e,
  0x3d, 0x22, 0x2d, 0x31, 0x38, 0x30, 0x22, 0x20, 0x6d, 0x61, 0x78, 0x3d,
  0x22, 0x31, 0x38, 0x30, 0x22, 0x0a, 0x20, 0x20, 0x20, 0x20, 0x20, 0x20,
  0x20, 0x20, 0x20, 0x20, 0x20, 0x20, 0x20, 0x20, 0x20, 0x20, 0x20, 0x20,
  0x20, 0x20, 0x20, 0x20, 0x20, 0x20, 0x20, 0x20, 0x20, 0x20, 0x20, 0x20,
  0x20, 0x20, 0x20, 0x20, 0x20, 0x20, 0x20, 0x20, 0x20, 0x20, 0x76, 0x61,
  0x6c, 0x75, 0x65, 0x3d, 0x22, 0x24, 0x7b, 0x69, 0x6e, 0x73, 0x74, 0x2e,
  0x6c, 0x6f, 0x6e, 0x67, 0x69, 0x74, 0x75, 0x64, 0x65, 0x20, 0x7c, 0x7c,
  0x20, 0x30, 0x7d, 0x22, 0x0a, 0x20, 0x20, 0x20, 0x20, 0x20, 0x20, 0x20,
  0x20, 0x20, 0x20, 0x20, 0x20, 0x20, 0x20, 0x20, 0x20, 0x20, 0x20, 0x20,
  0x20, 0x20, 0x20, 0x20, 0x20, 0x20, 0x20, 0x20, 0x20, 0x20, 0x20, 0x20,
  0x20, 0x20, 0x20, 0x20, 0x20, 0x20, 0x20, 0x20, 0x20, 0x6f, 0x6e, 0x69,
  0x6e, 0x70, 0x75, 0x74, 0x3d, 0x22, 0x74, 0x68, 0x69, 0x73, 0x2e, 0x73,
  0x65, 0x74, 0x43, 0x75, 0x73, 0x74, 0x6f, 0x6d, 0x56, 0x61, 0x6c, 0x69,
  0x64, 0x69, 0x74, 0x79, 0x28, 0x74, 0x68, 0x69, 0x73, 0x2e, 0x76, 0x61,
  0x6c, 0x75, 0x65, 0x3c, 0x2d, 0x31, 0x38, 0x30, 0x7c, 0x7c, 0x74, 0x68,
  0x69, 0x73, 0x2e, 0x76, 0x61, 0x6c, 0x75, 0x65, 0x3e, 0x31, 0x38, 0x30,
  0x3f, 0x27, 0xe7, 0xbb, 0x8f, 0xe5, 0xba, 0xa6, 0xe8, 0x8c, 0x83, 0xe5,
  0x9b, 0xb4, 0x2d, 0x31, 0x38, 0x30, 0x7e, 0x31, 0x38, 0x30, 0x27, 0x3a,
  0x27, 0x27, 0x29, 0x22, 0x3e, 0x0a, 0x20, 0x20, 0x20, 0x20, 0x20, 0x20,
  0x20, 0x20, 0x20, 0x20, 0x20, 0x20, 0x20, 0x20, 0x20, 0x20, 0x20, 0x20,
  0x20, 0x20, 0x20, 0x20, 0x20, 0x20, 0x20, 0x20, 0x20, 0x20, 0x20, 0x20,
  0x20, 0x20, 0x3c, 0x2f, 0x6c, 0x61, 0x62, 0x65, 0x6c, 0x3e, 0x0a, 0x20,
  0x20, 0x20, 0x20, 0x20, 0x20, 0x20, 0x20, 0x20, 0x20, 0x20, 0x20, 0x20,
  0x20, 0x20, 0x20, 0x20, 0x20, 0x20, 0x20, 0x20, 0x20, 0x20, 0x20, 0x20,
  0x20, 0x20, 0x20, 0x20, 0x20, 0x20, 0x20, 0x3c, 0x6c, 0x61, 0x62, 0x65,
  0x6c, 0x3e, 0xe9, 0xab, 0x98, 0xe5, 0xba, 0xa6, 0x28, 0x4d, 0x53, 0x4c,
  0x29, 0x0a, 0x20, 0x20, 0x20, 0x20, 0x20, 0x20, 0x20, 0x20, 0x20, 0x20,
  0x20, 0x20, 0x20, 0x20, 0x20, 0x20, 0x20, 0x20, 0x20, 0x20, 0x20, 0x20,
  0x20, 0x20, 0x20, 0x20, 0x20, 0x20, 0x20, 0x20, 0x20, 0x20, 0x20, 0x20,
  0x20, 0x20, 0x3c, 0x21, 0x2d, 0x2d, 0x20, 0xe9, 0xab, 0x98, 0xe5, 0xba,
  0xa6, 0x20, 0x2d, 0x2d, 0x3e, 0x0a, 0x20, 0x20, 0x20, 0x20, 0x20, 0x20,
  0x20, 0x20, 0x20, 0x20, 0x20, 0x20, 0x20, 0x20, 0x20, 0x20, 0x20, 0x20,
  0x20, 0x20, 0x20, 0x20, 0x20, 0x20, 0x20, 0x20, 0x20, 0x20, 0x20, 0x20,
  0x20, 0x20, 0x20, 0x20, 0x20, 0x20, 0x3c, 0x69, 0x6e, 0x70, 0x75, 0x74,
  0x20, 0x63, 0x6c, 0x61, 0x73, 0x73, 0x3d, 0x22, 0x61, 0x6c, 0x74, 0x22,
  0x20, 0x74, 0x79, 0x70, 0x65, 0x3d, 0x22, 0x6e, 0x75, 0x6d, 0x62, 0x65,
  0x72, 0x22, 0x20, 0x73, 0x74, 0x65, 0x70, 0x3d, 0x22, 0x30, 0x2e, 0x35,
  0x22, 0x20, 0x6d, 0x69, 0x6e, 0x3d, 0x22, 0x2d, 0x31, 0x30, 0x30, 0x30,
  0x22, 0x20, 0x6d, 0x61, 0x78, 0x3d, 0x22, 0x33, 0x31, 0x37, 0x36, 0x37,
  0x2e, 0x35, 0x22, 0x0a, 0x20, 0x20, 0x20, 0x20, 0x20, 0x20, 0x20, 0x20,
  0x20, 0x20, 0x20, 0x20, 0x20, 0x20, 0x20, 0x20, 0x20, 0x20, 0x20, 0x20,
  0x20, 0x20, 0x20, 0x20, 0x20, 0x20, 0x20, 0x20, 0x20, 0x20, 0x20, 0x20,
  0x20, 0x20, 0x20, 0x20, 0x20, 0x20, 0x20, 0x20, 0x76, 0x61, 0x6c, 0x75,
  0x65, 0x3d, 0x22, 0x24, 0x7b, 0x69, 0x6e, 0x73, 0x74, 0x2e, 0x61, 0x6c,
  0x74, 0x69, 0x74, 0x75, 0x64, 0x65, 0x5f, 0x6d, 0x73, 0x6c, 0x20, 0x7c,
  0x7c, 0x20, 0x30, 0x7d, 0x22, 0x0a, 0x20, 0x20, 0x20, 0x20, 0x20, 0x20,
  0x20, 0x20, 0x20, 0x20, 0x20, 0x20, 0x20, 0x20, 0x20, 0x20, 0x20, 0x20,
  0x20, 0x20, 0x20, 0x20, 0x20, 0x20, 0x20, 0x20, 0x20, 0x20, 0x20, 0x20,
  0x20, 0x20, 0x20, 0x20, 0x20, 0x20, 0x20, 0x20, 0x20, 0x20, 0x6f, 0x6e,
  0x69, 0x6e, 0x70, 0x75, 0x74, 0x3d, 0x22, 0x74, 0x68, 0x69, 0x73, 0x2e,
  0x73, 0x65, 0x74, 0x43, 0x75, 0x73, 0x74, 0x6f, 0x6d, 0x56, 0x61, 0x6c,
  0x69, 0x64, 0x69, 0x74, 0x79, 0x28, 0x74, 0x68, 0x69, 0x73, 0x2e, 0x76,
  0x61, 0x6c, 0x75, 0x65, 0x3c, 0x2d, 0x31, 0x30, 0x30, 0x30, 0x7c, 0x7c,
  0x74, 0x68, 0x69, 0x73, 0x2e, 0x76, 0x61, 0x6c, 0x75, 0x65, 0x3e, 0x33,
  0x31, 0x37, 0x36, 0x37, 0x2e, 0x35, 0x3f, 0x27, 0xe9, 0xab, 0x98, 0xe5,
  0xba, 0xa6, 0xe8, 0x8c, 0x83, 0xe5, 0x9b, 0xb4, 0x2d, 0x31, 0x30, 0x30,
  0x30, 0x7e, 0x33, 0x31, 0x37, 0x36, 0x37, 0x2e, 0x35, 0x6d, 0x27, 0x3a,
  0x27, 0x27, 0x29, 0x22, 0x3e, 0x0a, 0x20, 0x20, 0x20, 0x20, 0x20, 0x20,
  0x20, 0x20, 0x20, 0x20, 0x20, 0x20, 0x20, 0x20, 0x20, 0x20, 0x20, 0x20,
  0x20, 0x20, 0x20, 0x20, 0x20, 0x20, 0x20, 0x20, 0x20, 0x20, 0x20, 0x20,
  0x20, 0x20, 0x3c, 0x2f, 0x6c, 0x61, 0x62, 0x65, 0x6c, 0x3e, 0x0a, 0x20,
  0x20, 0x20, 0x20, 0x20, 0x20, 0x20, 0x20, 0x20, 0x20, 0x20, 0x20, 0x20,
  0x20, 0x20, 0x20, 0x20, 0x20, 0x20, 0x20, 0x20, 0x20, 0x20, 0x20, 0x20,
  0x20, 0x20, 0x20, 0x20, 0x20, 0x20, 0x20, 0x3c, 0x6c, 0x61, 0x62, 0x65,
  0x6c, 0x3e, 0xe9, 0xab, 0x98, 0xe5, 0xba, 0xa6, 0x28, 0x41, 0x47, 0x4c,
  0x29, 0x0a, 0x20, 0x20, 0x20, 0x20, 0x20, 0x20, 0x20, 0x20, 0x20, 0x20,
  0x20, 0x20, 0x20, 0x20, 0x20, 0x20, 0x20, 0x20, 0x20, 0x20, 0x20, 0x20,
  0x20, 0x20, 0x20, 0x20, 0x20, 0x20, 0x20, 0x20, 0x20, 0x20, 0x20, 0x20,
  0x20, 0x20, 0x3c, 0x21, 0x2d, 0x2d, 0x20, 0xe9, 0xab, 0x98, 0xe5, 0xba,
  0xa6, 0x20, 0x2d, 0x2d, 0x3e, 0x0a, 0x20, 0x20, 0x20, 0x20, 0x20, 0x20,
  0x20, 0x20, 0x20, 0x20, 0x20, 0x20, 0x20, 0x20, 0x20, 0x20, 0x20, 0x20,
  0x20, 0x20, 0x20, 0x20, 0x20, 0x20, 0x20, 0x20, 0x20, 0x20, 0x20, 0x20,
  0x20, 0x20, 0x20, 0x20, 0x20, 0x20, 0x3c, 0x69, 0x6e, 0x70, 0x75, 0x74,
  0x20, 0x63, 0x6c, 0x61, 0x73, 0x73, 0x3d, 0x22, 0x61, 0x6c, 0x74, 0x2d,
  0x61, 0x67, 0x6c, 0x22, 0x20, 0x74, 0x79, 0x70, 0x65, 0x3d, 0x22, 0x6e,
  0x75, 0x6d, 0x62, 0x65, 0x72, 0x22, 0x20, 0x73, 0x74, 0x65, 0x70, 0x3d,
  0x22, 0x30, 0x2e, 0x35, 0x22, 0x20, 0x6d, 0x69, 0x6e, 0x3d, 0x22, 0x2d,
  0x31, 0x30, 0x30, 0x30, 0x22, 0x20, 0x6d, 0x61, 0x78, 0x3d, 0x22, 0x33,
  0x31, 0x37, 0x36, 0x37, 0x2e, 0x35, 0x22, 0x0a, 0x20, 0x20, 0x20, 0x20,
  0x20, 0x20, 0x20, 0x20, 0x20, 0x20, 0x20, 0x20, 0x20, 0x20, 0x20, 0x20,
  0x20, 0x20, 0x20, 0x20, 0x20, 0x20, 0x20, 0x20, 0x20, 0x20, 0x20, 0x20,
  0x20, 0x20, 0x20, 0x20, 0x20, 0x20, 0x20, 0x20, 0x20, 0x20, 0x20, 0x20,
  0x76, 0x61, 0x6c, 0x75, 0x65, 0x3d, 0x22, 0x24, 0x7b, 0x69, 0x6e, 0x73,
  0x74, 0x2e, 0x61, 0x6c, 0x74, 0x69, 0x74, 0x75, 0x64, 0x65, 0x5f, 0x61,
  0x67, 0x6c, 0x20, 0x7c, 0x7c, 0x20, 0x30, 0x7d, 0x22, 0x0a, 0x20, 0x20,
  0x20, 0x20, 0x20, 0x20, 0x20, 0x20, 0x20, 0x20, 0x20, 0x20, 0x20, 0x20,
  0x20, 0x20, 0x20, 0x20, 0x20, 0x20, 0x20, 0x20, 0x20, 0x20, 0x20, 0x20,
  0x20, 0x20, 0x20, 0x20, 0x20, 0x20, 0x20, 0x20, 0x20, 0x20, 0x20, 0x20,
  0x20, 0x20, 0x6f, 0x6e, 0x69, 0x6e, 0x70, 0x75, 0x74, 0x3d, 0x22, 0x74,
  0x68, 0x69, 0x73, 0x2e, 0x73, 0x65, 0x74, 0x43, 0x75, 0x73, 0x74, 0x6f,
  0x6d, 0x56, 0x61, 0x6c, 0x69, 0x64, 0x69, 0x74, 0x79, 0x28, 0x74, 0x68,
  0x69, 0x73, 0x2e, 0x76, 0x61, 0x6c, 0x75, 0x65, 0x3c, 0x2d, 0x31, 0x30,
  0x30, 0x30, 0x7c, 0x7c, 0x74, 0x68, 0x69, 0x73, 0x2e, 0x76, 0x61, 0x6c,
  0x75, 0x65, 0x3e, 0x33, 0x31, 0x37, 0x36, 0x37, 0x2e, 0x35, 0x3f, 0x27,
  0xe9, 0xab, 0x98, 0xe5, 0xba, 0xa6, 0xe8, 0x8c, 0x83, 0xe5, 0x9b, 0xb4,
  0x2d, 0x31, 0x30, 0x30, 0x30, 0x7e, 0x33, 0x31, 0x37, 0x36, 0x37, 0x2e,
  0x35, 0x6d, 0x27, 0x3a, 0x27, 0x27, 0x29, 0x22, 0x3e, 0x0a, 0x20, 0x20,
  0x20, 0x20, 0x20, 0x20, 0x20, 0x20, 0x20, 0x20, 0x20, 0x20, 0x20, 0x20,
  0x20, 0x20, 0x20, 0x20, 0x20, 0x20, 0x20, 0x20, 0x20, 0x20, 0x20, 0x20,
  0x20, 0x20, 0x20, 0x20, 0x20, 0x20, 0x3c, 0x2f, 0x6c, 0x61, 0x62, 0x65,
  0x6c, 0x3e, 0x0a, 0x20, 0x20, 0x20, 0x20, 0x20, 0x20, 0x20, 0x20, 0x20,
  0x20, 0x20, 0x20, 0x20, 0x20, 0x20, 0x20, 0x20, 0x20, 0x20, 0x20, 0x20,
  0x20, 0x20, 0x20, 0x20, 0x20, 0x20, 0x20, 0x20, 0x20, 0x20, 0x20, 0x3c,
  0x6c, 0x61, 0x62, 0x65, 0x6c, 0x3e, 0xe5, 0x9c, 0xb0, 0xe9, 0x80, 0x9f,
  0x20, 0x28, 0x6d, 0x2f, 0x73, 0x29, 0x0a, 0x20, 0x20, 0x20, 0x20, 0x20,
  0x20, 0x20, 0x20, 0x20, 0x20, 0x20, 0x20, 0x20, 0x20, 0x20, 0x20, 0x20,
  0x20, 0x20, 0x20, 0x20, 0x20, 0x20, 0x20, 0x20, 0x20, 0x20, 0x20, 0x20,
  0x20, 0x20, 0x20, 0x20, 0x20, 0x20, 0x20, 0x3c, 0x21, 0x2d, 0x2d, 0x20,
  0xe5, 0x9c, 0xb0, 0xe9, 0x80, 0x9f, 0x20, 0x2d, 0x2d, 0x3e, 0x0a, 0x20,
  0x20, 0x20, 0x20, 0x20, 0x20, 0x20, 0x20, 0x20, 0x20, 0x20, 0x20, 0x20,
  0x20, 0x20, 0x20, 0x20, 0x20, 0x20, 0x20, 0x20, 0x20, 0x20, 0x20, 0x20,
  0x20, 0x20, 0x20, 0x20, 0x20, 0x20, 0x20, 0x20, 0x20, 0x20, 0x20, 0x3c,
  0x69, 0x6e, 0x70, 0x75, 0x74, 0x20, 0x63, 0x6c, 0x61, 0x73, 0x73, 0x3d,
  0x22, 0x73, 0x70, 0x65, 0x65, 0x64, 0x22, 0x20, 0x74, 0x79, 0x70, 0x65,
  0x3d, 0x22, 0x6e, 0x75, 0x6d, 0x62, 0x65, 0x72, 0x22, 0x20, 0x73, 0x74,
  0x65, 0x70, 0x3d, 0x22, 0x30, 0x2e, 0x31, 0x22, 0x20, 0x6d, 0x69, 0x6e,
  0x3d, 0x22, 0x30, 0x22, 0x20, 0x6d, 0x61, 0x78, 0x3d, 0x22, 0x32, 0x35,
  0x34, 0x2e, 0x32, 0x35, 0x22, 0x0a, 0x20, 0x20, 0x20, 0x20, 0x20, 0x20,
  0x20, 0x20, 0x20, 0x20, 0x20, 0x20, 0x20, 0x20, 0x20, 0x20, 0x20, 0x20,
  0x20, 0x20, 0x20, 0x20, 0x20, 0x20, 0x20, 0x20, 0x20, 0x20, 0x20, 0x20,
  0x20, 0x20, 0x20, 0x20, 0x20, 0x20, 0x20, 0x20, 0x20, 0x20, 0x76, 0x61,
  0x6c, 0x75, 0x65, 0x3d, 0x22, 0x24, 0x7b, 0x69, 0x6e, 0x73, 0x74, 0x2e,
  0x73, 0x70, 0x65, 0x65, 0x64, 0x5f, 0x68, 0x6f, 0x72, 0x69, 0x7a, 0x6f,
  0x6e, 0x74, 0x61, 0x6c, 0x20, 0x7c, 0x7c, 0x20, 0x30, 0x7d, 0x22, 0x0a,
  0x20, 0x20, 0x20, 0x20, 0x20, 0x20, 0x20, 0x20, 0x20, 0x20, 0x20, 0x20,
  0x20, 0x20, 0x20, 0x20, 0x20, 0x20, 0x20, 0x20, 0x20, 0x20, 0x20, 0x20,
  0x20, 0x20, 0x20, 0x20, 0x20, 0x20, 0x20, 0x20, 0x20, 0x20, 0x20, 0x20,
  0x20, 0x20, 0x20, 0x20, 0x6f, 0x6e, 0x69, 0x6e, 0x70, 0x75, 0x74, 0x3d,
  0x22, 0x74, 0x68, 0x69, 0x73, 0x2e, 0x73, 0x65, 0x74, 0x43, 0x75, 0x73,
  0x74, 0x6f, 0x6d, 0x56, 0x61, 0x6c, 0x69, 0x64, 0x69, 0x74, 0x79, 0x28,
  0x74, 0x68, 0x69, 0x73, 0x2e, 0x76, 0x61, 0x6c, 0x75, 0x65, 0x3c, 0x30,
  0x7c, 0x7c, 0x74, 0x68, 0x69, 0x73, 0x2e, 0x76, 0x61, 0x6c, 0x75, 0x65,
  0x3e, 0x32, 0x35, 0x34, 0x2e, 0x32, 0x35, 0x3f, 0x27, 0xe5, 0x9c, 0xb0,
  0xe9, 0x80, 0x9f, 0xe8, 0x8c, 0x83, 0xe5, 0x9b, 0xb4, 0x30, 0x7e, 0x32,
  0x35, 0x34, 0x2e, 0x32, 0x35, 0x6d, 0x2f, 0x73, 0x27, 0x3a, 0x27, 0x27,
  0x29, 0x22, 0x3e, 0x0a, 0x20, 0x20, 0x20, 0x20, 0x20, 0x20, 0x20, 0x20,
  0x20, 0x20, 0x20, 0x20, 0x20, 0x20, 0x20, 0x20, 0x20, 0x20, 0x20, 0x20,
  0x20, 0x20, 0x20, 0x20, 0x20, 0x20, 0x20, 0x20, 0x20, 0x20, 0x20, 0x20,
  0x3c, 0x2f, 0x6c, 0x61, 0x62, 0x65, 0x6c, 0x3e, 0x0a, 0x20, 0x20, 0x20,
  0x20, 0x20, 0x20, 0x20, 0x20, 0x20, 0x20, 0x20, 0x20, 0x20, 0x20, 0x20,
  0x20, 0x20, 0x20, 0x20, 0x20, 0x20, 0x20, 0x20, 0x20, 0x20, 0x20, 0x20,
  0x20, 0x20, 0x20, 0x20, 0x20, 0x3c, 0x6c, 0x61, 0x62, 0x65, 0x6c, 0x3e,
  0xe5, 0x9e, 0x82, 0xe7, 0x9b, 0xb4, 0xe9, 0x80, 0x9f, 0xe5, 0xba, 0xa6,
  0x20, 0x28, 0x6d, 0x2f, 0x73, 0x29, 0x0a, 0x20, 0x20, 0x20, 0x20, 0x20,
  0x20, 0x20, 0x20, 0x20, 0x20, 0x20, 0x20, 0x20, 0x20, 0x20, 0x20, 0x20,
  0x20, 0x20, 0x20, 0x20, 0x20, 0x20, 0x20, 0x20, 0x20, 0x20, 0x20, 0x20,
  0x20, 0x20, 0x20, 0x20, 0x20, 0x20, 0x20, 0x3c, 0x21, 0x2d, 0x2d, 0x20,
  0xe5, 0x9e, 0x82, 0xe7, 0x9b, 0xb4, 0xe9, 0x80, 0x9f, 0xe5, 0xba, 0xa6,
  0x20, 0x2d, 0x2d, 0x3e, 0x0a, 0x20, 0x20, 0x20, 0x20, 0x20, 0x20, 0x20,
  0x20, 0x20, 0x20, 0x20, 0x20, 0x20, 0x20, 0x20, 0x20, 0x20, 0x20, 0x20,
  0x20, 0x20, 0x20, 0x20, 0x20, 0x20, 0x20, 0x20, 0x20, 0x20, 0x20, 0x20,
  0x20, 0x20, 0x20, 0x20, 0x20, 0x3c, 0x69, 0x6e, 0x70, 0x75, 0x74, 0x20,
  0x63, 0x6c, 0x61, 0x73, 0x73, 0x3d, 0x22, 0x76, 0x65, 0x72, 0x74, 0x2d,
  0x73, 0x70, 0x65, 0x65, 0x64, 0x22, 0x20, 0x74, 0x79, 0x70, 0x65, 0x3d,
  0x22, 0x6e, 0x75, 0x6d, 0x62, 0x65, 0x72, 0x22, 0x20, 0x73, 0x74, 0x65,
  0x70, 0x3d, 0x22, 0x30, 0x2e, 0x31, 0x22, 0x20, 0x6d, 0x69, 0x6e, 0x3d,
  0x22, 0x2d, 0x36, 0x32, 0x22, 0x20, 0x6d, 0x61, 0x78, 0x3d, 0x22, 0x36,
  0x32, 0x22, 0x0a, 0x20, 0x20, 0x20, 0x20, 0x20, 0x20, 0x20, 0x20, 0x20,
  0x20, 0x20, 0x20, 0x20, 0x20, 0x20, 0x20, 0x20, 0x20, 0x20, 0x20, 0x20,
  0x20, 0x20, 0x20, 0x20, 0x20, 0x20, 0x20, 0x20, 0x20, 0x20, 0x20, 0x20,
  0x20, 0x20, 0x20, 0x20, 0x20, 0x20, 0x20, 0x76, 0x61, 0x6c, 0x75, 0x65,
  0x3d, 0x22, 0x24, 0x7b, 0x69, 0x6e, 0x73, 0x74, 0x2e, 0x73, 0x70, 0x65,
  0x65, 0x64, 0x5f, 0x76, 0x65, 0x72, 0x74, 0x69, 0x63, 0x61, 0x6c, 0x20,
  0x7c, 0x7c, 0x20, 0x30, 0x7d, 0x22, 0x0a, 0x20, 0x20, 0x20, 0x20, 0x20,
  0x20, 0x20, 0x20, 0x20, 0x20, 0x20, 0x20, 0x20, 0x20, 0x20, 0x20, 0x20,
  0x20, 0x20, 0x20, 0x20, 0x20, 0x20, 0x20, 0x20, 0x20, 0x20, 0x20, 0x20,
  0x20, 0x20, 0x20, 0x20, 0x20, 0x20, 0x20, 0x20, 0x20, 0x20, 0x20, 0x6f,
  0x6e, 0x69, 0x6e, 0x70, 0x75, 0x74, 0x3d, 0x22, 0x74, 0x68, 0x69, 0x73,
  0x2e, 0x73, 0x65, 0x74, 0x43, 0x75, 0x73, 0x74, 0x6f, 0x6d, 0x56, 0x61,
  0x6c, 0x69, 0x64, 0x69, 0x74, 0x79, 0x28, 0x74, 0x68, 0x69, 0x73, 0x2e,
  0x76, 0x61, 0x6c, 0x75, 0x65, 0x3c, 0x2d, 0x36, 0x32, 0x7c, 0x7c, 0x74,
  0x68, 0x69, 0x73, 0x2e, 0x76, 0x61, 0x6c, 0x75, 0x65, 0x3e, 0x36, 0x32,
  0x3f, 0x27, 0xe5, 0x9e, 0x82, 0xe7, 0x9b, 0xb4, 0xe9, 0x80, 0x9f, 0xe5,
  0xba, 0xa6, 0xe8, 0x8c, 0x83, 0xe5, 0x9b, 0xb4, 0x2d, 0x36, 0x32, 0x7e,
  0x36, 0x32, 0x6d, 0x2f, 0x73, 0x27, 0x3a, 0x27, 0x27, 0x29, 0x22, 0x3e,
  0x0a, 0x20, 0x20, 0x20, 0x20, 0x20, 0x20, 0x20, 0x20, 0x20, 0x20, 0x20,
  0x20, 0x20, 0x20, 0x20, 0x20, 0x20, 0x20, 0x20, 0x20, 0x20, 0x20, 0x20,
  0x20, 0x20, 0x20, 0x20, 0x20, 0x20, 0x20, 0x20, 0x20, 0x3c, 0x2f, 0x6c,
  0x61, 0x62, 0x65, 0x6c, 0x3e, 0x0a, 0x20, 0x20, 0x20, 0x20, 0x20, 0x20,
  0x20, 0x20, 0x20, 0x20, 0x20, 0x20, 0x20, 0x20, 0x20, 0x20, 0x20, 0x20,
  0x20, 0x20, 0x20, 0x20, 0x20, 0x20, 0x20, 0x20, 0x20, 0x20, 0x20, 0x20,
  0x20, 0x20, 0x3c, 0x6c, 0x61, 0x62, 0x65, 0x6c, 0x3e, 0xe8, 0x88, 0xaa,
  0xe5, 0x90, 0x91, 0x20, 0x28, 0xe5, 0xba, 0xa6, 0x29, 0x0a, 0x0a, 0x20,
  0x20, 0x20, 0x20, 0x20, 0x20, 0x20, 0x20, 0x20, 0x20, 0x20, 0x20, 0x20,
  0x20, 0x20, 0x20, 0x20, 0x20, 0x20, 0x20, 0x20, 0x20, 0x20, 0x20, 0x20,
  0x20, 0x20, 0x20, 0x20, 0x20, 0x20, 0x20, 0x20, 0x20, 0x20, 0x20, 0x3c,
  0x21, 0x2d, 0x2d, 0x20, 0xe8, 0x88, 0xaa, 0xe5, 0x90, 0x91, 0x20, 0x2d,
  0x2d, 0x3e, 0x0a, 0x20, 0x20, 0x20, 0x20, 0x20, 0x20, 0x20, 0x20, 0x20,
  0x20, 0x20, 0x20, 0x20, 0x20, 0x20, 0x20, 0x20, 0x20, 0x20, 0x20, 0x20,
  0x20, 0x20, 0x20, 0x20, 0x20, 0x20, 0x20, 0x20, 0x20, 0x20, 0x20, 0x20,
  0x20, 0x20, 0x20, 0x3c, 0x69, 0x6e, 0x70, 0x75, 0x74, 0x20, 0x63, 0x6c,
  0x61, 0x73, 0x73, 0x3d, 0x22, 0x68, 0x65, 0x61, 0x64, 0x69, 0x6e, 0x67,
  0x22, 0x20, 0x74, 0x79, 0x70, 0x65, 0x3d, 0x22, 0x6e, 0x75, 0x6d, 0x62,
  0x65, 0x72, 0x22, 0x20, 0x73, 0x74, 0x65, 0x70, 0x3d, 0x22, 0x31, 0x22,
  0x20, 0x6d, 0x69, 0x6e, 0x3d, 0x22, 0x30, 0x22, 0x20, 0x6d, 0x61, 0x78,
  0x3d, 0x22, 0x33, 0x35, 0x39, 0x22, 0x0a, 0x20, 0x20, 0x20, 0x20, 0x20,
  0x20, 0x20, 0x20, 0x20, 0x20, 0x20, 0x20, 0x20, 0x20, 0x20, 0x20, 0x20,
  0x20, 0x20, 0x20, 0x20, 0x20, 0x20, 0x20, 0x20, 0x20, 0x20, 0x20, 0x20,
  0x20, 0x20, 0x20, 0x20, 0x20, 0x20, 0x20, 0x20, 0x20, 0x20, 0x20, 0x76,
  0x61, 0x6c, 0x75, 0x65, 0x3d, 0x22, 0x24, 0x7b, 0x69, 0x6e, 0x73, 0x74,
  0x2e, 0x68, 0x65, 0x61, 0x64, 0x69, 0x6e, 0x67, 0x20, 0x7c, 0x7c, 0x20,
  0x30, 0x7d, 0x22, 0x0a, 0x20, 0x20, 0x20, 0x20, 0x20, 0x20, 0x20, 0x20,
  0x20, 0x20, 0x20, 0x20, 0x20, 0x20, 0x20, 0x20, 0x20, 0x20, 0x20, 0x20,
  0x20, 0x20, 0x20, 0x20, 0x20, 0x20, 0x20, 0x20, 0x20, 0x20, 0x20, 0x20,
  0x20, 0x20, 0x20, 0x20, 0x20, 0x20, 0x20, 0x20, 0x6f, 0x6e, 0x69, 0x6e,
  0x70, 0x75, 0x74, 0x3d, 0x22, 0x74, 0x68, 0x69, 0x73, 0x2e, 0x73, 0x65,
  0x74, 0x43, 0x75, 0x73, 0x74, 0x6f, 0x6d, 0x56, 0x61, 0x6c, 0x69, 0x64,
  0x69, 0x74, 0x79, 0x28, 0x74, 0x68, 0x69, 0x73, 0x2e, 0x76, 0x61, 0x6c,
  0x75, 0x65, 0x3c, 0x30, 0x7c, 0x7c, 0x74, 0x68, 0x69, 0x73, 0x2e, 0x76,
  0x61, 0x6c, 0x75, 0x65, 0x3e, 0x3d, 0x33, 0x36, 0x30, 0x3f, 0x27, 0xe8,
  0x88, 0xaa, 0xe5, 0x90, 0x91, 0xe8, 0x8c, 0x83, 0xe5, 0x9b, 0xb4, 0x30,
  0x7e, 0x33, 0x35, 0x39, 0xe5, 0xba, 0xa6, 0x27, 0x3a, 0x27, 0x27, 0x29,
  0x22, 0x3e, 0x0a, 0x20, 0x20, 0x20, 0x20, 0x20, 0x20, 0x20, 0x20, 0x20,
  0x20, 0x20, 0x20, 0x20, 0x20, 0x20, 0x20, 0x20, 0x20, 0x20, 0x20, 0x20,
  0x20, 0x20, 0x20, 0x20, 0x20, 0x20, 0x20, 0x20, 0x20, 0x20, 0x20, 0x3c,
  0x2f, 0x6c, 0x61, 0x62, 0x65, 0x6c, 0x3e, 0x0a, 0x20, 0x20, 0x20, 0x20,
  0x20, 0x20, 0x20, 0x20, 0x20, 0x20, 0x20, 0x20, 0x20, 0x20, 0x20, 0x20,
  0x20, 0x20, 0x20, 0x20, 0x20, 0x20, 0x20, 0x20, 0x20, 0x20, 0x20, 0x20,
  0x20, 0x20, 0x20, 0x20, 0x3c, 0x6c, 0x61, 0x62, 0x65, 0x6c, 0x3e, 0xe9,
  0xa3, 0x9e, 0xe8, 0xa1, 0x8c, 0xe6, 0xa8, 0xa1, 0xe5, 0xbc, 0x8f, 0x0a,
  0x20, 0x20, 0x20, 0x20, 0x20, 0x20, 0x20, 0x20, 0x20, 0x20, 0x20, 0x20,
  0x20, 0x20, 0x20, 0x20, 0x20, 0x20, 0x20, 0x20, 0x20, 0x20, 0x20, 0x20,
  0x20, 0x20, 0x20, 0x20, 0x20, 0x20, 0x20, 0x20, 0x20, 0x20, 0x20, 0x20,
  0x3c, 0x73, 0x65, 0x6c, 0x65, 0x63, 0x74, 0x20, 0x63, 0x6c, 0x61, 0x73,
  0x73, 0x3d, 0x22, 0x6d, 0x6f, 0x64, 0x65, 0x2d, 0x73, 0x65, 0x6c, 0x65,
  0x63, 0x74, 0x22, 0x3e, 0x0a, 0x20, 0x20, 0x20, 0x20, 0x20, 0x20, 0x20,
  0x20, 0x20, 0x20, 0x20, 0x20, 0x20, 0x20, 0x20, 0x20, 0x20, 0x20, 0x20,
  0x20, 0x20, 0x20, 0x20, 0x20, 0x20, 0x20, 0x20, 0x20, 0x20, 0x20, 0x20,
  0x20, 0x20, 0x20, 0x20, 0x20, 0x20, 0x20, 0x20, 0x20, 0x3c, 0x6f, 0x70,
  0x74, 0x69, 0x6f, 0x6e, 0x20, 0x76, 0x61, 0x6c, 0x75, 0x65, 0x3d, 0x22,
  0x30, 0x22, 0x20, 0x24, 0x7b, 0x69, 0x6e, 0x73, 0x74, 0x2e, 0x66, 0x6c,
  0x69, 0x67, 0x68, 0x74, 0x5f, 0x6d, 0x6f, 0x64, 0x65, 0x3d, 0x3d, 0x3d,
  0x30, 0x3f, 0x27, 0x73, 0x65, 0x6c, 0x65, 0x63, 0x74, 0x65, 0x64, 0x27,
  0x3a, 0x27, 0x27, 0x7d, 0x3e, 0xe5, 0x9c, 0x86, 0xe5, 0x91, 0xa8, 0x3c,
  0x2f, 0x6f, 0x70, 0x74, 0x69, 0x6f, 0x6e, 0x3e, 0x0a, 0x20, 0x20, 0x20,
  0x20, 0x20, 0x20, 0x20, 0x20, 0x20, 0x20, 0x20, 0x20, 0x20, 0x20, 0x20,
  0x20, 0x20, 0x20, 0x20, 0x20, 0x20, 0x20, 0x20, 0x20, 0x20, 0x20, 0x20,
  0x20, 0x20, 0x20, 0x20, 0x20, 0x20, 0x20, 0x20, 0x20, 0x20, 0x20, 0x20,
  0x20, 0x3c, 0x6f, 0x70, 0x74, 0x69, 0x6f, 0x6e, 0x20, 0x76, 0x61, 0x6c,
  0x75, 0x65, 0x3d, 0x22, 0x31, 0x22, 0x20, 0x24, 0x7b, 0x69, 0x6e, 0x73,
  0x74, 0x2e, 0x66, 0x6c, 0x69, 0x67, 0x68, 0x74, 0x5f, 0x6d, 0x6f, 0x64,
  0x65, 0x3d, 0x3d, 0x3d, 0x31, 0x3f, 0x27, 0x73, 0x65, 0x6c, 0x65, 0x63,
  0x74, 0x65, 0x64, 0x27, 0x3a, 0x27, 0x27, 0x7d, 0x3e, 0xe7, 0x9b, 0xb4,
  0xe7, 0xba, 0xbf, 0xe5, 0xbe, 0x80, 0xe8, 0xbf, 0x94, 0x3c, 0x2f, 0x6f,
  0x70, 0x74, 0x69, 0x6f, 0x6e, 0x3e, 0x0a, 0x20, 0x20, 0x20, 0x20, 0x20,
  0x20, 0x20, 0x20, 0x20, 0x20, 0x20, 0x20, 0x20, 0x20, 0x20, 0x20, 0x20,
  0x20, 0x20, 0x20, 0x20, 0x20, 0x20, 0x20, 0x20, 0x20, 0x20, 0x20, 0x20,
  0x20, 0x20, 0x20, 0x20, 0x20, 0x20, 0x20, 0x20, 0x20, 0x20, 0x20, 0x3c,
  0x6f, 0x70, 0x74, 0x69, 0x6f, 0x6e, 0x20, 0x76, 0x61, 0x6c, 0x75, 0x65,
  0x3d, 0x22, 0x32, 0x22, 0x20, 0x24, 0x7b, 0x69, 0x6e, 0x73, 0x74, 0x2e,
  0x66, 0x6c, 0x69, 0x67, 0x68, 0x74, 0x5f, 0x6d, 0x6f, 0x64, 0x65, 0x3d,
  0x3d, 0x3d, 0x32, 0x3f, 0x27, 0x73, 0x65, 0x6c, 0x65, 0x63, 0x74, 0x65,
  0x64, 0x27, 0x3a, 0x27, 0x27, 0x7d, 0x3e, 0x53, 0xe5, 0xbd, 0xa2, 0xe6,
  0x90, 0x9c, 0xe7, 0xb4, 0xa2, 0x3c, 0x2f, 0x6f, 0x70, 0x74, 0x69, 0x6f,
  0x6e, 0x3e, 0x0a, 0x20, 0x20, 0x20, 0x20, 0x20, 0x20, 0x20, 0x20, 0x20,
  0x20, 0x20, 0x20, 0x20, 0x20, 0x20, 0x20, 0x20, 0x20, 0x20, 0x20, 0x20,
  0x20, 0x20, 0x20, 0x20, 0x20, 0x20, 0x20, 0x20, 0x20, 0x20, 0x20, 0x20,
  0x20, 0x20, 0x20, 0x20, 0x20, 0x20, 0x20, 0x3c, 0x6f, 0x70, 0x74, 0x69,
  0x6f, 0x6e, 0x20, 0x76, 0x61, 0x6c, 0x75, 0x65, 0x3d, 0x22, 0x33, 0x22,
  0x20, 0x24, 0x7b, 0x69, 0x6e, 0x73, 0x74, 0x2e, 0x66, 0x6c, 0x69, 0x67,
  0x68, 0x74, 0x5f, 0x6d, 0x6f, 0x64, 0x65, 0x3d, 0x3d, 0x3d, 0x33, 0x3f,
  0x27, 0x73, 0x65, 0x6c, 0x65, 0x63, 0x74, 0x65, 0x64, 0x27, 0x3a, 0x27,
  0x27, 0x7d, 0x3e, 0xe6, 0x82, 0xac, 0xe5, 0x81, 0x9c, 0x3c, 0x2f, 0x6f,
  0x70, 0x74, 0x69, 0x6f, 0x6e, 0x3e, 0x0a, 0x20, 0x20, 0x20, 0x20, 0x20,
  0x20, 0x20, 0x20, 0x20, 0x20, 0x20, 0x20, 0x20, 0x20, 0x20, 0x20, 0x20,
  0x20, 0x20, 0x20, 0x20, 0x20, 0x20, 0x20, 0x20, 0x20, 0x20, 0x20, 0x20,
  0x20, 0x20, 0x20, 0x20, 0x20, 0x20, 0x20, 0x20, 0x20, 0x20, 0x20, 0x3c,
  0x6f, 0x70, 0x74, 0x69, 0x6f, 0x6e, 0x20, 0x76, 0x61, 0x6c, 0x75, 0x65,
  0x3d, 0x22, 0x34, 0x22, 0x20, 0x24, 0x7b, 0x69, 0x6e, 0x73, 0x74, 0x2e,
  0x66, 0x6c, 0x69, 0x67, 0x68, 0x74, 0x5f, 0x6d, 0x6f, 0x64, 0x65, 0x3d,
  0x3d, 0x3d, 0x34, 0x3f, 0x27, 0x73, 0x65, 0x6c, 0x65, 0x63, 0x74, 0x65,
  0x64, 0x27, 0x3a, 0x27, 0x27, 0x7d, 0x3e, 0xe9, 0x9a, 0x8f, 0xe6, 0x9c,
  0xba, 0xe6, 0xb8, 0xb8, 0xe8, 0xb5, 0xb0, 0x3c, 0x2f, 0x6f, 0x70, 0x74,
  0x69, 0x6f, 0x6e, 0x3e, 0x0a, 0x20, 0x20, 0x20, 0x20, 0x20, 0x20, 0x20,
  0x20, 0x20, 0x20, 0x20, 0x20, 0x20, 0x20, 0x20, 0x20, 0x20, 0x20, 0x20,
  0x20, 0x20, 0x20, 0x20, 0x20, 0x20, 0x20, 0x20, 0x20, 0x20, 0x20, 0x20,
  0x20, 0x20, 0x20, 0x20, 0x20, 0x3c, 0x2f, 0x73, 0x65, 0x6c, 0x65, 0x63,
  0x74, 0x3e, 0x0a, 0x20, 0x20, 0x20, 0x20, 0x20, 0x20, 0x20, 0x20, 0x20,
  0x20, 0x20, 0x20, 0x20, 0x20, 0x20, 0x20, 0x20, 0x20, 0x20, 0x20, 0x20,
  0x20, 0x20, 0x20, 0x20, 0x20, 0x20, 0x20, 0x20, 0x20, 0x20, 0x20, 0x3c,
  0x2f, 0x6c, 0x61, 0x62, 0x65, 0x6c, 0x3e, 0x0a, 0x20, 0x20, 0x20, 0x20,
  0x20, 0x20, 0x20, 0x20, 0x20, 0x20, 0x20, 0x20, 0x20, 0x20, 0x20, 0x20,
  0x20, 0x20, 0x20, 0x20, 0x20, 0x20, 0x20, 0x20, 0x20, 0x20, 0x20, 0x20,
  0x3c, 0x2f, 0x64, 0x69, 0x76, 0x3e, 0x0a, 0x0a, 0x20, 0x20, 0x20, 0x20,
  0x20, 0x20, 0x20, 0x20, 0x20, 0x20, 0x20, 0x20, 0x20, 0x20, 0x20, 0x20,
  0x20, 0x20, 0x20, 0x20, 0x20, 0x20, 0x20, 0x20, 0x20, 0x20, 0x20, 0x20,
  0x3c, 0x21, 0x2d, 0x2d, 0x20, 0x47, 0x42, 0x34, 0x32, 0x35, 0x39, 0x30,
  0x20, 0x2f, 0x20, 0x41, 0x53, 0x54, 0x4d, 0x20, 0xe7, 0x89, 0xb9, 0xe6,
  0x9c, 0x89, 0xe5, 0xad, 0x97, 0xe6, 0xae, 0xb5, 0x20, 0x2d, 0x2d, 0x3e,
  0x0a, 0x20, 0x20, 0x20, 0x20, 0x20, 0x20, 0x20, 0x20, 0x20, 0x20, 0x20,
  0x20, 0x20, 0x20, 0x20, 0x20, 0x20, 0x20, 0x20, 0x20, 0x20, 0x20, 0x20,
  0x20, 0x20, 0x20, 0x20, 0x20, 0x3c, 0x64, 0x69, 0x76, 0x20, 0x63, 0x6c,
  0x61, 0x73, 0x73, 0x3d, 0x22, 0x67, 0x62, 0x34, 0x32, 0x35, 0x39, 0x30,
  0x2d, 0x66, 0x69, 0x65, 0x6c, 0x64, 0x73, 0x22, 0x20, 0x73, 0x74, 0x79,
  0x6c, 0x65, 0x3d, 0x22, 0x64, 0x69, 0x73, 0x70, 0x6c, 0x61, 0x79, 0x3a,
  0x24, 0x7b, 0x73, 0x68, 0x6f, 0x77, 0x47, 0x62, 0x34, 0x32, 0x35, 0x39,
  0x30, 0x20, 0x3f, 0x20, 0x27, 0x67, 0x72, 0x69, 0x64, 0x27, 0x20, 0x3a,
  0x20, 0x27, 0x6e, 0x6f, 0x6e, 0x65, 0x27, 0x7d, 0x22, 0x3e, 0x0a, 0x20,
  0x20, 0x20, 0x20, 0x20, 0x20, 0x20, 0x20, 0x20, 0x20, 0x20, 0x20, 0x20,
  0x20, 0x20, 0x20, 0x20, 0x20, 0x20, 0x20, 0x20, 0x20, 0x20, 0x20, 0x20,
  0x20, 0x20, 0x20, 0x20, 0x20, 0x20, 0x20, 0x3c, 0x6c, 0x61, 0x62, 0x65,
  0x6c, 0x3e, 0x49, 0x44, 0xe7, 0xb1, 0xbb, 0xe5, 0x9e, 0x8b, 0x0a, 0x20,
  0x20, 0x20, 0x20, 0x20, 0x20, 0x20, 0x20, 0x20, 0x20, 0x20, 0x20, 0x20,
  0x20, 0x20, 0x20, 0x20, 0x20, 0x20, 0x20, 0x20, 0x20, 0x20, 0x20, 0x20,
  0x20, 0x20, 0x20, 0x20, 0x20, 0x20, 0x20, 0x20, 0x20, 0x20, 0x20, 0x3c,
  0x73, 0x65, 0x6c, 0x65, 0x63, 0x74, 0x20, 0x63, 0x6c, 0x61, 0x73, 0x73,
  0x3d, 0x22, 0x69, 0x64, 0x2d, 0x74, 0x79, 0x70, 0x65, 0x22, 0x3e, 0x0a,
  0x20, 0x20, 0x20, 0x20, 0x20, 0x20, 0x20, 0x20, 0x20, 0x20, 0x20, 0x20,
  0x20, 0x20, 0x20, 0x20, 0x20, 0x20, 0x20, 0x20, 0x20, 0x20, 0x20, 0x20,
  0x20, 0x20, 0x20, 0x20, 0x20, 0x20, 0x20, 0x20, 0x20, 0x20, 0x20, 0x20,
  0x20, 0x20, 0x20, 0x20, 0x3c, 0x6f, 0x70, 0x74, 0x69, 0x6f, 0x6e, 0x20,
  0x76, 0x61, 0x6c, 0x75, 0x65, 0x3d, 0x22, 0x30, 0x22, 0x20, 0x24, 0x7b,
  0x69, 0x6e, 0x73, 0x74, 0x2e, 0x69, 0x64, 0x5f, 0x74, 0x79, 0x70, 0x65,
  0x3d, 0x3d, 0x3d, 0x30, 0x3f, 0x27, 0x73, 0x65, 0x6c, 0x65, 0x63, 0x74,
  0x65, 0x64, 0x27, 0x3a, 0x27, 0x27, 0x7d, 0x3e, 0x4e, 0x6f, 0x6e, 0x65,
  0x3c, 0x2f, 0x6f, 0x70, 0x74, 0x69, 0x6f, 0x6e, 0x3e, 0x0a, 0x20, 0x20,
  0x20, 0x20, 0x20, 0x20, 0x20, 0x20, 0x20, 0x20, 0x20, 0x20, 0x20, 0x20,
  0x20, 0x20, 0x20, 0x20, 0x20, 0x20, 0x20, 0x20, 0x20, 0x20, 0x20, 0x20,
  0x20, 0x20, 0x20, 0x20, 0x20, 0x20, 0x20, 0x20, 0x20, 0x20, 0x20, 0x20,
  0x20, 0x20, 0x3c, 0x6f, 0x70, 0x74, 0x69, 0x6f, 0x6e, 0x20, 0x76, 0x61,
  0x6c, 0x75, 0x65, 0x3d, 0x22, 0x31, 0x22, 0x20, 0x24, 0x7b, 0x69, 0x6e,
  0x73, 0x74, 0x2e, 0x69, 0x64, 0x5f, 0x74, 0x79, 0x70, 0x65, 0x3d, 0x3d,
  0x3d, 0x31, 0x3f, 0x27, 0x73, 0x65, 0x6c, 0x65, 0x63, 0x74, 0x65, 0x64,
  0x27, 0x3a, 0x27, 0x27, 0x7d, 0x3e, 0x53, 0x65, 0x72, 0x69, 0x61, 0x6c,
  0x20, 0x4e, 0x75, 0x6d, 0x62, 0x65, 0x72, 0x3c, 0x2f, 0x6f, 0x70, 0x74,
  0x69, 0x6f, 0x6e, 0x3e, 0x0a, 0x20, 0x20, 0x20, 0x20, 0x20, 0x20, 0x20,
  0x20, 0x20, 0x20, 0x20, 0x20, 0x20, 0x20, 0x20, 0x20, 0x20, 0x20, 0x20,
  0x20, 0x20, 0x20, 0x20, 0x20, 0x20, 0x20, 0x20, 0x20, 0x20, 0x20, 0x20,
  0x20, 0x20, 0x20, 0x20, 0x20, 0x20, 0x20, 0x20, 0x20, 0x3c, 0x6f, 0x70,
  0x74, 0x69, 0x6f, 0x6e, 0x20, 0x76, 0x61, 0x6c, 0x75, 0x65, 0x3d, 0x22,
  0x32, 0x22, 0x20, 0x24, 0x7b, 0x69, 0x6e, 0x73, 0x74, 0x2e, 0x69, 0x64,
  0x5f, 0x74, 0x79, 0x70, 0x65, 0x3d, 0x3d, 0x3d, 0x32, 0x3f, 0x27, 0x73,
  0x65, 0x6c, 0x65, 0x63, 0x74, 0x65, 0x64, 0x27, 0x3a, 0x27, 0x27, 0x7d,
  0x3e, 0x43, 0x41, 0x41, 0x20, 0x52, 0x65, 0x67, 0x69, 0x73, 0x74, 0x72,
  0x61, 0x74, 0x69, 0x6f, 0x6e, 0x3c, 0x2f, 0x6f, 0x70, 0x74, 0x69, 0x6f,
  0x6e, 0x3e, 0x0a, 0x20, 0x20, 0x20, 0x20, 0x20, 0x20, 0x20, 0x20, 0x20,
  0x20, 0x20, 0x20, 0x20, 0x20, 0x20, 0x20, 0x20, 0x20, 0x20, 0x20, 0x20,
  0x20, 0x20, 0x20, 0x20, 0x20, 0x20, 0x20, 0x20, 0x20, 0x20, 0x20, 0x20,
  0x20, 0x20, 0x20, 0x20, 0x20, 0x20, 0x20, 0x3c, 0x6f, 0x70, 0x74, 0x69,
  0x6f, 0x6e, 0x20, 0x76, 0x61, 0x6c, 0x75, 0x65, 0x3d, 0x22, 0x33, 0x22,
  0x20, 0x24, 0x7b, 0x69, 0x6e, 0x73, 0x74, 0x2e, 0x69, 0x64, 0x5f, 0x74,
  0x79, 0x70, 0x65, 0x3d, 0x3d, 0x3d, 0x33, 0x3f, 0x27, 0x73, 0x65, 0x6c,
  0x65, 0x63, 0x74, 0x65, 0x64, 0x27, 0x3a, 0x27, 0x27, 0x7d, 0x3e, 0x55,
  0x54, 0x4d, 0x20, 0x41, 0x73, 0x73, 0x69, 0x67, 0x6e, 0x65, 0x64, 0x20,
  0x55, 0x55, 0x49, 0x44, 0x3c, 0x2f, 0x6f, 0x70, 0x74, 0x69, 0x6f, 0x6e,
  0x3e, 0x0a, 0x20, 0x20, 0x20, 0x20, 0x20, 0x20, 0x20, 0x20, 0x20, 0x20,
  0x20, 0x20, 0x20, 0x20, 0x20, 0x20, 0x20, 0x20, 0x20, 0x20, 0x20, 0x20,
  0x20, 0x20, 0x20, 0x20, 0x20, 0x20, 0x20, 0x20, 0x20, 0x20, 0x20, 0x20,
  0x20, 0x20, 0x20, 0x20, 0x20, 0x20, 0x3c, 0x6f, 0x70, 0x74, 0x69, 0x6f,
  0x6e, 0x20, 0x76, 0x61, 0x6c, 0x75, 0x65, 0x3d, 0x22, 0x34, 0x22, 0x20,
  0x24, 0x7b, 0x69, 0x6e, 0x73, 0x74, 0x2e, 0x69, 0x64, 0x5f, 0x74, 0x79,
  0x70, 0x65, 0x3d, 0x3d, 0x3d, 0x34, 0x3f, 0x27, 0x73, 0x65, 0x6c, 0x65,
  0x63, 0x74, 0x65, 0x64, 0x27, 0x3a, 0x27, 0x27, 0x7d, 0x3e, 0x53, 0x70,
  0x65, 0x63, 0x69, 0x66, 0x69, 0x63, 0x20, 0x53, 0x65, 0x73, 0x73, 0x69,
  0x6f, 0x6e, 0x20, 0x49, 0x44, 0x3c, 0x2f, 0x6f, 0x70, 0x74, 0x69, 0x6f,
  0x6e, 0x3e, 0x0a, 0x20, 0x20, 0x20, 0x20, 0x20, 0x20, 0x20, 0x20, 0x20,
  0x20, 0x20, 0x20, 0x20, 0x20, 0x20, 0x20, 0x20, 0x20, 0x20, 0x20, 0x20,
  0x20, 0x20, 0x20, 0x20, 0x20, 0x20, 0x20, 0x20, 0x20, 0x20, 0x20, 0x20,
  0x20, 0x20, 0x20, 0x3c, 0x2f, 0x73, 0x65, 0x6c, 0x65, 0x63, 0x74, 0x3e,
  0x0a, 0x20, 0x20, 0x20, 0x20, 0x20, 0x20, 0x20, 0x20, 0x20, 0x20, 0x20,
  0x20, 0x20, 0x20, 0x20, 0x20, 0x20, 0x20, 0x20, 0x20, 0x20, 0x20, 0x20,
  0x20, 0x20, 0x20, 0x20, 0x20, 0x20, 0x20, 0x20, 0x20, 0x3c, 0x2f, 0x6c,
  0x61, 0x62, 0x65, 0x6c, 0x3e, 0x0a, 0x20, 0x20, 0x20, 0x20, 0x20, 0x20,
  0x20, 0x20, 0x20, 0x20, 0x20, 0x20, 0x20, 0x20, 0x20, 0x20, 0x20, 0x20,
  0x20, 0x20, 0x20, 0x20, 0x20, 0x20, 0x20, 0x20, 0x20, 0x20, 0x20, 0x20,
  0x20, 0x20, 0x3c, 0x6c, 0x61, 0x62, 0x65, 0x6c, 0x3e, 0x55, 0x41, 0xe7,
  0xb1, 0xbb, 0xe5, 0x9e, 0x8b, 0x0a, 0x20, 0x20, 0x20, 0x20, 0x20, 0x20,
  0x20, 0x20, 0x20, 0x20, 0x20, 0x20, 0x20, 0x20, 0x20, 0x20, 0x20, 0x20,
  0x20, 0x20, 0x20, 0x20, 0x20, 0x20, 0x20, 0x20, 0x20, 0x20, 0x20, 0x20,
  0x20, 0x20, 0x20, 0x20, 0x20, 0x20, 0x3c, 0x73, 0x65, 0x6c, 0x65, 0x63,
  0x74, 0x20, 0x63, 0x6c, 0x61, 0x73, 0x73, 0x3d, 0x22, 0x75, 0x61, 0x2d,
  0x74, 0x79, 0x70, 0x65, 0x22, 0x3e, 0x0a, 0x20, 0x20, 0x20, 0x20, 0x20,
  0x20, 0x20, 0x20, 0x20, 0x20, 0x20, 0x20, 0x20, 0x20, 0x20, 0x20, 0x20,
  0x20, 0x20, 0x20, 0x20, 0x20, 0x20, 0x20, 0x20, 0x20, 0x20, 0x20, 0x20,
  0x20, 0x20, 0x20, 0x20, 0x20, 0x20, 0x20, 0x20, 0x20, 0x20, 0x20, 0x3c,
  0x6f, 0x70, 0x74, 0x69, 0x6f, 0x6e, 0x20, 0x76, 0x61, 0x6c, 0x75, 0x65,
  0x3d, 0x22, 0x30, 0x22, 0x20, 0x24, 0x7b, 0x69, 0x6e, 0x73, 0x74, 0x2e,
  0x75, 0x61, 0x5f, 0x74, 0x79, 0x70, 0x65, 0x3d, 0x3d, 0x3d, 0x30, 0x3f,
  0x27, 0x73, 0x65, 0x6c, 0x65, 0x63, 0x74, 0x65, 0x64, 0x27, 0x3a, 0x27,
  0x27, 0x7d, 0x3e, 0x4e, 0x6f, 0x6e, 0x65, 0x3c, 0x2f, 0x6f, 0x70, 0x74,
  0x69, 0x6f, 0x6e, 0x3e, 0x0a, 0x20, 0x20, 0x20, 0x20, 0x20, 0x20, 0x20,
  0x20, 0x20, 0x20, 0x20, 0x20, 0x20, 0x20, 0x20, 0x20, 0x20, 0x20, 0x20,
  0x20, 0x20, 0x20, 0x20, 0x20, 0x20, 0x20, 0x20, 0x20, 0x20, 0x20, 0x20,
  0x20, 0x20, 0x20, 0x20, 0x20, 0x20, 0x20, 0x20, 0x20, 0x3c, 0x6f, 0x70,
  0x74, 0x69, 0x6f, 0x6e, 0x20, 0x76, 0x61, 0x6c, 0x75, 0x65, 0x3d, 0x22,
  0x31, 0x22, 0x20, 0x24, 0x7b, 0x69, 0x6e, 0x73, 0x74, 0x2e, 0x75, 0x61,
  0x5f, 0x74, 0x79, 0x70, 0x65, 0x3d, 0x3d, 0x3d, 0x31, 0x3f, 0x27, 0x73,
  0x65, 0x6c, 0x65, 0x63, 0x74, 0x65, 0x64, 0x27, 0x3a, 0x27, 0x27, 0x7d,
  0x3e, 0x41, 0x65, 0x72, 0x6f, 0x70, 0x6c, 0x61, 0x6e, 0x65, 0x3c, 0x2f,
  0x6f, 0x70, 0x74, 0x69, 0x6f, 0x6e, 0x3e, 0x0a, 0x20, 0x20, 0x20, 0x20,
  0x20, 0x20, 0x20, 0x20, 0x20, 0x20, 0x20, 0x20, 0x20, 0x20, 0x20, 0x20,
  0x20, 0x20, 0x20, 0x20, 0x20, 0x20, 0x20, 0x20, 0x20, 0x20, 0x20, 0x20,
  0x20, 0x20, 0x20, 0x20, 0x20, 0x20, 0x20, 0x20, 0x20, 0x20, 0x20, 0x20,
  0x3c, 0x6f, 0x70, 0x74, 0x69, 0x6f, 0x6e, 0x20, 0x76, 0x61, 0x6c, 0x75,
  0x65, 0x3d, 0x22, 0x32, 0x22, 0x20, 0x24, 0x7b, 0x69, 0x6e, 0x73, 0x74,
  0x2e, 0x75, 0x61, 0x5f, 0x74, 0x79, 0x70, 0x65, 0x3d, 0x3d, 0x3d, 0x32,
  0x3f, 0x27, 0x73, 0x65, 0x6c, 0x65, 0x63, 0x74, 0x65, 0x64, 0x27, 0x3a,
  0x27, 0x27, 0x7d, 0x3e, 0x48, 0x65, 0x6c, 0x69, 0x63, 0x6f, 0x70, 0x74,
  0x65, 0x72, 0x3c, 0x2f, 0x6f, 0x70, 0x74, 0x69, 0x6f, 0x6e, 0x3e, 0x0a,
  0x20, 0x20, 0x20, 0x20, 0x20, 0x20, 0x20, 0x20, 0x20, 0x20, 0x20, 0x20,
  0x20, 0x20, 0x20, 0x20, 0x20, 0x20, 0x20, 0x20, 0x20, 0x20, 0x20, 0x20,
  0x20, 0x20, 0x20, 0x20, 0x20, 0x20, 0x20, 0x20, 0x20, 0x20, 0x20, 0x20,
  0x20, 0x20, 0x20, 0x20, 0x3c, 0x6f, 0x70, 0x74, 0x69, 0x6f, 0x6e, 0x20,
  0x76, 0x61, 0x6c, 0x75, 0x65, 0x3d, 0x22, 0x33, 0x22, 0x20, 0x24, 0x7b,
  0x69, 0x6e, 0x73, 0x74, 0x2e, 0x75, 0x61, 0x5f, 0x74, 0x79, 0x70, 0x65,
  0x3d, 0x3d, 0x3d, 0x33, 0x3f, 0x27, 0x73, 0x65, 0x6c, 0x65, 0x63, 0x74,
  0x65, 0x64, 0x27, 0x3a, 0x27, 0x27, 0x7d, 0x3e, 0x47, 0x79, 0x72, 0x6f,
  0x70, 0x6c, 0x61, 0x6e, 0x65, 0x3c, 0x2f, 0x6f, 0x70, 0x74, 0x69, 0x6f,
  0x6e, 0x3e, 0x0a, 0x20, 0x20, 0x20, 0x20, 0x20, 0x20, 0x20, 0x20, 0x20,
  0x20, 0x20, 0x20, 0x20, 0x20, 0x20, 0x20, 0x20, 0x20, 0x20, 0x20, 0x20,
  0x20, 0x20, 0x20, 0x20, 0x20, 0x20, 0x20, 0x20, 0x20, 0x20, 0x20, 0x20,
  0x20, 0x20, 0x20, 0x20, 0x20, 0x20, 0x20, 0x3c, 0x6f, 0x70, 0x74, 0x69,
  0x6f, 0x6e, 0x20, 0x76, 0x61, 0x6c, 0x75, 0x65, 0x3d, 0x22, 0x34, 0x22,
  0x20, 0x24, 0x7b, 0x69, 0x6e, 0x73, 0x74, 0x2e, 0x75, 0x61, 0x5f, 0x74,
  0x79, 0x70, 0x65, 0x3d, 0x3d, 0x3d, 0x34, 0x3f, 0x27, 0x73, 0x65, 0x6c,
  0x65, 0x63, 0x74, 0x65, 0x64, 0x27, 0x3a, 0x27, 0x27, 0x7d, 0x3e, 0x48,
  0x79, 0x62, 0x72, 0x69, 0x64, 0x20, 0x4c, 0x69, 0x66, 0x74, 0x3c, 0x2f,
  0x6f, 0x70, 0x74, 0x69, 0x6f, 0x6e, 0x3e, 0x0a, 0x20, 0x20, 0x20, 0x20,
  0x20, 0x20, 0x20, 0x20, 0x20, 0x20, 0x20, 0x20, 0x20, 0x20, 0x20, 0x20,
  0x20, 0x20, 0x20, 0x20, 0x20, 0x20, 0x20, 0x20, 0x20, 0x20, 0x20, 0x20,
  0x20, 0x20, 0x20, 0x20, 0x20, 0x20, 0x20, 0x20, 0x20, 0x20, 0x20, 0x20,
  0x3c, 0x6f, 0x70, 0x74, 0x69, 0x6f, 0x6e, 0x20, 0x76, 0x61, 0x6c, 0x75,
  0x65, 0x3d, 0x22, 0x35, 0x22, 0x20, 0x24, 0x7b, 0x69, 0x6e, 0x73, 0x74,
  0x2e, 0x75, 0x61, 0x5f, 0x74, 0x79, 0x70, 0x65, 0x3d, 0x3d, 0x3d, 0x35,
  0x3f, 0x27, 0x73, 0x65, 0x6c, 0x65, 0x63, 0x74, 0x65, 0x64, 0x27, 0x3a,
  0x27, 0x27, 0x7d, 0x3e, 0x4f, 0x72, 0x6e, 0x69, 0x74, 0x68, 0x6f, 0x70,
  0x74, 0x65, 0x72, 0x3c, 0x2f, 0x6f, 0x70, 0x74, 0x69, 0x6f, 0x6e, 0x3e,
  0x0a, 0x20, 0x20, 0x20, 0x20, 0x20, 0x20, 0x20, 0x20, 0x20, 0x20, 0x20,
  0x20, 0x20, 0x20, 0x20, 0x20, 0x20, 0x20, 0x20, 0x20, 0x20, 0x20, 0x20,
  0x20, 0x20, 0x20, 0x20, 0x20, 0x20, 0x20, 0x20, 0x20, 0x20, 0x20, 0x20,
  0x20, 0x20, 0x20, 0x20, 0x20, 0x3c, 0x6f, 0x70, 0x74, 0x69, 0x6f, 0x6e,
  0x20, 0x76, 0x61, 0x6c, 0x75, 0x65, 0x3d, 0x22, 0x36, 0x22, 0x20, 0x24,
  0x7b, 0x69, 0x6e, 0x73, 0x74, 0x2e, 0x75, 0x61, 0x5f, 0x74, 0x79, 0x70,
  0x65, 0x3d, 0x3d, 0x3d, 0x36, 0x3f, 0x27, 0x73, 0x65, 0x6c, 0x65, 0x63,
  0x74, 0x65, 0x64, 0x27, 0x3a, 0x27, 0x27, 0x7d, 0x3e, 0x47, 0x6c, 0x69,
  0x64, 0x65, 0x72, 0x3c, 0x2f, 0x6f, 0x70, 0x74, 0x69, 0x6f, 0x6e, 0x3e,
  0x0a, 0x20, 0x20, 0x20, 0x20, 0x20, 0x20, 0x20, 0x20, 0x20, 0x20, 0x20,
  0x20, 0x20, 0x20, 0x20, 0x20, 0x20, 0x20, 0x20, 0x20, 0x20, 0x20, 0x20,
  0x20, 0x20, 0x20, 0x20, 0x20, 0x20, 0x20, 0x20, 0x20, 0x20, 0x20, 0x20,
  0x20, 0x20, 0x20, 0x20, 0x20, 0x3c, 0x6f, 0x70, 0x74, 0x69, 0x6f, 0x6e,
  0x20, 0x76, 0x61, 0x6c, 0x75, 0x65, 0x3d, 0x22, 0x37, 0x22, 0x20, 0x24,
  0x7b, 0x69, 0x6e, 0x73, 0x74, 0x2e, 0x75, 0x61, 0x5f, 0x74, 0x79, 0x70,
  0x65, 0x3d, 0x3d, 0x3d, 0x37, 0x3f, 0x27, 0x73, 0x65, 0x6c, 0x65, 0x63,
  0x74, 0x65, 0x64, 0x27, 0x3a, 0x27, 0x27, 0x7d, 0x3e, 0x4b, 0x69, 0x74,
  0x65, 0x3c, 0x2f, 0x6f, 0x70, 0x74, 0x69, 0x6f, 0x6e, 0x3e, 0x0a, 0x20,
  0x20, 0x20, 0x20, 0x20, 0x20, 0x20, 0x20, 0x20, 0x20, 0x20, 0x20, 0x20,
  0x20, 0x20, 0x20, 0x20, 0x20, 0x20, 0x20, 0x20, 0x20, 0x20, 0x20, 0x20,
  0x20, 0x20, 0x20, 0x20, 0x20, 0x20, 0x20, 0x20, 0x20, 0x20, 0x20, 0x20,
  0x20, 0x20, 0x20, 0x3c, 0x6f, 0x70, 0x74, 0x69, 0x6f, 0x6e, 0x20, 0x76,
  0x61, 0x6c, 0x75, 0x65, 0x3d, 0x22, 0x38, 0x22, 0x20, 0x24, 0x7b, 0x69,
  0x6e, 0x73, 0x74, 0x2e, 0x75, 0x61, 0x5f, 0x74, 0x79, 0x70, 0x65, 0x3d,
  0x3d, 0x3d, 0x38, 0x3f, 0x27, 0x73, 0x65, 0x6c, 0x65, 0x63, 0x74, 0x65,
  0x64, 0x27, 0x3a, 0x27, 0x27, 0x7d, 0x3e, 0x46, 0x72, 0x65, 0x65, 0x20,
  0x42, 0x61, 0x6c, 0x6c, 0x6f, 0x6f, 0x6e, 0x3c, 0x2f, 0x6f, 0x70, 0x74,
  0x69, 0x6f, 0x6e, 0x3e, 0x0a, 0x20, 0x20, 0x20, 0x20, 0x20, 0x20, 0x20,
  0x20, 0x20, 0x20, 0x20, 0x20, 0x20, 0x20, 0x20, 0x20, 0x20, 0x20, 0x20,
  0x20, 0x20, 0x20, 0x20, 0x20, 0x20, 0x20, 0x20, 0x20, 0x20, 0x20, 0x20,
  0x20, 0x20, 0x20, 0x20, 0x20, 0x20, 0x20, 0x20, 0x20, 0x3c, 0x6f, 0x70,
  0x74, 0x69, 0x6f, 0x6e, 0x20, 0x76, 0x61, 0x6c, 0x75, 0x65, 0x3d, 0x22,
  0x39, 0x22, 0x20, 0x24, 0x7b, 0x69, 0x6e, 0x73, 0x74, 0x2e, 0x75, 0x61,
  0x5f, 0x74, 0x79, 0x70, 0x65, 0x3d, 0x3d, 0x3d, 0x39, 0x3f, 0x27, 0x73,
  0x65, 0x6c, 0x65, 0x63, 0x74, 0x65, 0x64, 0x27, 0x3a, 0x27, 0x27, 0x7d,
  0x3e, 0x43, 0x61, 0x70, 0x74, 0x69, 0x76, 0x65, 0x20, 0x42, 0x61, 0x6c,
  0x6c, 0x6f, 0x6f, 0x6e, 0x3c, 0x2f, 0x6f, 0x70, 0x74, 0x69, 0x6f, 0x6e,
  0x3e, 0x0a, 0x20, 0x20, 0x20, 0x20, 0x20, 0x20, 0x20, 0x20, 0x20, 0x20,
  0x20, 0x20, 0x20, 0x20, 0x20, 0x20, 0x20, 0x20, 0x20, 0x20, 0x20, 0x20,
  0x20, 0x20, 0x20, 0x20, 0x20, 0x20, 0x20, 0x20, 0x20, 0x20, 0x20, 0x20,
  0x20, 0x20, 0x20, 0x20, 0x20, 0x20, 0x3c, 0x6f, 0x70, 0x74, 0x69, 0x6f,
  0x6e, 0x20, 0x76, 0x61, 0x6c, 0x75, 0x65, 0x3d, 0x22, 0x31, 0x30, 0x22,
  0x20, 0x24, 0x7b, 0x69, 0x6e, 0x73, 0x74, 0x2e, 0x75, 0x61, 0x5f, 0x74,
  0x79, 0x70, 0x65, 0x3d, 0x3d, 0x3d, 0x31, 0x30, 0x3f, 0x27, 0x73, 0x65,
  0x6c, 0x65, 0x63, 0x74, 0x65, 0x64, 0x27, 0x3a, 0x27, 0x27, 0x7d, 0x3e,
  0x41, 0x69, 0x72, 0x73, 0x68, 0x69, 0x70, 0x3c, 0x2f, 0x6f, 0x70, 0x74,
  0x69, 0x6f, 0x6e, 0x3e, 0x0a, 0x20, 0x20, 0x20, 0x20, 0x20, 0x20, 0x20,
  0x20, 0x20, 0x20, 0x20, 0x20, 0x20, 0x20, 0x20, 0x20, 0x20, 0x20, 0x20,
  0x20, 0x20, 0x20, 0x20, 0x20, 0x20, 0x20, 0x20, 0x20, 0x20, 0x20, 0x20,
  0x20, 0x20, 0x20, 0x20, 0x20, 0x20, 0x20, 0x20, 0x20, 0x3c, 0x6f, 0x70,
  0x74, 0x69, 0x6f, 0x6e, 0x20, 0x76, 0x61, 0x6c, 0x75, 0x65, 0x3d, 0x22,
  0x31, 0x31, 0x22, 0x20, 0x24, 0x7b, 0x69, 0x6e, 0x73, 0x74, 0x2e, 0x75,
  0x61, 0x5f, 0x74, 0x79, 0x70, 0x65, 0x3d, 0x3d, 0x3d, 0x31, 0x31, 0x3f,
  0x27, 0x73, 0x65, 0x6c, 0x65, 0x63, 0x74, 0x65, 0x64, 0x27, 0x3a, 0x27,
  0x27, 0x7d, 0x3e, 0x46, 0x72, 0x65, 0x65, 0x20, 0x46, 0x61, 0x6c, 0x6c,
  0x2f, 0x50, 0x61, 0x72, 0x61, 0x63, 0x68, 0x75, 0x74, 0x65, 0x3c, 0x2f,
  0x6f, 0x70, 0x74, 0x69, 0x6f, 0x6e, 0x3e, 0x0a, 0x20, 0x20, 0x20, 0x20,
  0x20, 0x20, 0x20, 0x20, 0x20, 0x20, 0x20, 0x20, 0x20, 0x20, 0x20, 0x20,
  0x20, 0x20, 0x20, 0x20, 0x20, 0x20, 0x20, 0x20, 0x20, 0x20, 0x20, 0x20,
  0x20, 0x20, 0x20, 0x20, 0x20, 0x20, 0x20, 0x20, 0x20, 0x20, 0x20, 0x20,
  0x3c, 0x6f, 0x70, 0x74, 0x69, 0x6f, 0x6e, 0x20, 0x76, 0x61, 0x6c, 0x75,
  0x65, 0x3d, 0x22, 0x31, 0x32, 0x22, 0x20, 0x24, 0x7b, 0x69, 0x6e, 0x73,
  0x74, 0x2e, 0x75, 0x61, 0x5f, 0x74, 0x79, 0x70, 0x65, 0x3d, 0x3d, 0x3d,
  0x31, 0x32, 0x3f, 0x27, 0x73, 0x65, 0x6c, 0x65, 0x63, 0x74, 0x65, 0x64,
  0x27, 0x3a, 0x27, 0x27, 0x7d, 0x3e, 0x52, 0x6f, 0x63, 0x6b, 0x65, 0x74,
  0x3c, 0x2f, 0x6f, 0x70, 0x74, 0x69, 0x6f, 0x6e, 0x3e, 0x0a, 0x20, 0x20,
  0x20, 0x20, 0x20, 0x20, 0x20, 0x20, 0x20, 0x20, 0x20, 0x20, 0x20, 0x20,
  0x20, 0x20, 0x20, 0x20, 0x20, 0x20, 0x20, 0x20, 0x20, 0x20, 0x20, 0x20,
  0x20, 0x20, 0x20, 0x20, 0x20, 0x20, 0x20, 0x20, 0x20, 0x20, 0x20, 0x20,
  0x20, 0x20, 0x3c, 0x6f, 0x70, 0x74, 0x69, 0x6f, 0x6e, 0x20, 0x76, 0x61,
  0x6c, 0x75, 0x65, 0x3d, 0x22, 0x31, 0x33, 0x22, 0x20, 0x24, 0x7b, 0x69,
  0x6e, 0x73, 0x74, 0x2e, 0x75, 0x61, 0x5f, 0x74, 0x79, 0x70, 0x65, 0x3d,
  0x3d, 0x3d, 0x31, 0x33, 0x3f, 0x27, 0x73, 0x65, 0x6c, 0x65, 0x63, 0x74,
  0x65, 0x64, 0x27, 0x3a, 0x27, 0x27, 0x7d, 0x3e, 0x54, 0x65, 0x74, 0x68,
  0x65, 0x72, 0x65, 0x64, 0x20, 0x50, 0x6f, 0x77, 0x65, 0x72, 0x65, 0x64,
  0x3c, 0x2f, 0x6f, 0x70, 0x74, 0x69, 0x6f, 0x6e, 0x3e, 0x0a, 0x20, 0x20,
  0x20, 0x20, 0x20, 0x20, 0x20, 0x20, 0x20, 0x20, 0x20, 0x20, 0x20, 0x20,
  0x20, 0x20, 0x20, 0x20, 0x20, 0x20, 0x20, 0x20, 0x20, 0x20, 0x20, 0x20,
  0x20, 0x20, 0x20, 0x20, 0x20, 0x20, 0x20, 0x20, 0x20, 0x20, 0x20, 0x20,
  0x20, 0x20, 0x3c, 0x6f, 0x70, 0x74, 0x69, 0x6f, 0x6e, 0x20, 0x76, 0x61,
  0x6c, 0x75, 0x65, 0x3d, 0x22, 0x31, 0x34, 0x22, 0x20, 0x24, 0x7b, 0x69,
  0x6e, 0x73, 0x74, 0x2e, 0x75, 0x61, 0x5f, 0x74, 0x79, 0x70, 0x65, 0x3d,
  0x3d, 0x3d, 0x31, 0x34, 0x3f, 0x27, 0x73, 0x65, 0x6c, 0x65, 0x63, 0x74,
  0x65, 0x64, 0x27, 0x3a, 0x27, 0x27, 0x7d, 0x3e, 0x47, 0x72, 0x6f, 0x75,
  0x6e, 0x64, 0x20, 0x4f, 0x62, 0x73, 0x74, 0x61, 0x63, 0x6c, 0x65, 0x3c,
  0x2f, 0x6f, 0x70, 0x74, 0x69, 0x6f, 0x6e, 0x3e, 0x0a, 0x20, 0x20, 0x20,
  0x20, 0x20, 0x20, 0x20, 0x20, 0x20, 0x20, 0x20, 0x20, 0x20, 0x20, 0x20,
  0x20, 0x20, 0x20, 0x20, 0x20, 0x20, 0x20, 0x20, 0x20, 0x20, 0x20, 0x20,
  0x20, 0x20, 0x20, 0x20, 0x20, 0x20, 0x20, 0x20, 0x20, 0x20, 0x20, 0x20,
  0x20, 0x3c, 0x6f, 0x70, 0x74, 0x69, 0x6f, 0x6e, 0x20, 0x76, 0x61, 0x6c,
  0x75, 0x65, 0x3d, 0x22, 0x31, 0x35, 0x22, 0x20, 0x24, 0x7b, 0x69, 0x6e,
  0x73, 0x74, 0x2e, 0x75, 0x61, 0x5f, 0x74, 0x79, 0x70, 0x65, 0x3d, 0x3d,
  0x3d, 0x31, 0x35, 0x3f, 0x27, 0x73, 0x65, 0x6c, 0x65, 0x63, 0x74, 0x65,
  0x64, 0x27, 0x3a, 0x27, 0x27, 0x7d, 0x3e, 0x4f, 0x74, 0x68, 0x65, 0x72,
  0x3c, 0x2f, 0x6f, 0x70, 0x74, 0x69, 0x6f, 0x6e, 0x3e, 0x0a, 0x20, 0x20,
  0x20, 0x20, 0x20, 0x20, 0x20, 0x20, 0x20, 0x20, 0x20, 0x20, 0x20, 0x20,
  0x20, 0x20, 0x20, 0x20, 0x20, 0x20, 0x20, 0x20, 0x20, 0x20, 0x20, 0x20,
  0x20, 0x20, 0x20, 0x20, 0x20, 0x20, 0x20, 0x20, 0x20, 0x20, 0x3c, 0x2f,
  0x73, 0x65, 0x6c, 0x65, 0x63, 0x74, 0x3e, 0x0a, 0x20, 0x20, 0x20, 0x20,
  0x20, 0x20, 0x20, 0x20, 0x20, 0x20, 0x20, 0x20, 0x20, 0x20, 0x20, 0x20,
  0x20, 0x20, 0x20, 0x20, 0x20, 0x20, 0x20, 0x20, 0x20, 0x20, 0x20, 0x20,
  0x20, 0x20, 0x20, 0x20, 0x3c, 0x2f, 0x6c, 0x61, 0x62, 0x65, 0x6c, 0x3e,
  0x0a, 0x20, 0x20, 0x20, 0x20, 0x20, 0x20, 0x20, 0x20, 0x20, 0x20, 0x20,
  0x20, 0x20, 0x20, 0x20, 0x20, 0x20, 0x20, 0x20, 0x20, 0x20, 0x20, 0x20,
  0x20, 0x20, 0x20, 0x20, 0x20, 0x20, 0x20, 0x20, 0x20, 0x3c, 0x6c, 0x61,
  0x62, 0x65, 0x6c, 0x3e, 0xe8, 0xbf, 0x90, 0xe8, 0xa1, 0x8c, 0xe7, 0x8a,
  0xb6, 0xe6, 0x80, 0x81, 0x0a, 0x20, 0x20, 0x20, 0x20, 0x20, 0x20, 0x20,
  0x20, 0x20, 0x20, 0x20, 0x20, 0x20, 0x20, 0x20, 0x20, 0x20, 0x20, 0x20,
  0x20, 0x20, 0x20, 0x20, 0x20, 0x20, 0x20, 0x20, 0x20, 0x20, 0x20, 0x20,
  0x20, 0x20, 0x20, 0x20, 0x20, 0x3c, 0x73, 0x65, 0x6c, 0x65, 0x63, 0x74,
  0x20, 0x63, 0x6c, 0x61, 0x73, 0x73, 0x3d, 0x22, 0x73, 0x74, 0x61, 0x74,
  0x75, 0x73, 0x22, 0x3e, 0x0a, 0x20, 0x20, 0x20, 0x20, 0x20, 0x20, 0x20,
  0x20, 0x20, 0x20, 0x20, 0x20, 0x20, 0x20, 0x20, 0x20, 0x20, 0x20, 0x20,
  0x20, 0x20, 0x20, 0x20, 0x20, 0x20, 0x20, 0x20, 0x20, 0x20, 0x20, 0x20,
  0x20, 0x20, 0x20, 0x20, 0x20, 0x20, 0x20, 0x20, 0x20, 0x3c, 0x6f, 0x70,
  0x74, 0x69, 0x6f, 0x6e, 0x20, 0x76, 0x61, 0x6c, 0x75, 0x65, 0x3d, 0x22,
  0x30, 0x22, 0x20, 0x24, 0x7b, 0x69, 0x6e, 0x73, 0x74, 0x2e, 0x73, 0x74,
  0x61, 0x74, 0x75, 0x73, 0x3d, 0x3d, 0x3d, 0x30, 0x3f, 0x27, 0x73, 0x65,
  0x6c, 0x65, 0x63, 0x74, 0x65, 0x64, 0x27, 0x3a, 0x27, 0x27, 0x7d, 0x3e,
  0x55, 0x6e, 0x64, 0x65, 0x63, 0x6c, 0x61, 0x72, 0x65, 0x64, 0x3c, 0x2f,
  0x6f, 0x70, 0x74, 0x69, 0x6f, 0x6e, 0x3e, 0x0a, 0x20, 0x20, 0x20, 0x20,
  0x20, 0x20, 0x20, 0x20, 0x20, 0x20, 0x20, 0x20, 0x20, 0x20, 0x20, 0x20,
  0x20, 0x20, 0x20, 0x20, 0x20, 0x20, 0x20, 0x20, 0x20, 0x20, 0x20, 0x20,
  0x20, 0x20, 0x20, 0x20, 0x20, 0x20, 0x20, 0x20, 0x20, 0x20, 0x20, 0x20,
  0x3c, 0x6f, 0x70, 0x74, 0x69, 0x6f, 0x6e, 0x20, 0x76, 0x61, 0x6c, 0x75,
  0x65, 0x3d, 0x22, 0x31, 0x22, 0x20, 0x24, 0x7b, 0x69, 0x6e, 0x73, 0x74,
  0x2e, 0x73, 0x74, 0x61, 0x74, 0x75, 0x73, 0x3d, 0x3d, 0x3d, 0x31, 0x3f,
  0x27, 0x73, 0x65, 0x6c, 0x65, 0x63, 0x74, 0x65, 0x64, 0x27, 0x3a, 0x27,
  0x27, 0x7d, 0x3e, 0x47, 0x72, 0x6f, 0x75, 0x6e, 0x64, 0x3c, 0x2f, 0x6f,
  0x70, 0x74, 0x69, 0x6f, 0x6e, 0x3e, 0x0a, 0x20, 0x20, 0x20, 0x20, 0x20,
  0x20, 0x20, 0x20, 0x20, 0x20, 0x20, 0x20, 0x20, 0x20, 0x20, 0x20, 0x20,
  0x20, 0x20, 0x20, 0x20, 0x20, 0x20, 0x20, 0x20, 0x20, 0x20, 0x20, 0x20,
  0x20, 0x20, 0x20, 0x20, 0x20, 0x20, 0x20, 0x20, 0x20, 0x20, 0x20, 0x3c,
  0x6f, 0x70, 0x74, 0x69, 0x6f, 0x6e, 0x20, 0x76, 0x61, 0x6c, 0x75, 0x65,
  0x3d, 0x22, 0x32, 0x22, 0x20, 0x24, 0x7b, 0x69, 0x6e, 0x73, 0x74, 0x2e,
  0x73, 0x74, 0x61, 0x74, 0x75, 0x73, 0x3d, 0x3d, 0x3d, 0x32, 0x3f, 0x27,
  0x73, 0x65, 0x6c, 0x65, 0x63, 0x74, 0x65, 0x64, 0x27, 0x3a, 0x27, 0x27,
  0x7d, 0x3e, 0x41, 0x69, 0x72, 0x62, 0x6f, 0x72, 0x6e, 0x65, 0x3c, 0x2f,
  0x6f, 0x70, 0x74, 0x69, 0x6f, 0x6e, 0x3e, 0x0a, 0x20, 0x20, 0x20, 0x20,
  0x20, 0x20, 0x20, 0x20, 0x20, 0x20, 0x20, 0x20, 0x20, 0x20, 0x20, 0x20,
  0x20, 0x20, 0x20, 0x20, 0x20, 0x20, 0x20, 0x20, 0x20, 0x20, 0x20, 0x20,
  0x20, 0x20, 0x20, 0x20, 0x20, 0x20, 0x20, 0x20, 0x20, 0x20, 0x20, 0x20,
  0x3c, 0x6f, 0x70, 0x74, 0x69, 0x6f, 0x6e, 0x20, 0x76, 0x61, 0x6c, 0x75,
  0x65, 0x3d, 0x22, 0x33, 0x22, 0x20, 0x24, 0x7b, 0x69, 0x6e, 0x73, 0x74,
  0x2e, 0x73, 0x74, 0x61, 0x74, 0x75, 0x73, 0x3d, 0x3d, 0x3d, 0x33, 0x3f,
  0x27, 0x73, 0x65, 0x6c, 0x65, 0x63, 0x74, 0x65, 0x64, 0x27, 0x3a, 0x27,
  0x27, 0x7d, 0x3e, 0x45, 0x6d, 0x65, 0x72, 0x67, 0x65, 0x6e, 0x63, 0x79,
  0x3c, 0x2f, 0x6f, 0x70, 0x74, 0x69, 0x6f, 0x6e, 0x3e, 0x0a, 0x20, 0x20,
  0x20, 0x20, 0x20, 0x20, 0x20, 0x20, 0x20, 0x20, 0x20, 0x20, 0x20, 0x20,
  0x20, 0x20, 0x20, 0x20, 0x20, 0x20, 0x20, 0x20, 0x20, 0x20, 0x20, 0x20,
  0x20, 0x20, 0x20, 0x20, 0x20, 0x20, 0x20, 0x20, 0x20, 0x20, 0x20, 0x20,
  0x20, 0x20, 0x3c, 0x6f, 0x70, 0x74, 0x69, 0x6f, 0x6e, 0x20, 0x76, 0x61,
  0x6c, 0x75, 0x65, 0x3d, 0x22, 0x34, 0x22, 0x20, 0x24, 0x7b, 0x69, 0x6e,
  0x73, 0x74, 0x2e, 0x73, 0x74, 0x61, 0x74, 0x75, 0x73, 0x3d, 0x3d, 0x3d,
  0x34, 0x3f, 0x27, 0x73, 0x65, 0x6c, 0x65, 0x63, 0x74, 0x65, 0x64, 0x27,
  0x3a, 0x27, 0x27, 0x7d, 0x3e, 0x52, 0x65, 0x6d, 0x6f, 0x74, 0x65, 0x20,
  0x49, 0x44, 0x20, 0x46, 0x61, 0x69, 0x6c, 0x75, 0x72, 0x65, 0x3c, 0x2f,
  0x6f, 0x70, 0x74, 0x69, 0x6f, 0x6e, 0x3e, 0x0a, 0x20, 0x20, 0x20, 0x20,
  0x20, 0x20, 0x20, 0x20, 0x20, 0x20, 0x20, 0x20, 0x20, 0x20, 0x20, 0x20,
  0x20, 0x20, 0x20, 0x20, 0x20, 0x20, 0x20, 0x20, 0x20, 0x20, 0x20, 0x20,
  0x20, 0x20, 0x20, 0x20, 0x20, 0x20, 0x20, 0x20, 0x3c, 0x2f, 0x73, 0x65,
  0x6c, 0x65, 0x63, 0x74, 0x3e, 0x0a, 0x20, 0x20, 0x20, 0x20, 0x20, 0x20,
  0x20, 0x20, 0x20, 0x20, 0x20, 0x20, 0x20, 0x20, 0x20, 0x20, 0x20, 0x20,
  0x20, 0x20, 0x20, 0x20, 0x20, 0x20, 0x20, 0x20, 0x20, 0x20, 0x20, 0x20,
  0x20, 0x20, 0x3c, 0x2f, 0x6c, 0x61, 0x62, 0x65, 0x6c, 0x3e, 0x0a, 0x20,
  0x20, 0x20, 0x20, 0x20, 0x20, 0x20, 0x20, 0x20, 0x20, 0x20, 0x20, 0x20,
  0x20, 0x20, 0x20, 0x20, 0x20, 0x20, 0x20, 0x20, 0x20, 0x20, 0x20, 0x20,
  0x20, 0x20, 0x20, 0x20, 0x20, 0x20, 0x20, 0x3c, 0x6c, 0x61, 0x62, 0x65,
  0x6c, 0x3e, 0xe9, 0xab, 0x98, 0xe5, 0xba, 0xa6, 0xe7, 0xb1, 0xbb, 0xe5,
  0x9e, 0x8b, 0x0a, 0x20, 0x20, 0x20, 0x20, 0x20, 0x20, 0x20, 0x20, 0x20,
  0x20, 0x20, 0x20, 0x20, 0x20, 0x20, 0x20, 0x20, 0x20, 0x20, 0x20, 0x20,
  0x20, 0x20, 0x20, 0x20, 0x20, 0x20, 0x20, 0x20, 0x20, 0x20, 0x20, 0x20,
  0x20, 0x20, 0x20, 0x3c, 0x73, 0x65, 0x6c, 0x65, 0x63, 0x74, 0x20, 0x63,
  0x6c, 0x61, 0x73, 0x73, 0x3d, 0x22, 0x68, 0x65, 0x69, 0x67, 0x68, 0x74,
  0x2d, 0x74, 0x79, 0x70, 0x65, 0x22, 0x3e, 0x0a, 0x20, 0x20, 0x20, 0x20,
  0x20, 0x20, 0x20, 0x20, 0x20, 0x20, 0x20, 0x20, 0x20, 0x20, 0x20, 0x20,
  0x20, 0x20, 0x20, 0x20, 0x20, 0x20, 0x20, 0x20, 0x20, 0x20, 0x20, 0x20,
  0x20, 0x20, 0x20, 0x20, 0x20, 0x20, 0x20, 0x20, 0x20, 0x20, 0x20, 0x20,
  0x3c, 0x6f, 0x70, 0x74, 0x69, 0x6f, 0x6e, 0x20, 0x76, 0x61, 0x6c, 0x75,
  0x65, 0x3d, 0x22, 0x30, 0x22, 0x20, 0x24, 0x7b, 0x69, 0x6e, 0x73, 0x74,
  0x2e, 0x68, 0x65, 0x69, 0x67, 0x68, 0x74, 0x5f, 0x74, 0x79, 0x70, 0x65,
  0x3d, 0x3d, 0x3d, 0x30, 0x3f, 0x27, 0x73, 0x65, 0x6c, 0x65, 0x63, 0x74,
  0x65, 0x64, 0x27, 0x3a, 0x27, 0x27, 0x7d, 0x3e, 0x4f, 0x76, 0x65, 0x72,
  0x20, 0x54, 0x61, 0x6b, 0x65, 0x6f, 0x66, 0x66, 0x3c, 0x2f, 0x6f, 0x70,
  0x74, 0x69, 0x6f, 0x6e, 0x3e, 0x0a, 0x20, 0x20, 0x20, 0x20, 0x20, 0x20,
  0x20, 0x20, 0x20, 0x20, 0x20, 0x20, 0x20, 0x20, 0x20, 0x20, 0x20, 0x20,
  0x20, 0x20, 0x20, 0x20, 0x20, 0x20, 0x20, 0x20, 0x20, 0x20, 0x20, 0x20,
  0x20, 0x20, 0x20, 0x20, 0x20, 0x20, 0x20, 0x20, 0x20, 0x20, 0x3c, 0x6f,
  0x70, 0x74, 0x69, 0x6f, 0x6e, 0x20, 0x76, 0x61, 0x6c, 0x75, 0x65, 0x3d,
  0x22, 0x31, 0x22, 0x20, 0x24, 0x7b, 0x69, 0x6e, 0x73, 0x74, 0x2e, 0x68,
  0x65, 0x69, 0x67, 0x68, 0x74, 0x5f, 0x74, 0x79, 0x70, 0x65, 0x3d, 0x3d,
  0x3d, 0x31, 0x3f, 0x27, 0x73, 0x65, 0x6c, 0x65, 0x63, 0x74, 0x65, 0x64,
  0x27, 0x3a, 0x27, 0x27, 0x7d, 0x3e, 0x41, 0x47, 0x4c, 0x3c, 0x2f, 0x6f,
  0x70, 0x74, 0x69, 0x6f, 0x6e, 0x3e, 0x0a, 0x20, 0x20, 0x20, 0x20, 0x20,
  0x20, 0x20, 0x20, 0x20, 0x20, 0x20, 0x20, 0x20, 0x20, 0x20, 0x20, 0x20,
  0x20, 0x20, 0x20, 0x20, 0x20, 0x20, 0x20, 0x20, 0x20, 0x20, 0x20, 0x20,
  0x20, 0x20, 0x20, 0x20, 0x20, 0x20, 0x20, 0x3c, 0x2f, 0x73, 0x65, 0x6c,
  0x65, 0x63, 0x74, 0x3e, 0x0a, 0x20, 0x20, 0x20, 0x20, 0x20, 0x20, 0x20,
  0x20, 0x20, 0x20, 0x20, 0x20, 0x20, 0x20, 0x20, 0x20, 0x20, 0x20, 0x20,
  0x20, 0x20, 0x20, 0x20, 0x20, 0x20, 0x20, 0x20, 0x20, 0x20, 0x20, 0x20,
  0x20, 0x3c, 0x2f, 0x6c, 0x61, 0x62, 0x65, 0x6c, 0x3e, 0x0a, 0x20, 0x20,
  0x20, 0x20, 0x20, 0x20, 0x20, 0x20, 0x20, 0x20, 0x20, 0x20, 0x20, 0x20,
  0x20, 0x20, 0x20, 0x20, 0x20, 0x20, 0x20, 0x20, 0x20, 0x20, 0x20, 0x20,
  0x20, 0x20, 0x20, 0x20, 0x20, 0x20, 0x3c, 0x6c, 0x61, 0x62, 0x65, 0x6c,
  0x3e, 0xe6, 0xb0, 0xb4, 0xe5, 0xb9, 0xb3, 0xe7, 0xb2, 0xbe, 0xe5, 0xba,
  0xa6, 0x0a, 0x20, 0x20, 0x20, 0x20, 0x20, 0x20, 0x20, 0x20, 0x20, 0x20,
  0x20, 0x20, 0x20, 0x20, 0x20, 0x20, 0x20, 0x20, 0x20, 0x20, 0x20, 0x20,
  0x20, 0x20, 0x20, 0x20, 0x20, 0x20, 0x20, 0x20, 0x20, 0x20, 0x20, 0x20,
  0x20, 0x20, 0x3c, 0x73, 0x65, 0x6c, 0x65, 0x63, 0x74, 0x20, 0x63, 0x6c,
  0x61, 0x73, 0x73, 0x3d, 0x22, 0x68, 0x2d, 0x61, 0x63, 0x63, 0x22, 0x3e,
  0x0a, 0x20, 0x20, 0x20, 0x20, 0x20, 0x20, 0x20, 0x20, 0x20, 0x20, 0x20,
  0x20, 0x20, 0x20, 0x20, 0x20, 0x20, 0x20, 0x20, 0x20, 0x20, 0x20, 0x20,
  0x20, 0x20, 0x20, 0x20, 0x20, 0x20, 0x20, 0x20, 0x20, 0x20, 0x20, 0x20,
  0x20, 0x20, 0x20, 0x20, 0x20, 0x3c, 0x6f, 0x70, 0x74, 0x69, 0x6f, 0x6e,
  0x20, 0x76, 0x61, 0x6c, 0x75, 0x65, 0x3d, 0x22, 0x30, 0x22, 0x20, 0x24,
  0x7b, 0x69, 0x6e, 0x73, 0x74, 0x2e, 0x68, 0x5f, 0x61, 0x63, 0x63, 0x3d,
  0x3d, 0x3d, 0x30, 0x3f, 0x27, 0x73, 0x65, 0x6c, 0x65, 0x63, 0x74, 0x65,
  0x64, 0x27, 0x3a, 0x27, 0x27, 0x7d, 0x3e, 0xe2, 0x89, 0xa5, 0x31, 0x38,
  0x2e, 0x35, 0x32, 0x6b, 0x6d, 0x3c, 0x2f, 0x6f, 0x70, 0x74, 0x69, 0x6f,
  0x6e, 0x3e, 0x0a, 0x20, 0x20, 0x20, 0x20, 0x20, 0x20, 0x20, 0x20, 0x20,
  0x20, 0x20, 0x20, 0x20, 0x20, 0x20, 0x20, 0x20, 0x20, 0x20, 0x20, 0x20,
  0x20, 0x20, 0x20, 0x20, 0x20, 0x20, 0x20, 0x20, 0x20, 0x20, 0x20, 0x20,
  0x20, 0x20, 0x20, 0x20, 0x20, 0x20, 0x20, 0x3c, 0x6f, 0x70, 0x74, 0x69,
  0x6f, 0x6e, 0x20, 0x76, 0x61, 0x6c, 0x75, 0x65, 0x3d, 0x22, 0x31, 0x22,
  0x20, 0x24, 0x7b, 0x69, 0x6e, 0x73, 0x74, 0x2e, 0x68, 0x5f, 0x61, 0x63,
  0x63, 0x3d, 0x3d, 0x3d, 0x31, 0x3f, 0x27, 0x73, 0x65, 0x6c, 0x65, 0x63,
  0x74, 0x65, 0x64, 0x27, 0x3a, 0x27, 0x27, 0x7d, 0x3e, 0x3c, 0x31, 0x38,
  0x2e, 0x35, 0x32, 0x6b, 0x6d, 0x3c, 0x2f, 0x6f, 0x70, 0x74, 0x69, 0x6f,
  0x6e, 0x3e, 0x0a, 0x20, 0x20, 0x20, 0x20, 0x20, 0x20, 0x20, 0x20, 0x20,
  0x20, 0x20, 0x20, 0x20, 0x20, 0x20, 0x20, 0x20, 0x20, 0x20, 0x20, 0x20,
  0x20, 0x20, 0x20, 0x20, 0x20, 0x20, 0x20, 0x20, 0x20, 0x20, 0x20, 0x20,
  0x20, 0x20, 0x20, 0x20, 0x20, 0x20, 0x20, 0x3c, 0x6f, 0x70, 0x74, 0x69,
  0x6f, 0x6e, 0x20, 0x76, 0x61, 0x6c, 0x75, 0x65, 0x3d, 0x22, 0x32, 0x22,
  0x20, 0x24, 0x7b, 0x69, 0x6e, 0x73, 0x74, 0x2e, 0x68, 0x5f, 0x61, 0x63,
  0x63, 0x3d, 0x3d, 0x3d, 0x32, 0x3f, 0x27, 0x73, 0x65, 0x6c, 0x65, 0x63,
  0x74, 0x65, 0x64, 0x27, 0x3a, 0x27, 0x27, 0x7d, 0x3e, 0x3c, 0x37, 0x2e,
  0x34, 0x31, 0x6b, 0x6d, 0x3c, 0x2f, 0x6f, 0x70, 0x74, 0x69, 0x6f, 0x6e,
  0x3e, 0x0a, 0x20, 0x20, 0x20, 0x20, 0x20, 0x20, 0x20, 0x20, 0x20, 0x20,
  0x20, 0x20, 0x20, 0x20, 0x20, 0x20, 0x20, 0x20, 0x20, 0x20, 0x20, 0x20,
  0x20, 0x20, 0x20, 0x20, 0x20, 0x20, 0x20, 0x20, 0x20, 0x20, 0x20, 0x20,
  0x20, 0x20, 0x20, 0x20, 0x20, 0x20, 0x3c, 0x6f, 0x70, 0x74, 0x69, 0x6f,
  0x6e, 0x20, 0x76, 0x61, 0x6c, 0x75, 0x65, 0x3d, 0x22, 0x33, 0x22, 0x20,
  0x24, 0x7b, 0x69, 0x6e, 0x73, 0x74, 0x2e, 0x68, 0x5f, 0x61, 0x63, 0x63,
  0x3d, 0x3d, 0x3d, 0x33, 0x3f, 0x27, 0x73, 0x65, 0x6c, 0x65, 0x63, 0x74,
  0x65, 0x64, 0x27, 0x3a, 0x27, 0x27, 0x7d, 0x3e, 0x3c, 0x33, 0x2e, 0x37,
  0x30, 0x6b, 0x6d, 0x3c, 0x2f, 0x6f, 0x70, 0x74, 0x69, 0x6f, 0x6e, 0x3e,
  0x0a, 0x20, 0x20, 0x20, 0x20, 0x20, 0x20, 0x20, 0x20, 0x20, 0x20, 0x20,
  0x20, 0x20, 0x20, 0x20, 0x20, 0x20, 0x20, 0x20, 0x20, 0x20, 0x20, 0x20,
  0x20, 0x20, 0x20, 0x20, 0x20, 0x20, 0x20, 0x20, 0x20, 0x20, 0x20, 0x20,
  0x20, 0x20, 0x20, 0x20, 0x20, 0x3c, 0x6f, 0x70, 0x74, 0x69, 0x6f, 0x6e,
  0x20, 0x76, 0x61, 0x6c, 0x75, 0x65, 0x3d, 0x22, 0x34, 0x22, 0x20, 0x24,
  0x7b, 0x69, 0x6e, 0x73, 0x74, 0x2e, 0x68, 0x5f, 0x61, 0x63, 0x63, 0x3d,
  0x3d, 0x3d, 0x34, 0x3f, 0x27, 0x73, 0x65, 0x6c, 0x65, 0x63, 0x74, 0x65,
  0x64, 0x27, 0x3a, 0x27, 0x27, 0x7d, 0x3e, 0x3c, 0x31, 0x2e, 0x38, 0x35,
  0x32, 0x6b, 0x6d, 0x3c, 0x2f, 0x6f, 0x70, 0x74, 0x69, 0x6f, 0x6e, 0x3e,
  0x0a, 0x20, 0x20, 0x20, 0x20, 0x20, 0x20, 0x20, 0x20, 0x20, 0x20, 0x20,
  0x20, 0x20, 0x20, 0x20, 0x20, 0x20, 0x20, 0x20, 0x20, 0x20, 0x20, 0x20,
  0x20, 0x20, 0x20, 0x20, 0x20, 0x20, 0x20, 0x20, 0x20, 0x20, 0x20, 0x20,
  0x20, 0x20, 0x20, 0x20, 0x20, 0x3c, 0x6f, 0x70, 0x74, 0x69, 0x6f, 0x6e,
  0x20, 0x76, 0x61, 0x6c, 0x75, 0x65, 0x3d, 0x22, 0x35, 0x22, 0x20, 0x24,
  0x7b, 0x69, 0x6e, 0x73, 0x74, 0x2e, 0x68, 0x5f, 0x61, 0x63, 0x63, 0x3d,
  0x3d, 0x3d, 0x35, 0x3f, 0x27, 0x73, 0x65, 0x6c, 0x65, 0x63, 0x74, 0x65,
  0x64, 0x27, 0x3a, 0x27, 0x27, 0x7d, 0x3e, 0x3c, 0x39, 0x32, 0x36, 0x6d,
  0x3c, 0x2f, 0x6f, 0x70, 0x74, 0x69, 0x6f, 0x6e, 0x3e, 0x0a, 0x20, 0x20,
  0x20, 0x20, 0x20, 0x20, 0x20, 0x20, 0x20, 0x20, 0x20, 0x20, 0x20, 0x20,
  0x20, 0x20, 0x20, 0x20, 0x20, 0x20, 0x20, 0x20, 0x20, 0x20, 0x20, 0x20,
  0x20, 0x20, 0x20, 0x20, 0x20, 0x20, 0x20, 0x20, 0x20, 0x20, 0x20, 0x20,
  0x20, 0x20, 0x3c, 0x6f, 0x70, 0x74, 0x69, 0x6f, 0x6e, 0x20, 0x76, 0x61,
  0x6c, 0x75, 0x65, 0x3d, 0x22, 0x36, 0x22, 0x20, 0x24, 0x7b, 0x69, 0x6e,
  0x73, 0x74, 0x2e, 0x68, 0x5f, 0x61, 0x63, 0x63, 0x3d, 0x3d, 0x3d, 0x36,
  0x3f, 0x27, 0x73, 0x65, 0x6c, 0x65, 0x63, 0x74, 0x65, 0x64, 0x27, 0x3a,
  0x27, 0x27, 0x7d, 0x3e, 0x3c, 0x35, 0x35, 0x36, 0x6d, 0x3c, 0x2f, 0x6f,
  0x70, 0x74, 0x69, 0x6f, 0x6e, 0x3e, 0x0a, 0x20, 0x20, 0x20, 0x20, 0x20,
  0x20, 0x20, 0x20, 0x20, 0x20, 0x20, 0x20, 0x20, 0x20, 0x20, 0x20, 0x20,
  0x20, 0x20, 0x20, 0x20, 0x20, 0x20, 0x20, 0x20, 0x20, 0x20, 0x20, 0x20,
  0x20, 0x20, 0x20, 0x20, 0x20, 0x20, 0x20, 0x20, 0x20, 0x20, 0x20, 0x3c,
  0x6f, 0x70, 0x74, 0x69, 0x6f, 0x6e, 0x20, 0x76, 0x61, 0x6c, 0x75, 0x65,
  0x3d, 0x22, 0x37, 0x22, 0x20, 0x24, 0x7b, 0x69, 0x6e, 0x73, 0x74, 0x2e,
  0x68, 0x5f, 0x61, 0x63, 0x63, 0x3d, 0x3d, 0x3d, 0x37, 0x3f, 0x27, 0x73,
  0x65, 0x6c, 0x65, 0x63, 0x74, 0x65, 0x64, 0x27, 0x3a, 0x27, 0x27, 0x7d,
  0x3e, 0x3c, 0x31, 0x38, 0x35, 0x6d, 0x3c, 0x2f, 0x6f, 0x70, 0x74, 0x69,
  0x6f, 0x6e, 0x3e, 0x0a, 0x20, 0x20, 0x20, 0x20, 0x20, 0x20, 0x20, 0x20,
  0x20, 0x20, 0x20, 0x20, 0x20, 0x20, 0x20, 0x20, 0x20, 0x20, 0x20, 0x20,
  0x20, 0x20, 0x20, 0x20, 0x20, 0x20, 0x20, 0x20, 0x20, 0x20, 0x20, 0x20,
  0x20, 0x20, 0x20, 0x20, 0x20, 0x20, 0x20, 0x20, 0x3c, 0x6f, 0x70, 0x74,
  0x69, 0x6f, 0x6e, 0x20, 0x76, 0x61, 0x6c, 0x75, 0x65, 0x3d, 0x22, 0x38,
  0x22, 0x20, 0x24, 0x7b, 0x69, 0x6e, 0x73, 0x74, 0x2e, 0x68, 0x5f, 0x61,
  0x63, 0x63, 0x3d, 0x3d, 0x3d, 0x38, 0x3f, 0x27, 0x73, 0x65, 0x6c, 0x65,
  0x63, 0x74, 0x65, 0x64, 0x27, 0x3a, 0x27, 0x27, 0x7d, 0x3e, 0x3c, 0x39,
  0x32, 0x2e, 0x36, 0x6d, 0x3c, 0x2f, 0x6f, 0x70, 0x74, 0x69, 0x6f, 0x6e,
  0x3e, 0x0a, 0x20, 0x20, 0x20, 0x20, 0x20, 0x20, 0x20, 0x20, 0x20, 0x20,
  0x20, 0x20, 0x20, 0x20, 0x20, 0x20, 0x20, 0x20, 0x20, 0x20, 0x20, 0x20,
  0x20, 0x20, 0x20, 0x20, 0x20, 0x20, 0x20, 0x20, 0x20, 0x20, 0x20, 0x20,
  0x20, 0x20, 0x20, 0x20, 0x20, 0x20, 0x3c, 0x6f, 0x70, 0x74, 0x69, 0x6f,
  0x6e, 0x20, 0x76, 0x61, 0x6c, 0x75, 0x65, 0x3d, 0x22, 0x39, 0x22, 0x20,
  0x24, 0x7b, 0x69, 0x6e, 0x73, 0x74, 0x2e, 0x68, 0x5f, 0x61, 0x63, 0x63,
  0x3d, 0x3d, 0x3d, 0x39, 0x3f, 0x27, 0x73, 0x65, 0x6c, 0x65, 0x63, 0x74,
  0x65, 0x64, 0x27, 0x3a, 0x27, 0x27, 0x7d, 0x3e, 0x3c, 0x33, 0x30, 0x6d,
  0x3c, 0x2f, 0x6f, 0x70, 0x74, 0x69, 0x6f, 0x6e, 0x3e, 0x0a, 0x20, 0x20,
  0x20, 0x20, 0x20, 0x20, 0x20, 0x20, 0x20, 0x20, 0x20, 0x20, 0x20, 0x20,
  0x20, 0x20, 0x20, 0x20, 0x20, 0x20, 0x20, 0x20, 0x20, 0x20, 0x20, 0x20,
  0x20, 0x20, 0x20, 0x20, 0x20, 0x20, 0x20, 0x20, 0x20, 0x20, 0x20, 0x20,
  0x20, 0x20, 0x3c, 0x6f, 0x70, 0x74, 0x69, 0x6f, 0x6e, 0x20, 0x76, 0x61,
  0x6c, 0x75, 0x65, 0x3d, 0x22, 0x31, 0x30, 0x22, 0x20, 0x24, 0x7b, 0x69,
  0x6e, 0x73, 0x74, 0x2e, 0x68, 0x5f, 0x61, 0x63, 0x63, 0x3d, 0x3d, 0x3d,
  0x31, 0x30, 0x3f, 0x27, 0x73, 0x65, 0x6c, 0x65, 0x63, 0x74, 0x65, 0x64,
  0x27, 0x3a, 0x27, 0x27, 0x7d, 0x3e, 0x3c, 0x31, 0x30, 0x6d, 0x3c, 0x2f,
  0x6f, 0x70, 0x74, 0x69, 0x6f, 0x6e, 0x3e, 0x0a, 0x20, 0x20, 0x20, 0x20,
  0x20, 0x20, 0x20, 0x20, 0x20, 0x20, 0x20, 0x20, 0x20, 0x20, 0x20, 0x20,
  0x20, 0x20, 0x20, 0x20, 0x20, 0x20, 0x20, 0x20, 0x20, 0x20, 0x20, 0x20,
  0x20, 0x20, 0x20, 0x20, 0x20, 0x20, 0x20, 0x20, 0x20, 0x20, 0x20, 0x20,
  0x3c, 0x6f, 0x70, 0x74, 0x69, 0x6f, 0x6e, 0x20, 0x76, 0x61, 0x6c, 0x75,
  0x65, 0x3d, 0x22, 0x31, 0x31, 0x22, 0x20, 0x24, 0x7b, 0x69, 0x6e, 0x73,
  0x74, 0x2e, 0x68, 0x5f, 0x61, 0x63, 0x63, 0x3d, 0x3d, 0x3d, 0x31, 0x31,
  0x3f, 0x27, 0x73, 0x65, 0x6c, 0x65, 0x63, 0x74, 0x65, 0x64, 0x27, 0x3a,
  0x27, 0x27, 0x7d, 0x3e, 0x3c, 0x33, 0x6d, 0x3c, 0x2f, 0x6f, 0x70, 0x74,
  0x69, 0x6f, 0x6e, 0x3e, 0x0a, 0x20, 0x20, 0x20, 0x20, 0x20, 0x20, 0x20,
  0x20, 0x20, 0x20, 0x20, 0x20, 0x20, 0x20, 0x20, 0x20, 0x20, 0x20, 0x20,
  0x20, 0x20, 0x20, 0x20, 0x20, 0x20, 0x20, 0x20, 0x20, 0x20, 0x20, 0x20,
  0x20, 0x20, 0x20, 0x20, 0x20, 0x20, 0x20, 0x20, 0x20, 0x3c, 0x6f, 0x70,
  0x74, 0x69, 0x6f, 0x6e, 0x20, 0x76, 0x61, 0x6c, 0x75, 0x65, 0x3d, 0x22,
  0x31, 0x32, 0x22, 0x20, 0x24, 0x7b, 0x69, 0x6e, 0x73, 0x74, 0x2e, 0x68,
  0x5f, 0x61, 0x63, 0x63, 0x3d, 0x3d, 0x3d, 0x31, 0x32, 0x3f, 0x27, 0x73,
  0x65, 0x6c, 0x65, 0x63, 0x74, 0x65, 0x64, 0x27, 0x3a, 0x27, 0x27, 0x7d,
  0x3e, 0x3c, 0x31, 0x6d, 0x3c, 0x2f, 0x6f, 0x70, 0x74, 0x69, 0x6f, 0x6e,
  0x3e, 0x0a, 0x20, 0x20, 0x20, 0x20, 0x20, 0x20, 0x20, 0x20, 0x20, 0x20,
  0x20, 0x20, 0x20, 0x20, 0x20, 0x20, 0x20, 0x20, 0x20, 0x20, 0x20, 0x20,
  0x20, 0x20, 0x20, 0x20, 0x20, 0x20, 0x20, 0x20, 0x20, 0x20, 0x20, 0x20,
  0x20, 0x20, 0x3c, 0x2f, 0x73, 0x65, 0x6c, 0x65, 0x63, 0x74, 0x3e, 0x0a,
  0x20, 0x20, 0x20, 0x20, 0x20, 0x20, 0x20, 0x20, 0x20, 0x20, 0x20, 0x20,
  0x20, 0x20, 0x20, 0x20, 0x20, 0x20, 0x20, 0x20, 0x20, 0x20, 0x20, 0x20,
  0x20, 0x20, 0x20, 0x20, 0x20, 0x20, 0x20, 0x20, 0x3c, 0x2f, 0x6c, 0x61,
  0x62, 0x65, 0x6c, 0x3e, 0x0a, 0x20, 0x20, 0x20, 0x20, 0x20, 0x20, 0x20,
  0x20, 0x20, 0x20, 0x20, 0x20, 0x20, 0x20, 0x20, 0x20, 0x20, 0x20, 0x20,
  0x20, 0x20, 0x20, 0x20, 0x20, 0x20, 0x20, 0x20, 0x20, 0x20, 0x20, 0x20,
  0x20, 0x3c, 0x6c, 0x61, 0x62, 0x65, 0x6c, 0x3e, 0xe5, 0x9e, 0x82, 0xe7,
  0x9b, 0xb4, 0xe7, 0xb2, 0xbe, 0xe5, 0xba, 0xa6, 0x0a, 0x20, 0x20, 0x20,
  0x20, 0x20, 0x20, 0x20, 0x20, 0x20, 0x20, 0x20, 0x20, 0x20, 0x20, 0x20,
  0x20, 0x20, 0x20, 0x20, 0x20, 0x20, 0x20, 0x20, 0x20, 0x20, 0x20, 0x20,
  0x20, 0x20, 0x20, 0x20, 0x20, 0x20, 0x20, 0x20, 0x20, 0x3c, 0x73, 0x65,
  0x6c, 0x65, 0x63, 0x74, 0x20, 0x63, 0x6c, 0x61, 0x73, 0x73, 0x3d, 0x22,
  0x76, 0x2d, 0x61, 0x63, 0x63, 0x22, 0x3e, 0x0a, 0x20, 0x20, 0x20, 0x20,
  0x20, 0x20, 0x20, 0x20, 0x20, 0x20, 0x20, 0x20, 0x20, 0x20, 0x20, 0x20,
  0x20, 0x20, 0x20, 0x20, 0x20, 0x20, 0x20, 0x20, 0x20, 0x20, 0x20, 0x20,
  0x20, 0x20, 0x20, 0x20, 0x20, 0x20, 0x20, 0x20, 0x20, 0x20, 0x20, 0x20,
  0x3c, 0x6f, 0x70, 0x74, 0x69, 0x6f, 0x6e, 0x20, 0x76, 0x61, 0x6c, 0x75,
  0x65, 0x3d, 0x22, 0x30, 0x22, 0x20, 0x24, 0x7b, 0x69, 0x6e, 0x73, 0x74,
  0x2e, 0x76, 0x5f, 0x61, 0x63, 0x63, 0x3d, 0x3d, 0x3d, 0x30, 0x3f, 0x27,
  0x73, 0x65, 0x6c, 0x65, 0x63, 0x74, 0x65, 0x64, 0x27, 0x3a, 0x27, 0x27,
  0x7d, 0x3e, 0xe2, 0x89, 0xa5, 0x31, 0x35, 0x30, 0x6d, 0x3c, 0x2f, 0x6f,
  0x70, 0x74, 0x69, 0x6f, 0x6e, 0x3e, 0x0a, 0x20, 0x20, 0x20, 0x20, 0x20,
  0x20, 0x20, 0x20, 0x20, 0x20, 0x20, 0x20, 0x20, 0x20, 0x20, 0x20, 0x20,
  0x20, 0x20, 0x20, 0x20, 0x20, 0x20, 0x20, 0x20, 0x20, 0x20, 0x20, 0x20,
  0x20, 0x20, 0x20, 0x20, 0x20, 0x20, 0x20, 0x20, 0x20, 0x20, 0x20, 0x3c,
  0x6f, 0x70, 0x74, 0x69, 0x6f, 0x6e, 0x20, 0x76, 0x61, 0x6c, 0x75, 0x65,
  0x3d, 0x22, 0x31, 0x22, 0x20, 0x24, 0x7b, 0x69, 0x6e, 0x73, 0x74, 0x2e,
  0x76, 0x5f, 0x61, 0x63, 0x63, 0x3d, 0x3d, 0x3d, 0x31, 0x3f, 0x27, 0x73,
  0x65, 0x6c, 0x65, 0x63, 0x74, 0x65, 0x64, 0x27, 0x3a, 0x27, 0x27, 0x7d,
  0x3e, 0x3c, 0x31, 0x35, 0x30, 0x6d, 0x3c, 0x2f, 0x6f, 0x70, 0x74, 0x69,
  0x6f, 0x6e, 0x3e, 0x0a, 0x20, 0x20, 0x20, 0x20, 0x20, 0x20, 0x20, 0x20,
  0x20, 0x20, 0x20, 0x20, 0x20, 0x20, 0x20, 0x20, 0x20, 0x20, 0x20, 0x20,
  0x20, 0x20, 0x20, 0x20, 0x20, 0x20, 0x20, 0x20, 0x20, 0x20, 0x20, 0x20,
  0x20, 0x20, 0x20, 0x20, 0x20, 0x20, 0x20, 0x20, 0x3c, 0x6f, 0x70, 0x74,
  0x69, 0x6f, 0x6e, 0x20, 0x76, 0x61, 0x6c, 0x75, 0x65, 0x3d, 0x22, 0x32,
  0x22, 0x20, 0x24, 0x7b, 0x69, 0x6e, 0x73, 0x74, 0x2e, 0x76, 0x5f, 0x61,
  0x63, 0x63, 0x3d, 0x3d, 0x3d, 0x32, 0x3f, 0x27, 0x73, 0x65, 0x6c, 0x65,
  0x63, 0x74, 0x65, 0x64, 0x27, 0x3a, 0x27, 0x27, 0x7d, 0x3e, 0x3c, 0x34,
  0x35, 0x6d, 0x3c, 0x2f, 0x6f, 0x70, 0x74, 0x69, 0x6f, 0x6e, 0x3e, 0x0a,
  0x20, 0x20, 0x20, 0x20, 0x20, 0x20, 0x20, 0x20, 0x20, 0x20, 0x20, 0x20,
  0x20, 0x20, 0x20, 0x20, 0x20, 0x20, 0x20, 0x20, 0x20, 0x20, 0x20, 0x20,
  0x20, 0x20, 0x20, 0x20, 0x20, 0x20, 0x20, 0x20, 0x20, 0x20, 0x20, 0x20,
  0x20, 0x20, 0x20, 0x20, 0x3c, 0x6f, 0x70, 0x74, 0x69, 0x6f, 0x6e, 0x20,
  0x76, 0x61, 0x6c, 0x75, 0x65, 0x3d, 0x22, 0x33, 0x22, 0x20, 0x24, 0x7b,
  0x69, 0x6e, 0x73, 0x74, 0x2e, 0x76, 0x5f, 0x61, 0x63, 0x63, 0x3d, 0x3d,
  0x3d, 0x33, 0x3f, 0x27, 0x73, 0x65, 0x6c, 0x65, 0x63, 0x74, 0x65, 0x64,
  0x27, 0x3a, 0x27, 0x27, 0x7d, 0x3e, 0x3c, 0x32, 0x35, 0x6d, 0x3c, 0x2f,
  0x6f, 0x70, 0x74, 0x69, 0x6f, 0x6e, 0x3e, 0x0a, 0x20, 0x20, 0x20, 0x20,
  0x20, 0x20, 0x20, 0x20, 0x20, 0x20, 0x20, 0x20, 0x20, 0x20, 0x20, 0x20,
  0x20, 0x20, 0x20, 0x20, 0x20, 0x20, 0x20, 0x20, 0x20, 0x20, 0x20, 0x20,
  0x20, 0x20, 0x20, 0x20, 0x20, 0x20, 0x20, 0x20, 0x20, 0x20, 0x20, 0x20,
  0x3c, 0x6f, 0x70, 0x74, 0x69, 0x6f, 0x6e, 0x20, 0x76, 0x61, 0x6c, 0x75,
  0x65, 0x3d, 0x22, 0x34, 0x22, 0x20, 0x24, 0x7b, 0x69, 0x6e, 0x73, 0x74,
  0x2e, 0x76, 0x5f, 0x61, 0x63, 0x63, 0x3d, 0x3d, 0x3d, 0x34, 0x3f, 0x27,
  0x73, 0x65, 0x6c, 0x65, 0x63, 0x74, 0x65, 0x64, 0x27, 0x3a, 0x27, 0x27,
  0x7d, 0x3e, 0x3c, 0x31, 0x30, 0x6d, 0x3c, 0x2f, 0x6f, 0x70, 0x74, 0x69,
  0x6f, 0x6e, 0x3e, 0x0a, 0x20, 0x20, 0x20, 0x20, 0x20, 0x20, 0x20, 0x20,
  0x20, 0x20, 0x20, 0x20, 0x20, 0x20, 0x20, 0x20, 0x20, 0x20, 0x20, 0x20,
  0x20, 0x20, 0x20, 0x20, 0x20, 0x20, 0x20, 0x20, 0x20, 0x20, 0x20, 0x20,
  0x20, 0x20, 0x20, 0x20, 0x20, 0x20, 0x20, 0x20, 0x3c, 0x6f, 0x70, 0x74,
  0x69, 0x6f, 0x6e, 0x20, 0x76, 0x61, 0x6c, 0x75, 0x65, 0x3d, 0x22, 0x35,
  0x22, 0x20, 0x24, 0x7b, 0x69, 0x6e, 0x73, 0x74, 0x2e, 0x76, 0x5f, 0x61,
  0x63, 0x63, 0x3d, 0x3d, 0x3d, 0x35, 0x3f, 0x27, 0x73, 0x65, 0x6c, 0x65,
  0x63, 0x74, 0x65, 0x64, 0x27, 0x3a, 0x27, 0x27, 0x7d, 0x3e, 0x3c, 0x33,
  0x6d, 0x3c, 0x2f, 0x6f, 0x70, 0x74, 0x69, 0x6f, 0x6e, 0x3e, 0x0a, 0x20,
  0x20, 0x20, 0x20, 0x20, 0x20, 0x20, 0x20, 0x20, 0x20, 0x20, 0x20, 0x20,
  0x20, 0x20, 0x20, 0x20, 0x20, 0x20, 0x20, 0x20, 0x20, 0x20, 0x20, 0x20,
  0x20, 0x20, 0x20, 0x20, 0x20, 0x20, 0x20, 0x20, 0x20, 0x20, 0x20, 0x20,
  0x20, 0x20, 0x20, 0x3c, 0x6f, 0x70, 0x74, 0x69, 0x6f, 0x6e, 0x20, 0x76,
  0x61, 0x6c, 0x75, 0x65, 0x3d, 0x22, 0x36, 0x22, 0x20, 0x24, 0x7b, 0x69,
  0x6e, 0x73, 0x74, 0x2e, 0x76, 0x5f, 0x61, 0x63, 0x63, 0x3d, 0x3d, 0x3d,
  0x36, 0x3f, 0x27, 0x73, 0x65, 0x6c, 0x65, 0x63, 0x74, 0x65, 0x64, 0x27,
  0x3a, 0x27, 0x27, 0x7d, 0x3e, 0x3c, 0x31, 0x6d, 0x3c, 0x2f, 0x6f, 0x70,
  0x74, 0x69, 0x6f, 0x6e, 0x3e, 0x0a, 0x20, 0x20, 0x20, 0x20, 0x20, 0x20,
  0x20, 0x20, 0x20, 0x20, 0x20, 0x20, 0x20, 0x20, 0x20, 0x20, 0x20, 0x20,
  0x20, 0x20, 0x20, 0x20, 0x20, 0x20, 0x20, 0x20, 0x20, 0x20, 0x20, 0x20,
  0x20, 0x20, 0x20, 0x20, 0x20, 0x20, 0x3c, 0x2f, 0x73, 0x65, 0x6c, 0x65,
  0x63, 0x74, 0x3e, 0x0a, 0x20, 0x20, 0x20, 0x20, 0x20, 0x20, 0x20, 0x20,
  0x20, 0x20, 0x20, 0x20, 0x20, 0x20, 0x20, 0x20, 0x20, 0x20, 0x20, 0x20,
  0x20, 0x20, 0x20, 0x20, 0x20, 0x20, 0x20, 0x20, 0x20, 0x20, 0x20, 0x20,
  0x3c, 0x2f, 0x6c, 0x61, 0x62, 0x65, 0x6c, 0x3e, 0x0a, 0x20, 0x20, 0x20,
  0x20, 0x20, 0x20, 0x20, 0x20, 0x20, 0x20, 0x20, 0x20, 0x20, 0x20, 0x20,
  0x20, 0x20, 0x20, 0x20, 0x20, 0x20, 0x20, 0x20, 0x20, 0x20, 0x20, 0x20,
  0x20, 0x20, 0x20, 0x20, 0x20, 0x3c, 0x6c, 0x61, 0x62, 0x65, 0x6c, 0x3e,
  0xe9, 0x80, 0x9f, 0xe5, 0xba, 0xa6, 0xe7, 0xb2, 0xbe, 0xe5, 0xba, 0xa6,
  0x0a, 0x20, 0x20, 0x20, 0x20, 0x20, 0x20, 0x20, 0x20, 0x20, 0x20, 0x20,
  0x20, 0x20, 0x20, 0x20, 0x20, 0x20, 0x20, 0x20, 0x20, 0x20, 0x20, 0x20,
  0x20, 0x20, 0x20, 0x20, 0x20, 0x20, 0x20, 0x20, 0x20, 0x20, 0x20, 0x20,
  0x20, 0x3c, 0x73, 0x65, 0x6c, 0x65, 0x63, 0x74, 0x20, 0x63, 0x6c, 0x61,
  0x73, 0x73, 0x3d, 0x22, 0x73, 0x70, 0x64, 0x2d, 0x61, 0x63, 0x63, 0x22,
  0x3e, 0x0a, 0x20, 0x20, 0x20, 0x20, 0x20, 0x20, 0x20, 0x20, 0x20, 0x20,
  0x20, 0x20, 0x20, 0x20, 0x20, 0x20, 0x20, 0x20, 0x20, 0x20, 0x20, 0x20,
  0x20, 0x20, 0x20, 0x20, 0x20, 0x20, 0x20, 0x20, 0x20, 0x20, 0x20, 0x20,
  0x20, 0x20, 0x20, 0x20, 0x20, 0x20, 0x3c, 0x6f, 0x70, 0x74, 0x69, 0x6f,
  0x6e, 0x20, 0x76, 0x61, 0x6c, 0x75, 0x65, 0x3d, 0x22, 0x30, 0x22, 0x20,
  0x24, 0x7b, 0x69, 0x6e, 0x73, 0x74, 0x2e, 0x73, 0x70, 0x64, 0x5f, 0x61,
  0x63, 0x63, 0x3d, 0x3d, 0x3d, 0x30, 0x3f, 0x27, 0x73, 0x65, 0x6c, 0x65,
  0x63, 0x74, 0x65, 0x64, 0x27, 0x3a, 0x27, 0x27, 0x7d, 0x3e, 0xe2, 0x89,
  0xa5, 0x31, 0x30, 0x6d, 0x2f, 0x73, 0x3c, 0x2f, 0x6f, 0x70, 0x74, 0x69,
  0x6f, 0x6e, 0x3e, 0x0a, 0x20, 0x20, 0x20, 0x20, 0x20, 0x20, 0x20, 0x20,
  0x20, 0x20, 0x20, 0x20, 0x20, 0x20, 0x20, 0x20, 0x20, 0x20, 0x20, 0x20,
  0x20, 0x20, 0x20, 0x20, 0x20, 0x20, 0x20, 0x20, 0x20, 0x20, 0x20, 0x20,
  0x20, 0x20, 0x20, 0x20, 0x20, 0x20, 0x20, 0x20, 0x3c, 0x6f, 0x70, 0x74,
  0x69, 0x6f, 0x6e, 0x20, 0x76, 0x61, 0x6c, 0x75, 0x65, 0x3d, 0x22, 0x31,
  0x22, 0x20, 0x24, 0x7b, 0x69, 0x6e, 0x73, 0x74, 0x2e, 0x73, 0x70, 0x64,
  0x5f, 0x61, 0x63, 0x63, 0x3d, 0x3d, 0x3d, 0x31, 0x3f, 0x27, 0x73, 0x65,
  0x6c, 0x65, 0x63, 0x74, 0x65, 0x64, 0x27, 0x3a, 0x27, 0x27, 0x7d, 0x3e,
  0x3c, 0x31, 0x30, 0x6d, 0x2f, 0x73, 0x3c, 0x2f, 0x6f, 0x70, 0x74, 0x69,
  0x6f, 0x6e, 0x3e, 0x0a, 0x20, 0x20, 0x20, 0x20, 0x20, 0x20, 0x20, 0x20,
  0x20, 0x20, 0x20, 0x20, 0x20, 0x20, 0x20, 0x20, 0x20, 0x20, 0x20, 0x20,
  0x20, 0x20, 0x20, 0x20, 0x20, 0x20, 0x20, 0x20, 0x20, 0x20, 0x20, 0x20,
  0x20, 0x20, 0x20, 0x20, 0x20, 0x20, 0x20, 0x20, 0x3c, 0x6f, 0x70, 0x74,
  0x69, 0x6f, 0x6e, 0x20, 0x76, 0x61, 0x6c, 0x75, 0x65, 0x3d, 0x22, 0x32,
  0x22, 0x20, 0x24, 0x7b, 0x69, 0x6e, 0x73, 0x74, 0x2e, 0x73, 0x70, 0x64,
  0x5f, 0x61, 0x63, 0x63, 0x3d, 0x3d, 0x3d, 0x32, 0x3f, 0x27, 0x73, 0x65,
  0x6c, 0x65, 0x63, 0x74, 0x65, 0x64, 0x27, 0x3a, 0x27, 0x27, 0x7d, 0x3e,
  0x3c, 0x33, 0x6d, 0x2f, 0x73, 0x3c, 0x2f, 0x6f, 0x70, 0x74, 0x69, 0x6f,
  0x6e, 0x3e, 0x0a, 0x20, 0x20, 0x20, 0x20, 0x20, 0x20, 0x20, 0x20, 0x20,
  0x20, 0x20, 0x20, 0x20, 0x20, 0x20, 0x20, 0x20, 0x20, 0x20, 0x20, 0x20,
  0x20, 0x20, 0x20, 0x20, 0x20, 0x20, 0x20, 0x20, 0x20, 0x20, 0x20, 0x20,
  0x20, 0x20, 0x20, 0x20, 0x20, 0x20, 0x20, 0x3c, 0x6f, 0x70, 0x74, 0x69,
  0x6f, 0x6e, 0x20, 0x76, 0x61, 0x6c, 0x75, 0x65, 0x3d, 0x22, 0x33, 0x22,
  0x20, 0x24, 0x7b, 0x69, 0x6e, 0x73, 0x74, 0x2e, 0x73, 0x70, 0x64, 0x5f,
  0x61, 0x63, 0x63, 0x3d, 0x3d, 0x3d, 0x33, 0x3f, 0x27, 0x73, 0x65, 0x6c,
  0x65, 0x63, 0x74, 0x65, 0x64, 0x27, 0x3a, 0x27, 0x27, 0x7d, 0x3e, 0x3c,
  0x31, 0x6d, 0x2f, 0x73, 0x3c, 0x2f, 0x6f, 0x70, 0x74, 0x69, 0x6f, 0x6e,
  0x3e, 0x0a, 0x20, 0x20, 0x20, 0x20, 0x20, 0x20, 0x20, 0x20, 0x20, 0x20,
  0x20, 0x20, 0x20, 0x20, 0x20, 0x20, 0x20, 0x20, 0x20, 0x20, 0x20, 0x20,
  0x20, 0x20, 0x20, 0x20, 0x20, 0x20, 0x20, 0x20, 0x20, 0x20, 0x20, 0x20,
  0x20, 0x20, 0x20, 0x20, 0x20, 0x20, 0x3c, 0x6f, 0x70, 0x74, 0x69, 0x6f,
  0x6e, 0x20, 0x76, 0x61, 0x6c, 0x75, 0x65, 0x3d, 0x22, 0x34, 0x22, 0x20,
  0x24, 0x7b, 0x69, 0x6e, 0x73, 0x74, 0x2e, 0x73, 0x70, 0x64, 0x5f, 0x61,
  0x63, 0x63, 0x3d, 0x3d, 0x3d, 0x34, 0x3f, 0x27, 0x73, 0x65, 0x6c, 0x65,
  0x63, 0x74, 0x65, 0x64, 0x27, 0x3a, 0x27, 0x27, 0x7d, 0x3e, 0x3c, 0x30,
  0x2e, 0x33, 0x6d, 0x2f, 0x73, 0x3c, 0x2f, 0x6f, 0x70, 0x74, 0x69, 0x6f,
  0x6e, 0x3e, 0x0a, 0x20, 0x20, 0x20, 0x20, 0x20, 0x20, 0x20, 0x20, 0x20,
  0x20, 0x20, 0x20, 0x20, 0x20, 0x20, 0x20, 0x20, 0x20, 0x20, 0x20, 0x20,
  0x20, 0x20, 0x20, 0x20, 0x20, 0x20, 0x20, 0x20, 0x20, 0x20, 0x20, 0x20,
  0x20, 0x20, 0x20, 0x3c, 0x2f, 0x73, 0x65, 0x6c, 0x65, 0x63, 0x74, 0x3e,
  0x0a, 0x20, 0x20, 0x20, 0x20, 0x20, 0x20, 0x20, 0x20, 0x20, 0x20, 0x20,
  0x20, 0x20, 0x20, 0x20, 0x20, 0x20, 0x20, 0x20, 0x20, 0x20, 0x20, 0x20,
  0x20, 0x20, 0x20, 0x20, 0x20, 0x20, 0x20, 0x20, 0x20, 0x3c, 0x2f, 0x6c,
  0x61, 0x62, 0x65, 0x6c, 0x3e, 0x0a, 0x20, 0x20, 0x20, 0x20, 0x20, 0x20,
  0x20, 0x20, 0x20, 0x20, 0x20, 0x20, 0x20, 0x20, 0x20, 0x20, 0x20, 0x20,
  0x20, 0x20, 0x20, 0x20, 0x20, 0x20, 0x20, 0x20, 0x20, 0x20, 0x20, 0x20,
  0x20, 0x20, 0x3c, 0x6c, 0x61, 0x62, 0x65, 0x6c, 0x3e, 0xe6, 0x97, 0xb6,
  0xe9, 0x97, 0xb4, 0xe6, 0x88, 0xb3, 0xe7, 0xb2, 0xbe, 0xe5, 0xba, 0xa6,
  0x0a, 0x20, 0x20, 0x20, 0x20, 0x20, 0x20, 0x20, 0x20, 0x20, 0x20, 0x20,
  0x20, 0x20, 0x20, 0x20, 0x20, 0x20, 0x20, 0x20, 0x20, 0x20, 0x20, 0x20,
  0x20, 0x20, 0x20, 0x20, 0x20, 0x20, 0x20, 0x20, 0x20, 0x20, 0x20, 0x20,
  0x20, 0x3c, 0x73, 0x65, 0x6c, 0x65, 0x63, 0x74, 0x20, 0x63, 0x6c, 0x61,
  0x73, 0x73, 0x3d, 0x22, 0x74, 0x73, 0x2d, 0x61, 0x63, 0x63, 0x22, 0x3e,
  0x0a, 0x20, 0x20, 0x20, 0x20, 0x20, 0x20, 0x20, 0x20, 0x20, 0x20, 0x20,
  0x20, 0x20, 0x20, 0x20, 0x20, 0x20, 0x20, 0x20, 0x20, 0x20, 0x20, 0x20,
  0x20, 0x20, 0x20, 0x20, 0x20, 0x20, 0x20, 0x20, 0x20, 0x20, 0x20, 0x20,
  0x20, 0x20, 0x20, 0x20, 0x20, 0x3c, 0x6f, 0x70, 0x74, 0x69, 0x6f, 0x6e,
  0x20, 0x76, 0x61, 0x6c, 0x75, 0x65, 0x3d, 0x22, 0x30, 0x22, 0x20, 0x24,
  0x7b, 0x69, 0x6e, 0x73, 0x74, 0x2e, 0x74, 0x73, 0x5f, 0x61, 0x63, 0x63,
  0x3d, 0x3d, 0x3d, 0x30, 0x3f, 0x27, 0x73, 0x65, 0x6c, 0x65, 0x63, 0x74,
  0x65, 0x64, 0x27, 0x3a, 0x27, 0x27, 0x7d, 0x3e, 0x55, 0x6e, 0x6b, 0x6e,
  0x6f, 0x77, 0x6e, 0x3c, 0x2f, 0x6f, 0x70, 0x74, 0x69, 0x6f, 0x6e, 0x3e,
  0x0a, 0x20, 0x20, 0x20, 0x20, 0x20, 0x20, 0x20, 0x20, 0x20, 0x20, 0x20,
  0x20, 0x20, 0x20, 0x20, 0x20, 0x20, 0x20, 0x20, 0x20, 0x20, 0x20, 0x20,
  0x20, 0x20, 0x20, 0x20, 0x20, 0x20, 0x20, 0x20, 0x20, 0x20, 0x20, 0x20,
  0x20, 0x20, 0x20, 0x20, 0x20, 0x3c, 0x6f, 0x70, 0x74, 0x69, 0x6f, 0x6e,
  0x20, 0x76, 0x61, 0x6c, 0x75, 0x65, 0x3d, 0x22, 0x31, 0x22, 0x20, 0x24,
  0x7b, 0x69, 0x6e, 0x73, 0x74, 0x2e, 0x74, 0x73, 0x5f, 0x61, 0x63, 0x63,
  0x3d, 0x3d, 0x3d, 0x31, 0x3f, 0x27, 0x73, 0x65, 0x6c, 0x65, 0x63, 0x74,
  0x65, 0x64, 0x27, 0x3a, 0x27, 0x27, 0x7d, 0x3e, 0xe2, 0x89, 0xa4, 0x30,
  0x2e, 0x35, 0x73, 0x3c, 0x2f, 0x6f, 0x70, 0x74, 0x69, 0x6f, 0x6e, 0x3e,
  0x0a, 0x20, 0x20, 0x20, 0x20, 0x20, 0x20, 0x20, 0x20, 0x20, 0x20, 0x20,
  0x20, 0x20, 0x20, 0x20, 0x20, 0x20, 0x20, 0x20, 0x20, 0x20, 0x20, 0x20,
  0x20, 0x20, 0x20, 0x20, 0x20, 0x20, 0x20, 0x20, 0x20, 0x20, 0x20, 0x20,
  0x20, 0x20, 0x20, 0x20, 0x20, 0x3c, 0x6f, 0x70, 0x74, 0x69, 0x6f, 0x6e,
  0x20, 0x76, 0x61, 0x6c, 0x75, 0x65, 0x3d, 0x22, 0x32, 0x22, 0x20, 0x24,
  0x7b, 0x69, 0x6e, 0x73, 0x74, 0x2e, 0x74, 0x73, 0x5f, 0x61, 0x63, 0x63,
  0x3d, 0x3d, 0x3d, 0x32, 0x3f, 0x27, 0x73, 0x65, 0x6c, 0x65, 0x63, 0x74,
  0x65, 0x64, 0x27, 0x3a, 0x27, 0x27, 0x7d, 0x3e, 0xe2, 0x89, 0xa4, 0x30,
  0x2e, 0x34, 0x73, 0x3c, 0x2f, 0x6f, 0x70, 0x74, 0x69, 0x6f, 0x6e, 0x3e,
  0x0a, 0x20, 0x20, 0x20, 0x20, 0x20, 0x20, 0x20, 0x20, 0x20, 0x20, 0x20,
  0x20, 0x20, 0x20, 0x20, 0x20, 0x20, 0x20, 0x20, 0x20, 0x20, 0x20, 0x20,
  0x20, 0x20, 0x20, 0x20, 0x20, 0x20, 0x20, 0x20, 0x20, 0x20, 0x20, 0x20,
  0x20, 0x20, 0x20, 0x20, 0x20, 0x3c, 0x6f, 0x70, 0x74, 0x69, 0x6f, 0x6e,
  0x20, 0x76, 0x61, 0x6c, 0x75, 0x65, 0x3d, 0x22, 0x33, 0x22, 0x20, 0x24,
  0x7b, 0x69, 0x6e, 0x73, 0x74, 0x2e, 0x74, 0x73, 0x5f, 0x61, 0x63, 0x63,
  0x3d, 0x3d, 0x3d, 0x33, 0x3f, 0x27, 0x73, 0x65, 0x6c, 0x65, 0x63, 0x74,
  0x65, 0x64, 0x27, 0x3a, 0x27, 0x27, 0x7d, 0x3e, 0xe2, 0x89, 0xa4, 0x30,
  0x2e, 0x33, 0x73, 0x3c, 0x2f, 0x6f, 0x70, 0x74, 0x69, 0x6f, 0x6e, 0x3e,
  0x0a, 0x20, 0x20, 0x20, 0x20, 0x20, 0x20, 0x20, 0x20, 0x20, 0x20, 0x20,
  0x20, 0x20, 0x20, 0x20, 0x20, 0x20, 0x20, 0x20, 0x20, 0x20, 0x20, 0x20,
  0x20, 0x20, 0x20, 0x20, 0x20, 0x20, 0x20, 0x20, 0x20, 0x20, 0x20, 0x20,
  0x20, 0x20, 0x20, 0x20, 0x20, 0x3c, 0x6f, 0x70, 0x74, 0x69, 0x6f, 0x6e,
  0x20, 0x76, 0x61, 0x6c, 0x75, 0x65, 0x3d, 0x22, 0x34, 0x22, 0x20, 0x24,
  0x7b, 0x69, 0x6e, 0x73, 0x74, 0x2e, 0x74, 0x73, 0x5f, 0x61, 0x63, 0x63,
  0x3d, 0x3d, 0x3d, 0x34, 0x3f, 0x27, 0x73, 0x65, 0x6c, 0x65, 0x63, 0x74,
  0x65, 0x64, 0x27, 0x3a, 0x27, 0x27, 0x7d, 0x3e, 0xe2, 0x89, 0xa4, 0x30,
  0x2e, 0x32, 0x73, 0x3c, 0x2f, 0x6f, 0x70, 0x74, 0x69, 0x6f, 0x6e, 0x3e,
  0x0a, 0x20, 0x20, 0x20, 0x20, 0x20, 0x20, 0x20, 0x20, 0x20, 0x20, 0x20,
  0x20, 0x20, 0x20, 0x20, 0x20, 0x20, 0x20, 0x20, 0x20, 0x20, 0x20, 0x20,
  0x20, 0x20, 0x20, 0x20, 0x20, 0x20, 0x20, 0x20, 0x20, 0x20, 0x20, 0x20,
  0x20, 0x20, 0x20, 0x20, 0x20, 0x3c, 0x6f, 0x70, 0x74, 0x69, 0x6f, 0x6e,
  0x20, 0x76, 0x61, 0x6c, 0x75, 0x65, 0x3d, 0x22, 0x35, 0x22, 0x20, 0x24,
  0x7b, 0x69, 0x6e, 0x73, 0x74, 0x2e, 0x74, 0x73, 0x5f, 0x61, 0x63, 0x63,
  0x3d, 0x3d, 0x3d, 0x35, 0x3f, 0x27, 0x73, 0x65, 0x6c, 0x65, 0x63, 0x74,
  0x65, 0x64, 0x27, 0x3a, 0x27, 0x27, 0x7d, 0x3e, 0xe2, 0x89, 0xa4, 0x30,
  0x2e, 0x31, 0x73, 0x3c, 0x2f, 0x6f, 0x70, 0x74, 0x69, 0x6f, 0x6e, 0x3e,
  0x0a, 0x20, 0x20, 0x20, 0x20, 0x20, 0x20, 0x20, 0x20, 0x20, 0x20, 0x20,
  0x20, 0x20, 0x20, 0x20, 0x20, 0x20, 0x20, 0x20, 0x20, 0x20, 0x20, 0x20,
  0x20, 0x20, 0x20, 0x20, 0x20, 0x20, 0x20, 0x20, 0x20, 0x20, 0x20, 0x20,
  0x20, 0x20, 0x20, 0x20, 0x20, 0x3c, 0x6f, 0x70, 0x74, 0x69, 0x6f, 0x6e,
  0x20, 0x76, 0x61, 0x6c, 0x75, 0x65, 0x3d, 0x22, 0x36, 0x22, 0x20, 0x24,
  0x7b, 0x69, 0x6e, 0x73, 0x74, 0x2e, 0x74, 0x73, 0x5f, 0x61, 0x63, 0x63,
  0x3d, 0x3d, 0x3d, 0x36, 0x3f, 0x27, 0x73, 0x65, 0x6c, 0x65, 0x63, 0x74,
  0x65, 0x64, 0x27, 0x3a, 0x27, 0x27, 0x7d, 0x3e, 0xe2, 0x89, 0xa4, 0x35,
  0x30, 0x6d, 0x73, 0x3c, 0x2f, 0x6f, 0x70, 0x74, 0x69, 0x6f, 0x6e, 0x3e,
  0x0a, 0x20, 0x20, 0x20, 0x20, 0x20, 0x20, 0x20, 0x20, 0x20, 0x20, 0x20,
  0x20, 0x20, 0x20, 0x20, 0x20, 0x20, 0x20, 0x20, 0x20, 0x20, 0x20, 0x20,
  0x20, 0x20, 0x20, 0x20, 0x20, 0x20, 0x20, 0x20, 0x20, 0x20, 0x20, 0x20,
  0x20, 0x20, 0x20, 0x20, 0x20, 0x3c, 0x6f, 0x70, 0x74, 0x69, 0x6f, 0x6e,
  0x20, 0x76, 0x61, 0x6c, 0x75, 0x65, 0x3d, 0x22, 0x37, 0x22, 0x20, 0x24,
  0x7b, 0x69, 0x6e, 0x73, 0x74, 0x2e, 0x74, 0x73, 0x5f, 0x61, 0x63, 0x63,
  0x3d, 0x3d, 0x3d, 0x37, 0x3f, 0x27, 0x73, 0x65, 0x6c, 0x65, 0x63, 0x74,
  0x65, 0x64, 0x27, 0x3a, 0x27, 0x27, 0x7d, 0x3e, 0xe2, 0x89, 0xa4, 0x32,
  0x30, 0x6d, 0x73, 0x3c, 0x2f, 0x6f, 0x70, 0x74, 0x69, 0x6f, 0x6e, 0x3e,
  0x0a, 0x20, 0x20, 0x20, 0x20, 0x20, 0x20, 0x20, 0x20, 0x20, 0x20, 0x20,
  0x20, 0x20, 0x20, 0x20, 0x20, 0x20, 0x20, 0x20, 0x20, 0x20, 0x20, 0x20,
  0x20, 0x20, 0x20, 0x20, 0x20, 0x20, 0x20, 0x20, 0x20, 0x20, 0x20, 0x20,
  0x20, 0x20, 0x20, 0x20, 0x20, 0x3c, 0x6f, 0x70, 0x74, 0x69, 0x6f, 0x6e,
  0x20, 0x76, 0x61, 0x6c, 0x75, 0x65, 0x3d, 0x22, 0x38, 0x22, 0x20, 0x24,
  0x7b, 0x69, 0x6e, 0x73, 0x74, 0x2e, 0x74, 0x73, 0x5f, 0x61, 0x63, 0x63,
  0x3d, 0x3d, 0x3d, 0x38, 0x3f, 0x27, 0x73, 0x65, 0x6c, 0x65, 0x63, 0x74,
  0x65, 0x64, 0x27, 0x3a, 0x27, 0x27, 0x7d, 0x3e, 0xe2, 0x89, 0xa4, 0x31,
  0x30, 0x6d, 0x73, 0x3c, 0x2f, 0x6f, 0x70, 0x74, 0x69, 0x6f, 0x6e, 0x3e,
  0x0a, 0x20, 0x20, 0x20, 0x20, 0x20, 0x20, 0x20, 0x20, 0x20, 0x20, 0x20,
  0x20, 0x20, 0x20, 0x20, 0x20, 0x20, 0x20, 0x20, 0x20, 0x20, 0x20, 0x20,
  0x20, 0x20, 0x20, 0x20, 0x20, 0x20, 0x20, 0x20, 0x20, 0x20, 0x20, 0x20,
  0x20, 0x3c, 0x2f, 0x73, 0x65, 0x6c, 0x65, 0x63, 0x74, 0x3e, 0x0a, 0x20,
  0x20, 0x20, 0x20, 0x20, 0x20, 0x20, 0x20, 0x20, 0x20, 0x20, 0x20, 0x20,
  0x20, 0x20, 0x20, 0x20, 0x20, 0x20, 0x20, 0x20, 0x20, 0x20, 0x20, 0x20,
  0x20, 0x20, 0x20, 0x20, 0x20, 0x20, 0x20, 0x3c, 0x2f, 0x6c, 0x61, 0x62,
  0x65, 0x6c, 0x3e, 0x0a, 0x20, 0x20, 0x20, 0x20, 0x20, 0x20, 0x20, 0x20,
  0x20, 0x20, 0x20, 0x20, 0x20, 0x20, 0x20, 0x20, 0x20, 0x20, 0x20, 0x20,
  0x20, 0x20, 0x20, 0x20, 0x20, 0x20, 0x20, 0x20, 0x3c, 0x2f, 0x64, 0x69,
  0x76, 0x3e, 0x0a, 0x0a, 0x20, 0x20, 0x20, 0x20, 0x20, 0x20, 0x20, 0x20,
  0x20, 0x20, 0x20, 0x20, 0x20, 0x20, 0x20, 0x20, 0x20, 0x20, 0x20, 0x20,
  0x20, 0x20, 0x20, 0x20, 0x20, 0x20, 0x20, 0x20, 0x3c, 0x21, 0x2d, 0x2d,
  0x20, 0x47, 0x42, 0x34, 0x36, 0x37, 0x35, 0x30, 0x20, 0xe7, 0x89, 0xb9,
  0xe6, 0x9c, 0x89, 0xe5, 0xad, 0x97, 0xe6, 0xae, 0xb5, 0x20, 0x2d, 0x2d,
  0x3e, 0x0a, 0x20, 0x20, 0x20, 0x20, 0x20, 0x20, 0x20, 0x20, 0x20, 0x20,
  0x20, 0x20, 0x20, 0x20, 0x20, 0x20, 0x20, 0x20, 0x20, 0x20, 0x20, 0x20,
  0x20, 0x20, 0x20, 0x20, 0x20, 0x20, 0x3c, 0x64, 0x69, 0x76, 0x20, 0x63,
  0x6c, 0x61, 0x73, 0x73, 0x3d, 0x22, 0x67, 0x62, 0x34, 0x36, 0x37, 0x35,
  0x30, 0x2d, 0x66, 0x69, 0x65, 0x6c, 0x64, 0x73, 0x22, 0x20, 0x73, 0x74,
  0x79, 0x6c, 0x65, 0x3d, 0x22, 0x64, 0x69, 0x73, 0x70, 0x6c, 0x61, 0x79,
  0x3a, 0x24, 0x7b, 0x69, 0x73, 0x47, 0x62, 0x34, 0x36, 0x37, 0x35, 0x30,
  0x20, 0x3f, 0x20, 0x27, 0x67, 0x72, 0x69, 0x64, 0x27, 0x20, 0x3a, 0x20,
  0x27, 0x6e, 0x6f, 0x6e, 0x65, 0x27, 0x7d, 0x22, 0x3e, 0x0a, 0x20, 0x20,
  0x20, 0x20, 0x20, 0x20, 0x20, 0x20, 0x20, 0x20, 0x20, 0x20, 0x20, 0x20,
  0x20, 0x20, 0x20, 0x20, 0x20, 0x20, 0x20, 0x20, 0x20, 0x20, 0x20, 0x20,
  0x20, 0x20, 0x20, 0x20, 0x20, 0x20, 0x3c, 0x6c, 0x61, 0x62, 0x65, 0x6c,
  0x3e, 0xe5, 0xae, 0x9e, 0xe5, 0x90, 0x8d, 0xe7, 0x99, 0xbb, 0xe8, 0xae,
  0xb0, 0xe6, 0xa0, 0x87, 0xe5, 0xbf, 0x97, 0x20, 0x28, 0x38, 0xe4, 0xbd,
  0x8d, 0xe5, 0xad, 0x97, 0xe7, 0xac, 0xa6, 0x29, 0x0a, 0x20, 0x20, 0x20,
  0x20, 0x20, 0x20, 0x20, 0x20, 0x20, 0x20, 0x20, 0x20, 0x20, 0x20, 0x20,
  0x20, 0x20, 0x20, 0x20, 0x20, 0x20, 0x20, 0x20, 0x20, 0x20, 0x20, 0x20,
  0x20, 0x20, 0x20, 0x20, 0x20, 0x20, 0x20, 0x20, 0x20, 0x3c, 0x69, 0x6e,
  0x70, 0x75, 0x74, 0x20, 0x63, 0x6c, 0x61, 0x73, 0x73, 0x3d, 0x22, 0x72,
  0x65, 0x67, 0x2d, 0x6d, 0x61, 0x72, 0x6b, 0x22, 0x20, 0x74, 0x79, 0x70,
  0x65, 0x3d, 0x22, 0x74, 0x65, 0x78, 0x74, 0x22, 0x20, 0x6d, 0x61, 0x78,
  0x6c, 0x65, 0x6e, 0x67, 0x74, 0x68, 0x3d, 0x22, 0x38, 0x22, 0x20, 0x76,
  0x61, 0x6c, 0x75, 0x65, 0x3d, 0x22, 0x24, 0x7b, 0x69, 0x6e, 0x73, 0x74,
  0x2e, 0x72, 0x65, 0x67, 0x5f, 0x6d, 0x61, 0x72, 0x6b, 0x20, 0x7c, 0x7c,
  0x20, 0x27, 0x27, 0x7d, 0x22, 0x20, 0x70, 0x6c, 0x61, 0x63, 0x65, 0x68,
  0x6f, 0x6c, 0x64, 0x65, 0x72, 0x3d, 0x22, 0xe4, 0xbe, 0x8b, 0xe5, 0xa6,
  0x82, 0x3a, 0x20, 0x31, 0x32, 0x33, 0x34, 0x35, 0x36, 0x37, 0x38, 0x22,
  0x3e, 0x0a, 0x20, 0x20, 0x20, 0x20, 0x20, 0x20, 0x20, 0x20, 0x20, 0x20,
  0x20, 0x20, 0x20, 0x20, 0x20, 0x20, 0x20, 0x20, 0x20, 0x20, 0x20, 0x20,
  0x20, 0x20, 0x20, 0x20, 0x20, 0x20, 0x20, 0x20, 0x20, 0x20, 0x3c, 0x2f,
  0x6c, 0x61, 0x62, 0x65, 0x6c, 0x3e, 0x0a, 0x20, 0x20, 0x20, 0x20, 0x20,
  0x20, 0x20, 0x20, 0x20, 0x20, 0x20, 0x20, 0x20, 0x20, 0x20, 0x20, 0x20,
  0x20, 0x20, 0x20, 0x20, 0x20, 0x20, 0x20, 0x20, 0x20, 0x20, 0x20, 0x20,
  0x20, 0x20, 0x20, 0x3c, 0x6c, 0x61, 0x62, 0x65, 0x6c, 0x3e, 0xe8, 0xbf,
  0x90, 0xe8, 0xa1, 0x8c, 0xe7, 0xb1, 0xbb, 0xe5, 0x88, 0xab, 0x0a, 0x20,
  0x20, 0x20, 0x20, 0x20, 0x20, 0x20, 0x20, 0x20, 0x20, 0x20, 0x20, 0x20,
  0x20, 0x20, 0x20, 0x20, 0x20, 0x20, 0x20, 0x20, 0x20, 0x20, 0x20, 0x20,
  0x20, 0x20, 0x20, 0x20, 0x20, 0x20, 0x20, 0x20, 0x20, 0x20, 0x20, 0x3c,
  0x73, 0x65, 0x6c, 0x65, 0x63, 0x74, 0x20, 0x63, 0x6c, 0x61, 0x73, 0x73,
  0x3d, 0x22, 0x6f, 0x70, 0x2d, 0x63, 0x61, 0x74, 0x65, 0x67, 0x6f, 0x72,
  0x79, 0x22, 0x3e, 0x0a, 0x20, 0x20, 0x20, 0x20, 0x20, 0x20, 0x20, 0x20,
  0x20, 0x20, 0x20, 0x20, 0x20, 0x20, 0x20, 0x20, 0x20, 0x20, 0x20, 0x20,
  0x20, 0x20, 0x20, 0x20, 0x20, 0x20, 0x20, 0x20, 0x20, 0x20, 0x20, 0x20,
  0x20, 0x20, 0x20, 0x20, 0x20, 0x20, 0x20, 0x20, 0x3c, 0x6f, 0x70, 0x74,
  0x69, 0x6f, 0x6e, 0x20, 0x76, 0x61, 0x6c, 0x75, 0x65, 0x3d, 0x22, 0x30,
  0x22, 0x20, 0x24, 0x7b, 0x69, 0x6e, 0x73, 0x74, 0x2e, 0x6f, 0x70, 0x5f,
  0x63, 0x61, 0x74, 0x65, 0x67, 0x6f, 0x72, 0x79, 0x3d, 0x3d, 0x3d, 0x30,
  0x3f, 0x27, 0x73, 0x65, 0x6c, 0x65, 0x63, 0x74, 0x65, 0x64, 0x27, 0x3a,
  0x27, 0x27, 0x7d, 0x3e, 0xe6, 0x9c, 0xaa, 0xe5, 0xae, 0x9a, 0xe4, 0xb9,
  0x89, 0x3c, 0x2f, 0x6f, 0x70, 0x74, 0x69, 0x6f, 0x6e, 0x3e, 0x0a, 0x20,
  0x20, 0x20, 0x20, 0x20, 0x20, 0x20, 0x20, 0x20, 0x20, 0x20, 0x20, 0x20,
  0x20, 0x20, 0x20, 0x20, 0x20, 0x20, 0x20, 0x20, 0x20, 0x20, 0x20, 0x20,
  0x20, 0x20, 0x20, 0x20, 0x20, 0x20, 0x20, 0x20, 0x20, 0x20, 0x20, 0x20,
  0x20, 0x20, 0x20, 0x3c, 0x6f, 0x70, 0x74, 0x69, 0x6f, 0x6e, 0x20, 0x76,
  0x61, 0x6c, 0x75, 0x65, 0x3d, 0x22, 0x31, 0x22, 0x20, 0x24, 0x7b, 0x69,
  0x6e, 0x73, 0x74, 0x2e, 0x6f, 0x70, 0x5f, 0x63, 0x61, 0x74, 0x65, 0x67,
  0x6f, 0x72, 0x79, 0x3d, 0x3d, 0x3d, 0x31, 0x3f, 0x27, 0x73, 0x65, 0x6c,
  0x65, 0x63, 0x74, 0x65, 0x64, 0x27, 0x3a, 0x27, 0x27, 0x7d, 0x3e, 0xe5,
  0xbc, 0x80, 0xe6, 0x94, 0xbe, 0xe7, 0xb1, 0xbb, 0x3c, 0x2f, 0x6f, 0x70,
  0x74, 0x69, 0x6f, 0x6e, 0x3e, 0x0a, 0x20, 0x20, 0x20, 0x20, 0x20, 0x20,
  0x20, 0x20, 0x20, 0x20, 0x20, 0x20, 0x20, 0x20, 0x20, 0x20, 0x20, 0x20,
  0x20, 0x20, 0x20, 0x20, 0x20, 0x20, 0x20, 0x20, 0x20, 0x20, 0x20, 0x20,
  0x20, 0x20, 0x20, 0x20, 0x20, 0x20, 0x20, 0x20, 0x20, 0x20, 0x3c, 0x6f,
  0x70, 0x74, 0x69, 0x6f, 0x6e, 0x20, 0x76, 0x61, 0x6c, 0x75, 0x65, 0x3d,
  0x22, 0x32, 0x22, 0x20, 0x24, 0x7b, 0x69, 0x6e, 0x73, 0x74, 0x2e, 0x6f,
  0x70, 0x5f, 0x63, 0x61, 0x74, 0x65, 0x67, 0x6f, 0x72, 0x79, 0x3d, 0x3d,
  0x3d, 0x32, 0x3f, 0x27, 0x73, 0x65, 0x6c, 0x65, 0x63, 0x74, 0x65, 0x64,
  0x27, 0x3a, 0x27, 0x27, 0x7d, 0x3e, 0xe7, 0x89, 0xb9, 0xe5, 0xae, 0x9a,
  0xe7, 0xb1, 0xbb, 0x3c, 0x2f, 0x6f, 0x70, 0x74, 0x69, 0x6f, 0x6e, 0x3e,
  0x0a, 0x20, 0x20, 0x20, 0x20, 0x20, 0x20, 0x20, 0x20, 0x20, 0x20, 0x20,
  0x20, 0x20, 0x20, 0x20, 0x20, 0x20, 0x20, 0x20, 0x20, 0x20, 0x20, 0x20,
  0x20, 0x20, 0x20, 0x20, 0x20, 0x20, 0x20, 0x20, 0x20, 0x20, 0x20, 0x20,
  0x20, 0x20, 0x20, 0x20, 0x20, 0x3c, 0x6f, 0x70, 0x74, 0x69, 0x6f, 0x6e,
  0x20, 0x76, 0x61, 0x6c, 0x75, 0x65, 0x3d, 0x22, 0x33, 0x22, 0x20, 0x24,
  0x7b, 0x69, 0x6e, 0x73, 0x74, 0x2e, 0x6f, 0x70, 0x5f, 0x63, 0x61, 0x74,
  0x65, 0x67, 0x6f, 0x72, 0x79, 0x3d, 0x3d, 0x3d, 0x33, 0x3f, 0x27, 0x73,
  0x65, 0x6c, 0x65, 0x63, 0x74, 0x65, 0x64, 0x27, 0x3a, 0x27, 0x27, 0x7d,
  0x3e, 0xe5, 0xae, 0xa1, 0xe5, 0xae, 0x9a, 0xe7, 0xb1, 0xbb, 0x3c, 0x2f,
  0x6f, 0x70, 0x74, 0x69, 0x6f, 0x6e, 0x3e, 0x0a, 0x20, 0x20, 0x20, 0x20,
  0x20, 0x20, 0x20, 0x20, 0x20, 0x20, 0x20, 0x20, 0x20, 0x20, 0x20, 0x20,
  0x20, 0x20, 0x20, 0x20, 0x20, 0x20, 0x20, 0x20, 0x20, 0x20, 0x20, 0x20,
  0x20, 0x20, 0x20, 0x20, 0x20, 0x20, 0x20, 0x20, 0x3c, 0x2f, 0x73, 0x65,
  0x6c, 0x65, 0x63, 0x74, 0x3e, 0x0a, 0x20, 0x20, 0x20, 0x20, 0x20, 0x20,
  0x20, 0x20, 0x20, 0x20, 0x20, 0x20, 0x20, 0x20, 0x20, 0x20, 0x20, 0x20,
  0x20, 0x20, 0x20, 0x20, 0x20, 0x20, 0x20, 0x20, 0x20, 0x20, 0x20, 0x20,
  0x20, 0x20, 0x3c, 0x2f, 0x6c, 0x61, 0x62, 0x65, 0x6c, 0x3e, 0x0a, 0x20,
  0x20, 0x20, 0x20, 0x20, 0x20, 0x20, 0x20, 0x20, 0x20, 0x20, 0x20, 0x20,
  0x20, 0x20, 0x20, 0x20, 0x20, 0x20, 0x20, 0x20, 0x20, 0x20, 0x20, 0x20,
  0x20, 0x20, 0x20, 0x20, 0x20, 0x20, 0x20, 0x3c, 0x6c, 0x61, 0x62, 0x65,
  0x6c, 0x3e, 0xe6, 0x97, 0xa0, 0xe4, 0xba, 0xba, 0xe6, 0x9c, 0xba, 0xe5,
  0x88, 0x86, 0xe7, 0xb1, 0xbb, 0x0a, 0x20, 0x20, 0x20, 0x20, 0x20, 0x20,
  0x20, 0x20, 0x20, 0x20, 0x20, 0x20, 0x20, 0x20, 0x20, 0x20, 0x20, 0x20,
  0x20, 0x20, 0x20, 0x20, 0x20, 0x20, 0x20, 0x20, 0x20, 0x20, 0x20, 0x20,
  0x20, 0x20, 0x20, 0x20, 0x20, 0x20, 0x3c, 0x73, 0x65, 0x6c, 0x65, 0x63,
  0x74, 0x20, 0x63, 0x6c, 0x61, 0x73, 0x73, 0x3d, 0x22, 0x75, 0x61, 0x2d,
  0x63, 0x6c, 0x61, 0x73, 0x73, 0x22, 0x3e, 0x0a, 0x20, 0x20, 0x20, 0x20,
  0x20, 0x20, 0x20, 0x20, 0x20, 0x20, 0x20, 0x20, 0x20, 0x20, 0x20, 0x20,
  0x20, 0x20, 0x20, 0x20, 0x20, 0x20, 0x20, 0x20, 0x20, 0x20, 0x20, 0x20,
  0x20, 0x20, 0x20, 0x20, 0x20, 0x20, 0x20, 0x20, 0x20, 0x20, 0x20, 0x20,
  0x3c, 0x6f, 0x70, 0x74, 0x69, 0x6f, 0x6e, 0x20, 0x76, 0x61, 0x6c, 0x75,
  0x65, 0x3d, 0x22, 0x30, 0x22, 0x20, 0x24, 0x7b, 0x69, 0x6e, 0x73, 0x74,
  0x2e, 0x75, 0x61, 0x5f, 0x63, 0x6c, 0x61, 0x73, 0x73, 0x3d, 0x3d, 0x3d,
  0x30, 0x3f, 0x27, 0x73, 0x65, 0x6c, 0x65, 0x63, 0x74, 0x65, 0x64, 0x27,
  0x3a, 0x27, 0x27, 0x7d, 0x3e, 0xe5, 0xbe, 0xae, 0xe5, 0x9e, 0x8b, 0x3c,
  0x2f, 0x6f, 0x70, 0x74, 0x69, 0x6f, 0x6e, 0x3e, 0x0a, 0x20, 0x20, 0x20,
  0x20, 0x20, 0x20, 0x20, 0x20, 0x20, 0x20, 0x20, 0x20, 0x20, 0x20, 0x20,
  0x20, 0x20, 0x20, 0x20, 0x20, 0x20, 0x20, 0x20, 0x20, 0x20, 0x20, 0x20,
  0x20, 0x20, 0x20, 0x20, 0x20, 0x20, 0x20, 0x20, 0x20, 0x20, 0x20, 0x20,
  0x20, 0x3c, 0x6f, 0x70, 0x74, 0x69, 0x6f, 0x6e, 0x20, 0x76, 0x61, 0x6c,
  0x75, 0x65, 0x3d, 0x22, 0x31, 0x22, 0x20, 0x24, 0x7b, 0x69, 0x6e, 0x73,
  0x74, 0x2e, 0x75, 0x61, 0x5f, 0x63, 0x6c, 0x61, 0x73, 0x73, 0x3d, 0x3d,
  0x3d, 0x31, 0x3f, 0x27, 0x73, 0x65, 0x6c, 0x65, 0x63, 0x74, 0x65, 0x64,
  0x27, 0x3a, 0x27, 0x27, 0x7d, 0x3e, 0xe8, 0xbd, 0xbb, 0xe5, 0x9e, 0x8b,
  0x3c, 0x2f, 0x6f, 0x70, 0x74, 0x69, 0x6f, 0x6e, 0x3e, 0x0a, 0x20, 0x20,
  0x20, 0x20, 0x20, 0x20, 0x20, 0x20, 0x20, 0x20, 0x20, 0x20, 0x20, 0x20,
  0x20, 0x20, 0x20, 0x20, 0x20, 0x20, 0x20, 0x20, 0x20, 0x20, 0x20, 0x20,
  0x20, 0x20, 0x20, 0x20, 0x20, 0x20, 0x20, 0x20, 0x20, 0x20, 0x20, 0x20,
  0x20, 0x20, 0x3c, 0x6f, 0x70, 0x74, 0x69, 0x6f, 0x6e, 0x20, 0x76, 0x61,
  0x6c, 0x75, 0x65, 0x3d, 0x22, 0x32, 0x22, 0x20, 0x24, 0x7b, 0x69, 0x6e,
  0x73, 0x74, 0x2e, 0x75, 0x61, 0x5f, 0x63, 0x6c, 0x61, 0x73, 0x73, 0x3d,
  0x3d, 0x3d, 0x32, 0x3f, 0x27, 0x73, 0x65, 0x6c, 0x65, 0x63, 0x74, 0x65,
  0x64, 0x27, 0x3a, 0x27, 0x27, 0x7d, 0x3e, 0xe5, 0xb0, 0x8f, 0xe5, 0x9e,
  0x8b, 0x3c, 0x2f, 0x6f, 0x70, 0x74, 0x69, 0x6f, 0x6e, 0x3e, 0x0a, 0x20,
  0x20, 0x20, 0x20, 0x20, 0x20, 0x20, 0x20, 0x20, 0x20, 0x20, 0x20, 0x20,
  0x20, 0x20, 0x20, 0x20, 0x20, 0x20, 0x20, 0x20, 0x20, 0x20, 0x20, 0x20,
  0x20, 0x20, 0x20, 0x20, 0x20, 0x20, 0x20, 0x20, 0x20, 0x20, 0x20, 0x20,
  0x20, 0x20, 0x20, 0x3c, 0x6f, 0x70, 0x74, 0x69, 0x6f, 0x6e, 0x20, 0x76,
  0x61, 0x6c, 0x75, 0x65, 0x3d, 0x22, 0x33, 0x22, 0x20, 0x24, 0x7b, 0x69,
  0x6e, 0x73, 0x74, 0x2e, 0x75, 0x61, 0x5f, 0x63, 0x6c, 0x61, 0x73, 0x73,
  0x3d, 0x3d, 0x3d, 0x33, 0x3f, 0x27, 0x73, 0x65, 0x6c, 0x65, 0x63, 0x74,
  0x65, 0x64, 0x27, 0x3a, 0x27, 0x27, 0x7d, 0x3e, 0xe4, 0xb8, 0xad, 0xe5,
  0x9e, 0x8b, 0x3c, 0x2f, 0x6f, 0x70, 0x74, 0x69, 0x6f, 0x6e, 0x3e, 0x0a,
  0x20, 0x20, 0x20, 0x20, 0x20, 0x20, 0x20, 0x20, 0x20, 0x20, 0x20, 0x20,
  0x20, 0x20, 0x20, 0x20, 0x20, 0x20, 0x20, 0x20, 0x20, 0x20, 0x20, 0x20,
  0x20, 0x20, 0x20, 0x20, 0x20, 0x20, 0x20, 0x20, 0x20, 0x20, 0x20, 0x20,
  0x20, 0x20, 0x20, 0x20, 0x3c, 0x6f, 0x70, 0x74, 0x69, 0x6f, 0x6e, 0x20,
  0x76, 0x61, 0x6c, 0x75, 0x65, 0x3d, 0x22, 0x34, 0x22, 0x20, 0x24, 0x7b,
  0x69, 0x6e, 0x73, 0x74, 0x2e, 0x75, 0x61, 0x5f, 0x63, 0x6c, 0x61, 0x73,
  0x73, 0x3d, 0x3d, 0x3d, 0x34, 0x3f, 0x27, 0x73, 0x65, 0x6c, 0x65, 0x63,
  0x74, 0x65, 0x64, 0x27, 0x3a, 0x27, 0x27, 0x7d, 0x3e, 0xe5, 0xa4, 0xa7,
  0xe5, 0x9e, 0x8b, 0x3c, 0x2f, 0x6f, 0x70, 0x74, 0x69, 0x6f, 0x6e, 0x3e,
  0x0a, 0x20, 0x20, 0x20, 0x20, 0x20, 0x20, 0x20, 0x20, 0x20, 0x20, 0x20,
  0x20, 0x20, 0x20, 0x20, 0x20, 0x20, 0x20, 0x20, 0x20, 0x20, 0x20, 0x20,
  0x20, 0x20, 0x20, 0x20, 0x20, 0x20, 0x20, 0x20, 0x20, 0x20, 0x20, 0x20,
  0x20, 0x3c, 0x2f, 0x73, 0x65, 0x6c, 0x65, 0x63, 0x74, 0x3e, 0x0a, 0x20,
  0x20, 0x20, 0x20, 0x20, 0x20, 0x20, 0x20, 0x20, 0x20, 0x20, 0x20, 0x20,
  0x20, 0x20, 0x20, 0x20, 0x20, 0x20, 0x20, 0x20, 0x20, 0x20, 0x20, 0x20,
  0x20, 0x20, 0x20, 0x20, 0x20, 0x20, 0x20, 0x3c, 0x2f, 0x6c, 0x61, 0x62,
  0x65, 0x6c, 0x3e, 0x0a, 0x20, 0x20, 0x20, 0x20, 0x20, 0x20, 0x20, 0x20,
  0x20, 0x20, 0x20, 0x20, 0x20, 0x20, 0x20, 0x20, 0x20, 0x20, 0x20, 0x20,
  0x20, 0x20, 0x20, 0x20, 0x20, 0x20, 0x20, 0x20, 0x20, 0x20, 0x20, 0x20,
  0x3c, 0x6c, 0x61, 0x62, 0x65, 0x6c, 0x3e, 0xe9, 0x81, 0xa5, 0xe6, 0x8e,
  0xa7, 0xe7, 0xab, 0x99, 0xe4, 0xbd, 0x8d, 0xe7, 0xbd, 0xae, 0xe7, 0xb1,
  0xbb, 0xe5, 0x9e, 0x8b, 0x0a, 0x20, 0x20, 0x20, 0x20, 0x20, 0x20, 0x20,
  0x20, 0x20, 0x20, 0x20, 0x20, 0x20, 0x20, 0x20, 0x20, 0x20, 0x20, 0x20,
  0x20, 0x20, 0x20, 0x20, 0x20, 0x20, 0x20, 0x20, 0x20, 0x20, 0x20, 0x20,
  0x20, 0x20, 0x20, 0x20, 0x20, 0x3c, 0x73, 0x65, 0x6c, 0x65, 0x63, 0x74,
  0x20, 0x63, 0x6c, 0x61, 0x73, 0x73, 0x3d, 0x22, 0x67, 0x63, 0x73, 0x2d,
  0x70, 0x6f, 0x73, 0x2d, 0x74, 0x79, 0x70, 0x65, 0x22, 0x3e, 0x0a, 0x20,
  0x20, 0x20, 0x20, 0x20, 0x20, 0x20, 0x20, 0x20, 0x20, 0x20, 0x20, 0x20,
  0x20, 0x20, 0x20, 0x20, 0x20, 0x20, 0x20, 0x20, 0x20, 0x20, 0x20, 0x20,
  0x20, 0x20, 0x20, 0x20, 0x20, 0x20, 0x20, 0x20, 0x20, 0x20, 0x20, 0x20,
  0x20, 0x20, 0x20, 0x3c, 0x6f, 0x70, 0x74, 0x69, 0x6f, 0x6e, 0x20, 0x76,
  0x61, 0x6c, 0x75, 0x65, 0x3d, 0x22, 0x30, 0x22, 0x20, 0x24, 0x7b, 0x69,
  0x6e, 0x73, 0x74, 0x2e, 0x67, 0x63, 0x73, 0x5f, 0x70, 0x6f, 0x73, 0x5f,
  0x74, 0x79, 0x70, 0x65, 0x3d, 0x3d, 0x3d, 0x30, 0x3f, 0x27, 0x73, 0x65,
  0x6c, 0x65, 0x63, 0x74, 0x65, 0x64, 0x27, 0x3a, 0x27, 0x27, 0x7d, 0x3e,
  0xe8, 0xb5, 0xb7, 0xe9, 0xa3, 0x9e, 0xe7, 0x82, 0xb9, 0x3c, 0x2f, 0x6f,
  0x70, 0x74, 0x69, 0x6f, 0x6e, 0x3e, 0x0a, 0x20, 0x20, 0x20, 0x20, 0x20,
  0x20, 0x20, 0x20, 0x20, 0x20, 0x20, 0x20, 0x20, 0x20, 0x20, 0x20, 0x20,
  0x20, 0x20, 0x20, 0x20, 0x20, 0x20, 0x20, 0x20, 0x20, 0x20, 0x20, 0x20,
  0x20, 0x20, 0x20, 0x20, 0x20, 0x20, 0x20, 0x20, 0x20, 0x20, 0x20, 0x3c,
  0x6f, 0x70, 0x74, 0x69, 0x6f, 0x6e, 0x20, 0x76, 0x61, 0x6c, 0x75, 0x65,
  0x3d, 0x22, 0x31, 0x22, 0x20, 0x24, 0x7b, 0x69, 0x6e, 0x73, 0x74, 0x2e,
  0x67, 0x63, 0x73, 0x5f, 0x70, 0x6f, 0x73, 0x5f, 0x74, 0x79, 0x70, 0x65,
  0x3d, 0x3d, 0x3d, 0x31, 0x3f, 0x27, 0x73, 0x65, 0x6c, 0x65, 0x63, 0x74,
  0x65, 0x64, 0x27, 0x3a, 0x27, 0x27, 0x7d, 0x3e, 0xe9, 0x81, 0xa5, 0xe6,
  0x8e, 0xa7, 0xe7, 0xab, 0x99, 0x3c, 0x2f, 0x6f, 0x70, 0x74, 0x69, 0x6f,
  0x6e, 0x3e, 0x0a, 0x20, 0x20, 0x20, 0x20, 0x20, 0x20, 0x20, 0x20, 0x20,
  0x20, 0x20, 0x20, 0x20, 0x20, 0x20, 0x20, 0x20, 0x20, 0x20, 0x20, 0x20,
  0x20, 0x20, 0x20, 0x20, 0x20, 0x20, 0x20, 0x20, 0x20, 0x20, 0x20, 0x20,
  0x20, 0x20, 0x20, 0x3c, 0x2f, 0x73, 0x65, 0x6c, 0x65, 0x63, 0x74, 0x3e,
  0x0a, 0x20, 0x20, 0x20, 0x20, 0x20, 0x20, 0x20, 0x20, 0x20, 0x20, 0x20,
  0x20, 0x20, 0x20, 0x20, 0x20, 0x20, 0x20, 0x20, 0x20, 0x20, 0x20, 0x20,
  0x20, 0x20, 0x20, 0x20, 0x20, 0x20, 0x20, 0x20, 0x20, 0x3c, 0x2f, 0x6c,
  0x61, 0x62, 0x65, 0x6c, 0x3e, 0x0a, 0x20, 0x20, 0x20, 0x20, 0x20, 0x20,
  0x20, 0x20, 0x20, 0x20, 0x20, 0x20, 0x20, 0x20, 0x20, 0x20, 0x20, 0x20,
  0x20, 0x20, 0x20, 0x20, 0x20, 0x20, 0x20, 0x20, 0x20, 0x20, 0x20, 0x20,
  0x20, 0x20, 0x3c, 0x6c, 0x61, 0x62, 0x65, 0x6c, 0x3e, 0xe5, 0x9d, 0x90,
  0xe6, 0xa0, 0x87, 0xe7, 0xb3, 0xbb, 0xe7, 0xb1, 0xbb, 0xe5, 0x9e, 0x8b,
  0x0a, 0x20, 0x20, 0x20, 0x20, 0x20, 0x20, 0x20, 0x20, 0x20, 0x20, 0x20,
  0x20, 0x20, 0x20, 0x20, 0x20, 0x20, 0x20, 0x20, 0x20, 0x20, 0x20, 0x20,
  0x20, 0x20, 0x20, 0x20, 0x20, 0x20, 0x20, 0x20, 0x20, 0x20, 0x20, 0x20,
  0x20, 0x3c, 0x73, 0x65, 0x6c, 0x65, 0x63, 0x74, 0x20, 0x63, 0x6c, 0x61,
  0x73, 0x73, 0x3d, 0x22, 0x63, 0x6f, 0x6f, 0x72, 0x64, 0x2d, 0x74, 0x79,
  0x70, 0x65, 0x22, 0x3e, 0x0a, 0x20, 0x20, 0x20, 0x20, 0x20, 0x20, 0x20,
  0x20, 0x20, 0x20, 0x20, 0x20, 0x20, 0x20, 0x20, 0x20, 0x20, 0x20, 0x20,
  0x20, 0x20, 0x20, 0x20, 0x20, 0x20, 0x20, 0x20, 0x20, 0x20, 0x20, 0x20,
  0x20, 0x20, 0x20, 0x20, 0x20, 0x20, 0x20, 0x20, 0x20, 0x3c, 0x6f, 0x70,
  0x74, 0x69, 0x6f, 0x6e, 0x20, 0x76, 0x61, 0x6c, 0x75, 0x65, 0x3d, 0x22,
  0x30, 0x22, 0x20, 0x24, 0x7b, 0x69, 0x6e, 0x73, 0x74, 0x2e, 0x63, 0x6f,
  0x6f, 0x72, 0x64, 0x5f, 0x74, 0x79, 0x70, 0x65, 0x3d, 0x3d, 0x3d, 0x30,
  0x3f, 0x27, 0x73, 0x65, 0x6c, 0x65, 0x63, 0x74, 0x65, 0x64, 0x27, 0x3a,
  0x27, 0x27, 0x7d, 0x3e, 0x57, 0x47, 0x53, 0x2d, 0x38, 0x34, 0x3c, 0x2f,
  0x6f, 0x70, 0x74, 0x69, 0x6f, 0x6e, 0x3e, 0x0a, 0x20, 0x20, 0x20, 0x20,
  0x20, 0x20, 0x20, 0x20, 0x20, 0x20, 0x20, 0x20, 0x20, 0x20, 0x20, 0x20,
  0x20, 0x20, 0x20, 0x20, 0x20, 0x20, 0x20, 0x20, 0x20, 0x20, 0x20, 0x20,
  0x20, 0x20, 0x20, 0x20, 0x20, 0x20, 0x20, 0x20, 0x20, 0x20, 0x20, 0x20,
  0x3c, 0x6f, 0x70, 0x74, 0x69, 0x6f, 0x6e, 0x20, 0x76, 0x61, 0x6c, 0x75,
  0x65, 0x3d, 0x22, 0x31, 0x22, 0x20, 0x24, 0x7b, 0x69, 0x6e, 0x73, 0x74,
  0x2e, 0x63, 0x6f, 0x6f, 0x72, 0x64, 0x5f, 0x74, 0x79, 0x70, 0x65, 0x3d,
  0x3d, 0x3d, 0x31, 0x3f, 0x27, 0x73, 0x65, 0x6c, 0x65, 0x63, 0x74, 0x65,
  0x64, 0x27, 0x3a, 0x27, 0x27, 0x7d, 0x3e, 0x43, 0x47, 0x43, 0x53, 0x32,
  0x30, 0x30, 0x30, 0x3c, 0x2f, 0x6f, 0x70, 0x74, 0x69, 0x6f, 0x6e, 0x3e,
  0x0a, 0x20, 0x20, 0x20, 0x20, 0x20, 0x20, 0x20, 0x20, 0x20, 0x20, 0x20,
  0x20, 0x20, 0x20, 0x20, 0x20, 0x20, 0x20, 0x20, 0x20, 0x20, 0x20, 0x20,
  0x20, 0x20, 0x20, 0x20, 0x20, 0x20, 0x20, 0x20, 0x20, 0x20, 0x20, 0x20,
  0x20, 0x3c, 0x2f, 0x73, 0x65, 0x6c, 0x65, 0x63, 0x74, 0x3e, 0x0a, 0x20,
  0x20, 0x20, 0x20, 0x20, 0x20, 0x20, 0x20, 0x20, 0x20, 0x20, 0x20, 0x20,
  0x20, 0x20, 0x20, 0x20, 0x20, 0x20, 0x20, 0x20, 0x20, 0x20, 0x20, 0x20,
  0x20, 0x20, 0x20, 0x20, 0x20, 0x20, 0x20, 0x3c, 0x2f, 0x6c, 0x61, 0x62,
  0x65, 0x6c, 0x3e, 0x0a, 0x20, 0x20, 0x20, 0x20, 0x20, 0x20, 0x20, 0x20,
  0x20, 0x20, 0x20, 0x20, 0x20, 0x20, 0x20, 0x20, 0x20, 0x20, 0x20, 0x20,
  0x20, 0x20, 0x20, 0x20, 0x20, 0x20, 0x20, 0x20, 0x20, 0x20, 0x20, 0x20,
  0x3c, 0x6c, 0x61, 0x62, 0x65, 0x6c, 0x3e, 0xe6, 0xb0, 0xb4, 0xe5, 0xb9,
  0xb3, 0xe7, 0xb2, 0xbe, 0xe5, 0xba, 0xa6, 0x0a, 0x20, 0x20, 0x20, 0x20,
  0x20, 0x20, 0x20, 0x20, 0x20, 0x20, 0x20, 0x20, 0x20, 0x20, 0x20, 0x20,
  0x20, 0x20, 0x20, 0x20, 0x20, 0x20, 0x20, 0x20, 0x20, 0x20, 0x20, 0x20,
  0x20, 0x20, 0x20, 0x20, 0x20, 0x20, 0x20, 0x20, 0x3c, 0x73, 0x65, 0x6c,
  0x65, 0x63, 0x74, 0x20, 0x63, 0x6c, 0x61, 0x73, 0x73, 0x3d, 0x22, 0x68,
  0x2d, 0x61, 0x63, 0x63, 0x2d, 0x67, 0x62, 0x34, 0x36, 0x37, 0x35, 0x30,
  0x22, 0x3e, 0x0a, 0x20, 0x20, 0x20, 0x20, 0x20, 0x20, 0x20, 0x20, 0x20,
  0x20, 0x20, 0x20, 0x20, 0x20, 0x20, 0x20, 0x20, 0x20, 0x20, 0x20, 0x20,
  0x20, 0x20, 0x20, 0x20, 0x20, 0x20, 0x20, 0x20, 0x20, 0x20, 0x20, 0x20,
  0x20, 0x20, 0x20, 0x20, 0x20, 0x20, 0x20, 0x3c, 0x6f, 0x70, 0x74, 0x69,
  0x6f, 0x6e, 0x20, 0x76, 0x61, 0x6c, 0x75, 0x65, 0x3d, 0x22, 0x30, 0x22,
  0x20, 0x24, 0x7b, 0x69, 0x6e, 0x73, 0x74, 0x2e, 0x68, 0x5f, 0x61, 0x63,
  0x63, 0x3d, 0x3d, 0x3d, 0x30, 0x3f, 0x27, 0x73, 0x65, 0x6c, 0x65, 0x63,
  0x74, 0x65, 0x64, 0x27, 0x3a, 0x27, 0x27, 0x7d, 0x3e, 0xe2, 0x89, 0xa5,
  0x31, 0x38, 0x2e, 0x35, 0x32, 0x6b, 0x6d, 0x3c, 0x2f, 0x6f, 0x70, 0x74,
  0x69, 0x6f, 0x6e, 0x3e, 0x0a, 0x20, 0x20, 0x20, 0x20, 0x20, 0x20, 0x20,
  0x20, 0x20, 0x20, 0x20, 0x20, 0x20, 0x20, 0x20, 0x20, 0x20, 0x20, 0x20,
  0x20, 0x20, 0x20, 0x20, 0x20, 0x20, 0x20, 0x20, 0x20, 0x20, 0x20, 0x20,
  0x20, 0x20, 0x20, 0x20, 0x20, 0x20, 0x20, 0x20, 0x20, 0x3c, 0x6f, 0x70,
  0x74, 0x69, 0x6f, 0x6e, 0x20, 0x76, 0x61, 0x6c, 0x75, 0x65, 0x3d, 0x22,
  0x31, 0x22, 0x20, 0x24, 0x7b, 0x69, 0x6e, 0x73, 0x74, 0x2e, 0x68, 0x5f,
  0x61, 0x63, 0x63, 0x3d, 0x3d, 0x3d, 0x31, 0x3f, 0x27, 0x73, 0x65, 0x6c,
  0x65, 0x63, 0x74, 0x65, 0x64, 0x27, 0x3a, 0x27, 0x27, 0x7d, 0x3e, 0x3c,
  0x31, 0x38, 0x2e, 0x35, 0x32, 0x6b, 0x6d, 0x3c, 0x2f, 0x6f, 0x70, 0x74,
  0x69, 0x6f, 0x6e, 0x3e, 0x0a, 0x20, 0x20, 0x20, 0x20, 0x20, 0x20, 0x20,
  0x20, 0x20, 0x20, 0x20, 0x20, 0x20, 0x20, 0x20, 0x20, 0x20, 0x20, 0x20,
  0x20, 0x20, 0x20, 0x20, 0x20, 0x20, 0x20, 0x20, 0x20, 0x20, 0x20, 0x20,
  0x20, 0x20, 0x20, 0x20, 0x20, 0x20, 0x20, 0x20, 0x20, 0x3c, 0x6f, 0x70,
  0x74, 0x69, 0x6f, 0x6e, 0x20, 0x76, 0x61, 0x6c, 0x75, 0x65, 0x3d, 0x22,
  0x32, 0x22, 0x20, 0x24, 0x7b, 0x69, 0x6e, 0x73, 0x74, 0x2e, 0x68, 0x5f,
  0x61, 0x63, 0x63, 0x3d, 0x3d, 0x3d, 0x32, 0x3f, 0x27, 0x73, 0x65, 0x6c,
  0x65, 0x63, 0x74, 0x65, 0x64, 0x27, 0x3a, 0x27, 0x27, 0x7d, 0x3e, 0x3c,
  0x37, 0x2e, 0x34, 0x31, 0x6b, 0x6d, 0x3c, 0x2f, 0x6f, 0x70, 0x74, 0x69,
  0x6f, 0x6e, 0x3e, 0x0a, 0x20, 0x20, 0x20, 0x20, 0x20, 0x20, 0x20, 0x20,
  0x20, 0x20, 0x20, 0x20, 0x20, 0x20, 0x20, 0x20, 0x20, 0x20, 0x20, 0x20,
  0x20, 0x20, 0x20, 0x20, 0x20, 0x20, 0x20, 0x20, 0x20, 0x20, 0x20, 0x20,
  0x20, 0x20, 0x20, 0x20, 0x20, 0x20, 0x20, 0x20, 0x3c, 0x6f, 0x70, 0x74,
  0x69, 0x6f, 0x6e, 0x20, 0x76, 0x61, 0x6c, 0x75, 0x65, 0x3d, 0x22, 0x33,
  0x22, 0x20, 0x24, 0x7b, 0x69, 0x6e, 0x73, 0x74, 0x2e, 0x68, 0x5f, 0x61,
  0x63, 0x63, 0x3d, 0x3d, 0x3d, 0x33, 0x3f, 0x27, 0x73, 0x65, 0x6c, 0x65,
  0x63, 0x74, 0x65, 0x64, 0x27, 0x3a, 0x27, 0x27, 0x7d, 0x3e, 0x3c, 0x33,
  0x2e, 0x37, 0x30, 0x6b, 0x6d, 0x3c, 0x2f, 0x6f, 0x70, 0x74, 0x69, 0x6f,
  0x6e, 0x3e, 0x0a, 0x20, 0x20, 0x20, 0x20, 0x20, 0x20, 0x20, 0x20, 0x20,
  0x20, 0x20, 0x20, 0x20, 0x20, 0x20, 0x20, 0x20, 0x20, 0x20, 0x20, 0x20,
  0x20, 0x20, 0x20, 0x20, 0x20, 0x20, 0x20, 0x20, 0x20, 0x20, 0x20, 0x20,
  0x20, 0x20, 0x20, 0x20, 0x20, 0x20, 0x20, 0x3c, 0x6f, 0x70, 0x74, 0x69,
  0x6f, 0x6e, 0x20, 0x76, 0x61, 0x6c, 0x75, 0x65, 0x3d, 0x22, 0x34, 0x22,
  0x20, 0x24, 0x7b, 0x69, 0x6e, 0x73, 0x74, 0x2e, 0x68, 0x5f, 0x61, 0x63,
  0x63, 0x3d, 0x3d, 0x3d, 0x34, 0x3f, 0x27, 0x73, 0x65, 0x6c, 0x65, 0x63,
  0x74, 0x65, 0x64, 0x27, 0x3a, 0x27, 0x27, 0x7d, 0x3e, 0x3c, 0x31, 0x2e,
  0x38, 0x35, 0x32, 0x6b, 0x6d, 0x3c, 0x2f, 0x6f, 0x70, 0x74, 0x69, 0x6f,
  0x6e, 0x3e, 0x0a, 0x20, 0x20, 0x20, 0x20, 0x20, 0x20, 0x20, 0x20, 0x20,
  0x20, 0x20, 0x20, 0x20, 0x20, 0x20, 0x20, 0x20, 0x20, 0x20, 0x20, 0x20,
  0x20, 0x20, 0x20, 0x20, 0x20, 0x20, 0x20, 0x20, 0x20, 0x20, 0x20, 0x20,
  0x20, 0x20, 0x20, 0x20, 0x20, 0x20, 0x20, 0x3c, 0x6f, 0x70, 0x74, 0x69,
  0x6f, 0x6e, 0x20, 0x76, 0x61, 0x6c, 0x75, 0x65, 0x3d, 0x22, 0x35, 0x22,
  0x20, 0x24, 0x7b, 0x69, 0x6e, 0x73, 0x74, 0x2e, 0x68, 0x5f, 0x61, 0x63,
  0x63, 0x3d, 0x3d, 0x3d, 0x35, 0x3f, 0x27, 0x73, 0x65, 0x6c, 0x65, 0x63,
  0x74, 0x65, 0x64, 0x27, 0x3a, 0x27, 0x27, 0x7d, 0x3e, 0x3c, 0x39, 0x32,
  0x36, 0x6d, 0x3c, 0x2f, 0x6f, 0x70, 0x74, 0x69, 0x6f, 0x6e, 0x3e, 0x0a,
  0x20, 0x20, 0x20, 0x20, 0x20, 0x20, 0x20, 0x20, 0x20, 0x20, 0x20, 0x20,
  0x20, 0x20, 0x20, 0x20, 0x20, 0x20, 0x20, 0x20, 0x20, 0x20, 0x20, 0x20,
  0x20, 0x20, 0x20, 0x20, 0x20, 0x20, 0x20, 0x20, 0x20, 0x20, 0x20, 0x20,
  0x20, 0x20, 0x20, 0x20, 0x3c, 0x6f, 0x70, 0x74, 0x69, 0x6f, 0x6e, 0x20,
  0x76, 0x61, 0x6c, 0x75, 0x65, 0x3d, 0x22, 0x36, 0x22, 0x20, 0x24, 0x7b,
  0x69, 0x6e, 0x73, 0x74, 0x2e, 0x68, 0x5f, 0x61, 0x63, 0x63, 0x3d, 0x3d,
  0x3d, 0x36, 0x3f, 0x27, 0x73, 0x65, 0x6c, 0x65, 0x63, 0x74, 0x65, 0x64,
  0x27, 0x3a, 0x27, 0x27, 0x7d, 0x3e, 0x3c, 0x35, 0x35, 0x36, 0x6d, 0x3c,
  0x2f, 0x6f, 0x70, 0x74, 0x69, 0x6f, 0x6e, 0x3e, 0x0a, 0x20, 0x20, 0x20,
  0x20, 0x20, 0x20, 0x20, 0x20, 0x20, 0x20, 0x20, 0x20, 0x20, 0x20, 0x20,
  0x20, 0x20, 0x20, 0x20, 0x20, 0x20, 0x20, 0x20, 0x20, 0x20, 0x20, 0x20,
  0x20, 0x20, 0x20, 0x20, 0x20, 0x20, 0x20, 0x20, 0x20, 0x20, 0x20, 0x20,
  0x20, 0x3c, 0x6f, 0x70, 0x74, 0x69, 0x6f, 0x6e, 0x20, 0x76, 0x61, 0x6c,
  0x75, 0x65, 0x3d, 0x22, 0x37, 0x22, 0x20, 0x24, 0x7b, 0x69, 0x6e, 0x73,
  0x74, 0x2e, 0x68, 0x5f, 0x61, 0x63, 0x63, 0x3d, 0x3d, 0x3d, 0x37, 0x3f,
  0x27, 0x73, 0x65, 0x6c, 0x65, 0x63, 0x74, 0x65, 0x64, 0x27, 0x3a, 0x27,
  0x27, 0x7d, 0x3e, 0x3c, 0x31, 0x38, 0x35, 0x6d, 0x3c, 0x2f, 0x6f, 0x70,
  0x74, 0x69, 0x6f, 0x6e, 0x3e, 0x0a, 0x20, 0x20, 0x20, 0x20, 0x20, 0x20,
  0x20, 0x20, 0x20, 0x20, 0x20, 0x20, 0x20, 0x20, 0x20, 0x20, 0x20, 0x20,
  0x20, 0x20, 0x20, 0x20, 0x20, 0x20, 0x20, 0x20, 0x20, 0x20, 0x20, 0x20,
  0x20, 0x20, 0x20, 0x20, 0x20, 0x20, 0x20, 0x20, 0x20, 0x20, 0x3c, 0x6f,
  0x70, 0x74, 0x69, 0x6f, 0x6e, 0x20, 0x76, 0x61, 0x6c, 0x75, 0x65, 0x3d,
  0x22, 0x38, 0x22, 0x20, 0x24, 0x7b, 0x69, 0x6e, 0x73, 0x74, 0x2e, 0x68,
  0x5f, 0x61, 0x63, 0x63, 0x3d, 0x3d, 0x3d, 0x38, 0x3f, 0x27, 0x73, 0x65,
  0x6c, 0x65, 0x63, 0x74, 0x65, 0x64, 0x27, 0x3a, 0x27, 0x27, 0x7d, 0x3e,
  0x3c, 0x39, 0x32, 0x2e, 0x36, 0x6d, 0x3c, 0x2f, 0x6f, 0x70, 0x74, 0x69,
  0x6f, 0x6e, 0x3e, 0x0a, 0x20, 0x20, 0x20, 0x20, 0x20, 0x20, 0x20, 0x20,
  0x20, 0x20, 0x20, 0x20, 0x20, 0x20, 0x20, 0x20, 0x20, 0x20, 0x20, 0x20,
  0x20, 0x20, 0x20, 0x20, 0x20, 0x20, 0x20, 0x20, 0x20, 0x20, 0x20, 0x20,
  0x20, 0x20, 0x20, 0x20, 0x20, 0x20, 0x20, 0x20, 0x3c, 0x6f, 0x70, 0x74,
  0x69, 0x6f, 0x6e, 0x20, 0x76, 0x61, 0x6c, 0x75, 0x65, 0x3d, 0x22, 0x39,
  0x22, 0x20, 0x24, 0x7b, 0x69, 0x6e, 0x73, 0x74, 0x2e, 0x68, 0x5f, 0x61,
  0x63, 0x63, 0x3d, 0x3d, 0x3d, 0x39, 0x3f, 0x27, 0x73, 0x65, 0x6c, 0x65,
  0x63, 0x74, 0x65, 0x64, 0x27, 0x3a, 0x27, 0x27, 0x7d, 0x3e, 0x3c, 0x33,
  0x30, 0x6d, 0x3c, 0x2f, 0x6f, 0x70, 0x74, 0x69, 0x6f, 0x6e, 0x3e, 0x0a,
  0x20, 0x20, 0x20, 0x20, 0x20, 0x20, 0x20, 0x20, 0x20, 0x20, 0x20, 0x20,
  0x20, 0x20, 0x20, 0x20, 0x20, 0x20, 0x20, 0x20, 0x20, 0x20, 0x20, 0x20,
  0x20, 0x20, 0x20, 0x20, 0x20, 0x20, 0x20, 0x20, 0x20, 0x20, 0x20, 0x20,
  0x20, 0x20, 0x20, 0x20, 0x3c, 0x6f, 0x70, 0x74, 0x69, 0x6f, 0x6e, 0x20,
  0x76, 0x61, 0x6c, 0x75, 0x65, 0x3d, 0x22, 0x31, 0x30, 0x22, 0x20, 0x24,
  0x7b, 0x69, 0x6e, 0x73, 0x74, 0x2e, 0x68, 0x5f, 0x61, 0x63, 0x63, 0x3d,
  0x3d, 0x3d, 0x31, 0x30, 0x3f, 0x27, 0x73, 0x65, 0x6c, 0x65, 0x63, 0x74,
  0x65, 0x64, 0x27, 0x3a, 0x27, 0x27, 0x7d, 0x3e, 0x3c, 0x31, 0x30, 0x6d,
  0x3c, 0x2f, 0x6f, 0x70, 0x74, 0x69, 0x6f, 0x6e, 0x3e, 0x0a, 0x20, 0x20,
  0x20, 0x20, 0x20, 0x20, 0x20, 0x20, 0x20, 0x20, 0x20, 0x20, 0x20, 0x20,
  0x20, 0x20, 0x20, 0x20, 0x20, 0x20, 0x20, 0x20, 0x20, 0x20, 0x20, 0x20,
  0x20, 0x20, 0x20, 0x20, 0x20, 0x20, 0x20, 0x20, 0x20, 0x20, 0x20, 0x20,
  0x20, 0x20, 0x3c, 0x6f, 0x70, 0x74, 0x69, 0x6f, 0x6e, 0x20, 0x76, 0x61,
  0x6c, 0x75, 0x65, 0x3d, 0x22, 0x31, 0x31, 0x22, 0x20, 0x24, 0x7b, 0x69,
  0x6e, 0x73, 0x74, 0x2e, 0x68, 0x5f, 0x61, 0x63, 0x63, 0x3d, 0x3d, 0x3d,
  0x31, 0x31, 0x3f, 0x27, 0x73, 0x65, 0x6c, 0x65, 0x63, 0x74, 0x65, 0x64,
  0x27, 0x3a, 0x27, 0x27, 0x7d, 0x3e, 0x3c, 0x33, 0x6d, 0x3c, 0x2f, 0x6f,
  0x70, 0x74, 0x69, 0x6f, 0x6e, 0x3e, 0x0a, 0x20, 0x20, 0x20, 0x20, 0x20,
  0x20, 0x20, 0x20, 0x20, 0x20, 0x20, 0x20, 0x20, 0x20, 0x20, 0x20, 0x20,
  0x20, 0x20, 0x20, 0x20, 0x20, 0x20, 0x20, 0x20, 0x20, 0x20, 0x20, 0x20,
  0x20, 0x20, 0x20, 0x20, 0x20, 0x20, 0x20, 0x20, 0x20, 0x20, 0x20, 0x3c,
  0x6f, 0x70, 0x74, 0x69, 0x6f, 0x6e, 0x20, 0x76, 0x61, 0x6c, 0x75, 0x65,
  0x3d, 0x22, 0x31, 0x32, 0x22, 0x20, 0x24, 0x7b, 0x69, 0x6e, 0x73, 0x74,
  0x2e, 0x68, 0x5f, 0x61, 0x63, 0x63, 0x3d, 0x3d, 0x3d, 0x31, 0x32, 0x3f,
  0x27, 0x73, 0x65, 0x6c, 0x65, 0x63, 0x74, 0x65, 0x64, 0x27, 0x3a, 0x27,
  0x27, 0x7d, 0x3e, 0x3c, 0x31, 0x6d, 0x3c, 0x2f, 0x6f, 0x70, 0x74, 0x69,
  0x6f, 0x6e, 0x3e, 0x0a, 0x20, 0x20, 0x20, 0x20, 0x20, 0x20, 0x20, 0x20,
  0x20, 0x20, 0x20, 0x20, 0x20, 0x20, 0x20, 0x20, 0x20, 0x20, 0x20, 0x20,
  0x20, 0x20, 0x20, 0x20, 0x20, 0x20, 0x20, 0x20, 0x20, 0x20, 0x20, 0x20,
  0x20, 0x20, 0x20, 0x20, 0x3c, 0x2f, 0x73, 0x65, 0x6c, 0x65, 0x63, 0x74,
  0x3e, 0x0a, 0x20, 0x20, 0x20, 0x20, 0x20, 0x20, 0x20, 0x20, 0x20, 0x20,
  0x20, 0x20, 0x20, 0x20, 0x20, 0x20, 0x20, 0x20, 0x20, 0x20, 0x20, 0x20,
  0x20, 0x20, 0x20, 0x20, 0x20, 0x20, 0x20, 0x20, 0x20, 0x20, 0x3c, 0x2f,
  0x6c, 0x61, 0x62, 0x65, 0x6c, 0x3e, 0x0a, 0x20, 0x20, 0x20, 0x20, 0x20,
  0x20, 0x20, 0x20, 0x20, 0x20, 0x20, 0x20, 0x20, 0x20, 0x20, 0x20, 0x20,
  0x20, 0x20, 0x20, 0x20, 0x20, 0x20, 0x20, 0x20, 0x20, 0x20, 0x20, 0x20,
  0x20, 0x20, 0x20, 0x3c, 0x6c, 0x61, 0x62, 0x65, 0x6c, 0x3e, 0xe5, 0x9e,
  0x82, 0xe7, 0x9b, 0xb4, 0xe7, 0xb2, 0xbe, 0xe5, 0xba, 0xa6, 0x0a, 0x20,
  0x20, 0x20, 0x20, 0x20, 0x20, 0x20, 0x20, 0x20, 0x20, 0x20, 0x20, 0x20,
  0x20, 0x20, 0x20, 0x20, 0x20, 0x20, 0x20, 0x20, 0x20, 0x20, 0x20, 0x20,
  0x20, 0x20, 0x20, 0x20, 0x20, 0x20, 0x20, 0x20, 0x20, 0x20, 0x20, 0x3c,
  0x73, 0x65, 0x6c, 0x65, 0x63, 0x74, 0x20, 0x63, 0x6c, 0x61, 0x73, 0x73,
  0x3d, 0x22, 0x76, 0x2d, 0x61, 0x63, 0x63, 0x2d, 0x67, 0x62, 0x34, 0x36,
  0x37, 0x35, 0x30, 0x22, 0x3e, 0x0a, 0x20, 0x20, 0x20, 0x20, 0x20, 0x20,
  0x20, 0x20, 0x20, 0x20, 0x20, 0x20, 0x20, 0x20, 0x20, 0x20, 0x20, 0x20,
  0x20, 0x20, 0x20, 0x20, 0x20, 0x20, 0x20, 0x20, 0x20, 0x20, 0x20, 0x20,
  0x20, 0x20, 0x20, 0x20, 0x20, 0x20, 0x20, 0x20, 0x20, 0x20, 0x3c, 0x6f,
  0x70, 0x74, 0x69, 0x6f, 0x6e, 0x20, 0x76, 0x61, 0x6c, 0x75, 0x65, 0x3d,
  0x22, 0x30, 0x22, 0x20, 0x24, 0x7b, 0x69, 0x6e, 0x73, 0x74, 0x2e, 0x76,
  0x5f, 0x61, 0x63, 0x63, 0x3d, 0x3d, 0x3d, 0x30, 0x3f, 0x27, 0x73, 0x65,
  0x6c, 0x65, 0x63, 0x74, 0x65, 0x64, 0x27, 0x3a, 0x27, 0x27, 0x7d, 0x3e,
  0xe2, 0x89, 0xa5, 0x31, 0x35, 0x30, 0x6d, 0x3c, 0x2f, 0x6f, 0x70, 0x74,
  0x69, 0x6f, 0x6e, 0x3e, 0x0a, 0x20, 0x20, 0x20, 0x20, 0x20, 0x20, 0x20,
  0x20, 0x20, 0x20, 0x20, 0x20, 0x20, 0x20, 0x20, 0x20, 0x20, 0x20, 0x20,
  0x20, 0x20, 0x20, 0x20, 0x20, 0x20, 0x20, 0x20, 0x20, 0x20, 0x20, 0x20,
  0x20, 0x20, 0x20, 0x20, 0x20, 0x20, 0x20, 0x20, 0x20, 0x3c, 0x6f, 0x70,
  0x74, 0x69, 0x6f, 0x6e, 0x20, 0x76, 0x61, 0x6c, 0x75, 0x65, 0x3d, 0x22,
  0x31, 0x22, 0x20, 0x24, 0x7b, 0x69, 0x6e, 0x73, 0x74, 0x2e, 0x76, 0x5f,
  0x61, 0x63, 0x63, 0x3d, 0x3d, 0x3d, 0x31, 0x3f, 0x27, 0x73, 0x65, 0x6c,
  0x65, 0x63, 0x74, 0x65, 0x64, 0x27, 0x3a, 0x27, 0x27, 0x7d, 0x3e, 0x3c,
  0x31, 0x35, 0x30, 0x6d, 0x3c, 0x2f, 0x6f, 0x70, 0x74, 0x69, 0x6f, 0x6e,
  0x3e, 0x0a, 0x20, 0x20, 0x20, 0x20, 0x20, 0x20, 0x20, 0x20, 0x20, 0x20,
  0x20, 0x20, 0x20, 0x20, 0x20, 0x20, 0x20, 0x20, 0x20, 0x20, 0x20, 0x20,
  0x20, 0x20, 0x20, 0x20, 0x20, 0x20, 0x20, 0x20, 0x20, 0x20, 0x20, 0x20,
  0x20, 0x20, 0x20, 0x20, 0x20, 0x20, 0x3c, 0x6f, 0x70, 0x74, 0x69, 0x6f,
  0x6e, 0x20, 0x76, 0x61, 0x6c, 0x75, 0x65, 0x3d, 0x22, 0x32, 0x22, 0x20,
  0x24, 0x7b, 0x69, 0x6e, 0x73, 0x74, 0x2e, 0x76, 0x5f, 0x61, 0x63, 0x63,
  0x3d, 0x3d, 0x3d, 0x32, 0x3f, 0x27, 0x73, 0x65, 0x6c, 0x65, 0x63, 0x74,
  0x65, 0x64, 0x27, 0x3a, 0x27, 0x27, 0x7d, 0x3e, 0x3c, 0x34, 0x35, 0x6d,
  0x3c, 0x2f, 0x6f, 0x70, 0x74, 0x69, 0x6f, 0x6e, 0x3e, 0x0a, 0x20, 0x20,
  0x20, 0x20, 0x20, 0x20, 0x20, 0x20, 0x20, 0x20, 0x20, 0x20, 0x20, 0x20,
  0x20, 0x20, 0x20, 0x20, 0x20, 0x20, 0x20, 0x20, 0x20, 0x20, 0x20, 0x20,
  0x20, 0x20, 0x20, 0x20, 0x20, 0x20, 0x20, 0x20, 0x20, 0x20, 0x20, 0x20,
  0x20, 0x20, 0x3c, 0x6f, 0x70, 0x74, 0x69, 0x6f, 0x6e, 0x20, 0x76, 0x61,
  0x6c, 0x75, 0x65, 0x3d, 0x22, 0x33, 0x22, 0x20, 0x24, 0x7b, 0x69, 0x6e,
  0x73, 0x74, 0x2e, 0x76, 0x5f, 0x61, 0x63, 0x63, 0x3d, 0x3d, 0x3d, 0x33,
  0x3f, 0x27, 0x73, 0x65, 0x6c, 0x65, 0x63, 0x74, 0x65, 0x64, 0x27, 0x3a,
  0x27, 0x27, 0x7d, 0x3e, 0x3c, 0x32, 0x35, 0x6d, 0x3c, 0x2f, 0x6f, 0x70,
  0x74, 0x69, 0x6f, 0x6e, 0x3e, 0x0a, 0x20, 0x20, 0x20, 0x20, 0x20, 0x20,
  0x20, 0x20, 0x20, 0x20, 0x20, 0x20, 0x20, 0x20, 0x20, 0x20, 0x20, 0x20,
  0x20, 0x20, 0x20, 0x20, 0x20, 0x20, 0x20, 0x20, 0x20, 0x20, 0x20, 0x20,
  0x20, 0x20, 0x20, 0x20, 0x20, 0x20, 0x20, 0x20, 0x20, 0x20, 0x3c, 0x6f,
  0x70, 0x74, 0x69, 0x6f, 0x6e, 0x20, 0x76, 0x61, 0x6c, 0x75, 0x65, 0x3d,
  0x22, 0x34, 0x22, 0x20, 0x24, 0x7b, 0x69, 0x6e, 0x73, 0x74, 0x2e, 0x76,
  0x5f, 0x61, 0x63, 0x63, 0x3d, 0x3d, 0x3d, 0x34, 0x3f, 0x27, 0x73, 0x65,
  0x6c, 0x65, 0x63, 0x74, 0x65, 0x64, 0x27, 0x3a, 0x27, 0x27, 0x7d, 0x3e,
  0x3c, 0x31, 0x30, 0x6d, 0x3c, 0x2f, 0x6f, 0x70, 0x74, 0x69, 0x6f, 0x6e,
  0x3e, 0x0a, 0x20, 0x20, 0x20, 0x20, 0x20, 0x20, 0x20, 0x20, 0x20, 0x20,
  0x20, 0x20, 0x20, 0x20, 0x20, 0x20, 0x20, 0x20, 0x20, 0x20, 0x20, 0x20,
  0x20, 0x20, 0x20, 0x20, 0x20, 0x20, 0x20, 0x20, 0x20, 0x20, 0x20, 0x20,
  0x20, 0x20, 0x20, 0x20, 0x20, 0x20, 0x3c, 0x6f, 0x70, 0x74, 0x69, 0x6f,
  0x6e, 0x20, 0x76, 0x61, 0x6c, 0x75, 0x65, 0x3d, 0x22, 0x35, 0x22, 0x20,
  0x24, 0x7b, 0x69, 0x6e, 0x73, 0x74, 0x2e, 0x76, 0x5f, 0x61, 0x63, 0x63,
  0x3d, 0x3d, 0x3d, 0x35, 0x3f, 0x27, 0x73, 0x65, 0x6c, 0x65, 0x63, 0x74,
  0x65, 0x64, 0x27, 0x3a, 0x27, 0x27, 0x7d, 0x3e, 0x3c, 0x33, 0x6d, 0x3c,
  0x2f, 0x6f, 0x70, 0x74, 0x69, 0x6f, 0x6e, 0x3e, 0x0a, 0x20, 0x20, 0x20,
  0x20, 0x20, 0x20, 0x20, 0x20, 0x20, 0x20, 0x20, 0x20, 0x20, 0x20, 0x20,
  0x20, 0x20, 0x20, 0x20, 0x20, 0x20, 0x20, 0x20, 0x20, 0x20, 0x20, 0x20,
  0x20, 0x20, 0x20, 0x20, 0x20, 0x20, 0x20, 0x20, 0x20, 0x20, 0x20, 0x20,
  0x20, 0x3c, 0x6f, 0x70, 0x74, 0x69, 0x6f, 0x6e, 0x20, 0x76, 0x61, 0x6c,
  0x75, 0x65, 0x3d, 0x22, 0x36, 0x22, 0x20, 0x24, 0x7b, 0x69, 0x6e, 0x73,
  0x74, 0x2e, 0x76, 0x5f, 0x61, 0x63, 0x63, 0x3d, 0x3d, 0x3d, 0x36, 0x3f,
  0x27, 0x73, 0x65, 0x6c, 0x65, 0x63, 0x74, 0x65, 0x64, 0x27, 0x3a, 0x27,
  0x27, 0x7d, 0x3e, 0x3c, 0x31, 0x6d, 0x3c, 0x2f, 0x6f, 0x70, 0x74, 0x69,
  0x6f, 0x6e, 0x3e, 0x0a, 0x20, 0x20, 0x20, 0x20, 0x20, 0x20, 0x20, 0x20,
  0x20, 0x20, 0x20, 0x20, 0x20, 0x20, 0x20, 0x20, 0x20, 0x20, 0x20, 0x20,
  0x20, 0x20, 0x20, 0x20, 0x20, 0x20, 0x20, 0x20, 0x20, 0x20, 0x20, 0x20,
  0x20, 0x20, 0x20, 0x20, 0x3c, 0x2f, 0x73, 0x65, 0x6c, 0x65, 0x63, 0x74,
  0x3e, 0x0a, 0x20, 0x20, 0x20, 0x20, 0x20, 0x20, 0x20, 0x20, 0x20, 0x20,
  0x20, 0x20, 0x20, 0x20, 0x20, 0x20, 0x20, 0x20, 0x20, 0x20, 0x20, 0x20,
  0x20, 0x20, 0x20, 0x20, 0x20, 0x20, 0x20, 0x20, 0x20, 0x20, 0x3c, 0x2f,
  0x6c, 0x61, 0x62, 0x65, 0x6c, 0x3e, 0x0a, 0x20, 0x20, 0x20, 0x20, 0x20,
  0x20, 0x20, 0x20, 0x20, 0x20, 0x20, 0x20, 0x20, 0x20, 0x20, 0x20, 0x20,
  0x20, 0x20, 0x20, 0x20, 0x20, 0x20, 0x20, 0x20, 0x20, 0x20, 0x20, 0x20,
  0x20, 0x20, 0x20, 0x3c, 0x6c, 0x61, 0x62, 0x65, 0x6c, 0x3e, 0xe9, 0x80,
  0x9f, 0xe5, 0xba, 0xa6, 0xe7, 0xb2, 0xbe, 0xe5, 0xba, 0xa6, 0x0a, 0x20,
  0x20, 0x20, 0x20, 0x20, 0x20, 0x20, 0x20, 0x20, 0x20, 0x20, 0x20, 0x20,
  0x20, 0x20, 0x20, 0x20, 0x20, 0x20, 0x20, 0x20, 0x20, 0x20, 0x20, 0x20,
  0x20, 0x20, 0x20, 0x20, 0x20, 0x20, 0x20, 0x20, 0x20, 0x20, 0x20, 0x3c,
  0x73, 0x65, 0x6c, 0x65, 0x63, 0x74, 0x20, 0x63, 0x6c, 0x61, 0x73, 0x73,
  0x3d, 0x22, 0x73, 0x70, 0x64, 0x2d, 0x61, 0x63, 0x63, 0x2d, 0x67, 0x62,
  0x34, 0x36, 0x37, 0x35, 0x30, 0x22, 0x3e, 0x0a, 0x20, 0x20, 0x20, 0x20,
  0x20, 0x20, 0x20, 0x20, 0x20, 0x20, 0x20, 0x20, 0x20, 0x20, 0x20, 0x20,
  0x20, 0x20, 0x20, 0x20, 0x20, 0x20, 0x20, 0x20, 0x20, 0x20, 0x20, 0x20,
  0x20, 0x20, 0x20, 0x20, 0x20, 0x20, 0x20, 0x20, 0x20, 0x20, 0x20, 0x20,
  0x3c, 0x6f, 0x70, 0x74, 0x69, 0x6f, 0x6e, 0x20, 0x76, 0x61, 0x6c, 0x75,
  0x65, 0x3d, 0x22, 0x30, 0x22, 0x20, 0x24, 0x7b, 0x69, 0x6e, 0x73, 0x74,
  0x2e, 0x73, 0x70, 0x64, 0x5f, 0x61, 0x63, 0x63, 0x3d, 0x3d, 0x3d, 0x30,
  0x3f, 0x27, 0x73, 0x65, 0x6c, 0x65, 0x63, 0x74, 0x65, 0x64, 0x27, 0x3a,
  0x27, 0x27, 0x7d, 0x3e, 0xe2, 0x89, 0xa5, 0x31, 0x30, 0x6d, 0x2f, 0x73,
  0x3c, 0x2f, 0x6f, 0x70, 0x74, 0x69, 0x6f, 0x6e, 0x3e, 0x0a, 0x20, 0x20,
  0x20, 0x20, 0x20, 0x20, 0x20, 0x20, 0x20, 0x20, 0x20, 0x20, 0x20, 0x20,
  0x20, 0x20, 0x20, 0x20, 0x20, 0x20, 0x20, 0x20, 0x20, 0x20, 0x20, 0x20,
  0x20, 0x20, 0x20, 0x20, 0x20, 0x20, 0x20, 0x20, 0x20, 0x20, 0x20, 0x20,
  0x20, 0x20, 0x3c, 0x6f, 0x70, 0x74, 0x69, 0x6f, 0x6e, 0x20, 0x76, 0x61,
  0x6c, 0x75, 0x65, 0x3d, 0x22, 0x31, 0x22, 0x20, 0x24, 0x7b, 0x69, 0x6e,
  0x73, 0x74, 0x2e, 0x73, 0x70, 0x64, 0x5f, 0x61, 0x63, 0x63, 0x3d, 0x3d,
  0x3d, 0x31, 0x3f, 0x27, 0x73, 0x65, 0x6c, 0x65, 0x63, 0x74, 0x65, 0x64,
  0x27, 0x3a, 0x27, 0x27, 0x7d, 0x3e, 0x3c, 0x31, 0x30, 0x6d, 0x2f, 0x73,
  0x3c, 0x2f, 0x6f, 0x70, 0x74, 0x69, 0x6f, 0x6e, 0x3e, 0x0a, 0x20, 0x20,
  0x20, 0x20, 0x20, 0x20, 0x20, 0x20, 0x20, 0x20, 0x20, 0x20, 0x20, 0x20,
  0x20, 0x20, 0x20, 0x20, 0x20, 0x20, 0x20, 0x20, 0x20, 0x20, 0x20, 0x20,
  0x20, 0x20, 0x20, 0x20, 0x20, 0x20, 0x20, 0x20, 0x20, 0x20, 0x20, 0x20,
  0x20, 0x20, 0x3c, 0x6f, 0x70, 0x74, 0x69, 0x6f, 0x6e, 0x20, 0x76, 0x61,
  0x6c, 0x75, 0x65, 0x3d, 0x22, 0x32, 0x22, 0x20, 0x24, 0x7b, 0x69, 0x6e,
  0x73, 0x74, 0x2e, 0x73, 0x70, 0x64, 0x5f, 0x61, 0x63, 0x63, 0x3d, 0x3d,
  0x3d, 0x32, 0x3f, 0x27, 0x73, 0x65, 0x6c, 0x65, 0x63, 0x74, 0x65, 0x64,
  0x27, 0x3a, 0x27, 0x27, 0x7d, 0x3e, 0x3c, 0x33, 0x6d, 0x2f, 0x73, 0x3c,
  0x2f, 0x6f, 0x70, 0x74, 0x69, 0x6f, 0x6e, 0x3e, 0x0a, 0x20, 0x20, 0x20,
  0x20, 0x20, 0x20, 0x20, 0x20, 0x20, 0x20, 0x20, 0x20, 0x20, 0x20, 0x20,
  0x20, 0x20, 0x20, 0x20, 0x20, 0x20, 0x20, 0x20, 0x20, 0x20, 0x20, 0x20,
  0x20, 0x20, 0x20, 0x20, 0x20, 0x20, 0x20, 0x20, 0x20, 0x20, 0x20, 0x20,
  0x20, 0x3c, 0x6f, 0x70, 0x74, 0x69, 0x6f, 0x6e, 0x20, 0x76, 0x61, 0x6c,
  0x75, 0x65, 0x3d, 0x22, 0x33, 0x22, 0x20, 0x24, 0x7b, 0x69, 0x6e, 0x73,
  0x74, 0x2e, 0x73, 0x70, 0x64, 0x5f, 0x61, 0x63, 0x63, 0x3d, 0x3d, 0x3d,
  0x33, 0x3f, 0x27, 0x73, 0x65, 0x6c, 0x65, 0x63, 0x74, 0x65, 0x64, 0x27,
  0x3a, 0x27, 0x27, 0x7d, 0x3e, 0x3c, 0x31, 0x6d, 0x2f, 0x73, 0x3c, 0x2f,
  0x6f, 0x70, 0x74, 0x69, 0x6f, 0x6e, 0x3e, 0x0a, 0x20, 0x20, 0x20, 0x20,
  0x20, 0x20, 0x20, 0x20, 0x20, 0x20, 0x20, 0x20, 0x20, 0x20, 0x20, 0x20,
  0x20, 0x20, 0x20, 0x20, 0x20, 0x20, 0x20, 0x20, 0x20, 0x20, 0x20, 0x20,
  0x20, 0x20, 0x20, 0x20, 0x20, 0x20, 0x20, 0x20, 0x20, 0x20, 0x20, 0x20,
  0x3c, 0x6f, 0x70, 0x74, 0x69, 0x6f, 0x6e, 0x20, 0x76, 0x61, 0x6c, 0x75,
  0x65, 0x3d, 0x22, 0x34, 0x22, 0x20, 0x24, 0x7b, 0x69, 0x6e, 0x73, 0x74,
  0x2e, 0x73, 0x70, 0x64, 0x5f, 0x61, 0x63, 0x63, 0x3d, 0x3d, 0x3d, 0x34,
  0x3f, 0x27, 0x73, 0x65, 0x6c, 0x65, 0x63, 0x74, 0x65, 0x64, 0x27, 0x3a,
  0x27, 0x27, 0x7d, 0x3e, 0x3c, 0x30, 0x2e, 0x33, 0x6d, 0x2f, 0x73, 0x3c,
  0x2f, 0x6f, 0x70, 0x74, 0x69, 0x6f, 0x6e, 0x3e, 0x0a, 0x20, 0x20, 0x20,
  0x20, 0x20, 0x20, 0x20, 0x20, 0x20, 0x20, 0x20, 0x20, 0x20, 0x20, 0x20,
  0x20, 0x20, 0x20, 0x20, 0x20, 0x20, 0x20, 0x20, 0x20, 0x20, 0x20, 0x20,
  0x20, 0x20, 0x20, 0x20, 0x20, 0x20, 0x20, 0x20, 0x20, 0x3c, 0x2f, 0x73,
  0x65, 0x6c, 0x65, 0x63, 0x74, 0x3e, 0x0a, 0x20, 0x20, 0x20, 0x20, 0x20,
  0x20, 0x20, 0x20, 0x20, 0x20, 0x20, 0x20, 0x20, 0x20, 0x20, 0x20, 0x20,
  0x20, 0x20, 0x20, 0x20, 0x20, 0x20, 0x20, 0x20, 0x20, 0x20, 0x20, 0x20,
  0x20, 0x20, 0x20, 0x3c, 0x2f, 0x6c, 0x61, 0x62, 0x65, 0x6c, 0x3e, 0x0a,
  0x20, 0x20, 0x20, 0x20, 0x20, 0x20, 0x20, 0x20, 0x20, 0x20, 0x20, 0x20,
  0x20, 0x20, 0x20, 0x20, 0x20, 0x20, 0x20, 0x20, 0x20, 0x20, 0x20, 0x20,
  0x20, 0x20, 0x20, 0x20, 0x20, 0x20, 0x20, 0x20, 0x3c, 0x6c, 0x61, 0x62,
  0x65, 0x6c, 0x3e, 0xe6, 0x97, 0xb6, 0xe9, 0x97, 0xb4, 0xe6, 0x88, 0xb3,
  0xe7, 0xb2, 0xbe, 0xe5, 0xba, 0xa6, 0x0a, 0x20, 0x20, 0x20, 0x20, 0x20,
  0x20, 0x20, 0x20, 0x20, 0x20, 0x20, 0x20, 0x20, 0x20, 0x20, 0x20, 0x20,
  0x20, 0x20, 0x20, 0x20, 0x20, 0x20, 0x20, 0x20, 0x20, 0x20, 0x20, 0x20,
  0x20, 0x20, 0x20, 0x20, 0x20, 0x20, 0x20, 0x3c, 0x73, 0x65, 0x6c, 0x65,
  0x63, 0x74, 0x20, 0x63, 0x6c, 0x61, 0x73, 0x73, 0x3d, 0x22, 0x74, 0x73,
  0x2d, 0x61, 0x63, 0x63, 0x2d, 0x67, 0x62, 0x34, 0x36, 0x37, 0x35, 0x30,
  0x22, 0x3e, 0x0a, 0x20, 0x20, 0x20, 0x20, 0x20, 0x20, 0x20, 0x20, 0x20,
  0x20, 0x20, 0x20, 0x20, 0x20, 0x20, 0x20, 0x20, 0x20, 0x20, 0x20, 0x20,
  0x20, 0x20, 0x20, 0x20, 0x20, 0x20, 0x20, 0x20, 0x20, 0x20, 0x20, 0x20,
  0x20, 0x20, 0x20, 0x20, 0x20, 0x20, 0x20, 0x3c, 0x6f, 0x70, 0x74, 0x69,
  0x6f, 0x6e, 0x20, 0x76, 0x61, 0x6c, 0x75, 0x65, 0x3d, 0x22, 0x30, 0x22,
  0x20, 0x24, 0x7b, 0x69, 0x6e, 0x73, 0x74, 0x2e, 0x74, 0x73, 0x5f, 0x61,
  0x63, 0x63, 0x3d, 0x3d, 0x3d, 0x30, 0x3f, 0x27, 0x73, 0x65, 0x6c, 0x65,
  0x63, 0x74, 0x65, 0x64, 0x27, 0x3a, 0x27, 0x27, 0x7d, 0x3e, 0x55, 0x6e,
  0x6b, 0x6e, 0x6f, 0x77, 0x6e, 0x3c, 0x2f, 0x6f, 0x70, 0x74, 0x69, 0x6f,
  0x6e, 0x3e, 0x0a, 0x20, 0x20, 0x20, 0x20, 0x20, 0x20, 0x20, 0x20, 0x20,
  0x20, 0x20, 0x20, 0x20, 0x20, 0x20, 0x20, 0x20, 0x20, 0x20, 0x20, 0x20,
  0x20, 0x20, 0x20, 0x20, 0x20, 0x20, 0x20, 0x20, 0x20, 0x20, 0x20, 0x20,
  0x20, 0x20, 0x20, 0x20, 0x20, 0x20, 0x20, 0x3c, 0x6f, 0x70, 0x74, 0x69,
  0x6f, 0x6e, 0x20, 0x76, 0x61, 0x6c, 0x75, 0x65, 0x3d, 0x22, 0x31, 0x22,
  0x20, 0x24, 0x7b, 0x69, 0x6e, 0x73, 0x74, 0x2e, 0x74, 0x73, 0x5f, 0x61,
  0x63, 0x63, 0x3d, 0x3d, 0x3d, 0x31, 0x3f, 0x27, 0x73, 0x65, 0x6c, 0x65,
  0x63, 0x74, 0x65, 0x64, 0x27, 0x3a, 0x27, 0x27, 0x7d, 0x3e, 0xe2, 0x89,
  0xa4, 0x30, 0x2e, 0x35, 0x73, 0x3c, 0x2f, 0x6f, 0x70, 0x74, 0x69, 0x6f,
  0x6e, 0x3e, 0x0a, 0x20, 0x20, 0x20, 0x20, 0x20, 0x20, 0x20, 0x20, 0x20,
  0x20, 0x20, 0x20, 0x20, 0x20, 0x20, 0x20, 0x20, 0x20, 0x20, 0x20, 0x20,
  0x20, 0x20, 0x20, 0x20, 0x20, 0x20, 0x20, 0x20, 0x20, 0x20, 0x20, 0x20,
  0x20, 0x20, 0x20, 0x20, 0x20, 0x20, 0x20, 0x3c, 0x6f, 0x70, 0x74, 0x69,
  0x6f, 0x6e, 0x20, 0x76, 0x61, 0x6c, 0x75, 0x65, 0x3d, 0x22, 0x32, 0x22,
  0x20, 0x24, 0x7b, 0x69, 0x6e, 0x73, 0x74, 0x2e, 0x74, 0x73, 0x5f, 0x61,
  0x63, 0x63, 0x3d, 0x3d, 0x3d, 0x32, 0x3f, 0x27, 0x73, 0x65, 0x6c, 0x65,
  0x63, 0x74, 0x65, 0x64, 0x27, 0x3a, 0x27, 0x27, 0x7d, 0x3e, 0xe2, 0x89,
  0xa4, 0x30, 0x2e, 0x34, 0x73, 0x3c, 0x2f, 0x6f, 0x70, 0x74, 0x69, 0x6f,
  0x6e, 0x3e, 0x0a, 0x20, 0x20, 0x20, 0x20, 0x20, 0x20, 0x20, 0x20, 0x20,
  0x20, 0x20, 0x20, 0x20, 0x20, 0x20, 0x20, 0x20, 0x20, 0x20, 0x20, 0x20,
  0x20, 0x20, 0x20, 0x20, 0x20, 0x20, 0x20, 0x20, 0x20, 0x20, 0x20, 0x20,
  0x20, 0x20, 0x20, 0x20, 0x20, 0x20, 0x20, 0x3c, 0x6f, 0x70, 0x74, 0x69,
  0x6f, 0x6e, 0x20, 0x76, 0x61, 0x6c, 0x75, 0x65, 0x3d, 0x22, 0x33, 0x22,
  0x20, 0x24, 0x7b, 0x69, 0x6e, 0x73, 0x74, 0x2e, 0x74, 0x73, 0x5f, 0x61,
  0x63, 0x63, 0x3d, 0x3d, 0x3d, 0x33, 0x3f, 0x27, 0x73, 0x65, 0x6c, 0x65,
  0x63, 0x74, 0x65, 0x64, 0x27, 0x3a, 0x27, 0x27, 0x7d, 0x3e, 0xe2, 0x89,
  0xa4, 0x30, 0x2e, 0x33, 0x73, 0x3c, 0x2f, 0x6f, 0x70, 0x74, 0x69, 0x6f,
  0x6e, 0x3e, 0x0a, 0x20, 0x20, 0x20, 0x20, 0x20, 0x20, 0x20, 0x20, 0x20,
  0x20, 0x20, 0x20, 0x20, 0x20, 0x20, 0x20, 0x20, 0x20, 0x20, 0x20, 0x20,
  0x20, 0x20, 0x20, 0x20, 0x20, 0x20, 0x20, 0x20, 0x20, 0x20, 0x20, 0x20,
  0x20, 0x20, 0x20, 0x20, 0x20, 0x20, 0x20, 0x3c, 0x6f, 0x70, 0x74, 0x69,
  0x6f, 0x6e, 0x20, 0x76, 0x61, 0x6c, 0x75, 0x65, 0x3d, 0x22, 0x34, 0x22,
  0x20, 0x24, 0x7b, 0x69, 0x6e, 0x73, 0x74, 0x2e, 0x74, 0x73, 0x5f, 0x61,
  0x63, 0x63, 0x3d, 0x3d, 0x3d, 0x34, 0x3f, 0x27, 0x73, 0x65, 0x6c, 0x65,
  0x63, 0x74, 0x65, 0x64, 0x27, 0x3a, 0x27, 0x27, 0x7d, 0x3e, 0xe2, 0x89,
  0xa4, 0x30, 0x2e, 0x32, 0x73, 0x3c, 0x2f, 0x6f, 0x70, 0x74, 0x69, 0x6f,
  0x6e, 0x3e, 0x0a, 0x20, 0x20, 0x20, 0x20, 0x20, 0x20, 0x20, 0x20, 0x20,
  0x20, 0x20, 0x20, 0x20, 0x20, 0x20, 0x20, 0x20, 0x20, 0x20, 0x20, 0x20,
  0x20, 0x20, 0x20, 0x20, 0x20, 0x20, 0x20, 0x20, 0x20, 0x20, 0x20, 0x20,
  0x20, 0x20, 0x20, 0x20, 0x20, 0x20, 0x20, 0x3c, 0x6f, 0x70, 0x74, 0x69,
  0x6f, 0x6e, 0x20, 0x76, 0x61, 0x6c, 0x75, 0x65, 0x3d, 0x22, 0x35, 0x22,
  0x20, 0x24, 0x7b, 0x69, 0x6e, 0x73, 0x74, 0x2e, 0x74, 0x73, 0x5f, 0x61,
  0x63, 0x63, 0x3d, 0x3d, 0x3d, 0x35, 0x3f, 0x27, 0x73, 0x65, 0x6c, 0x65,
  0x63, 0x74, 0x65, 0x64, 0x27, 0x3a, 0x27, 0x27, 0x7d, 0x3e, 0xe2, 0x89,
  0xa4, 0x30, 0x2e, 0x31, 0x73, 0x3c, 0x2f, 0x6f, 0x70, 0x74, 0x69, 0x6f,
  0x6e, 0x3e, 0x0a, 0x20, 0x20, 0x20, 0x20, 0x20, 0x20, 0x20, 0x20, 0x20,
  0x20, 0x20, 0x20, 0x20, 0x20, 0x20, 0x20, 0x20, 0x20, 0x20, 0x20, 0x20,
  0x20, 0x20, 0x20, 0x20, 0x20, 0x20, 0x20, 0x20, 0x20, 0x20, 0x20, 0x20,
  0x20, 0x20, 0x20, 0x20, 0x20, 0x20, 0x20, 0x3c, 0x6f, 0x70, 0x74, 0x69,
  0x6f, 0x6e, 0x20, 0x76, 0x61, 0x6c, 0x75, 0x65, 0x3d, 0x22, 0x36, 0x22,
  0x20, 0x24, 0x7b, 0x69, 0x6e, 0x73, 0x74, 0x2e, 0x74, 0x73, 0x5f, 0x61,
  0x63, 0x63, 0x3d, 0x3d, 0x3d, 0x36, 0x3f, 0x27, 0x73, 0x65, 0x6c, 0x65,
  0x63, 0x74, 0x65, 0x64, 0x27, 0x3a, 0x27, 0x27, 0x7d, 0x3e, 0xe2, 0x89,
  0xa4, 0x35, 0x30, 0x6d, 0x73, 0x3c, 0x2f, 0x6f, 0x70, 0x74, 0x69, 0x6f,
  0x6e, 0x3e, 0x0a, 0x20, 0x20, 0x20, 0x20, 0x20, 0x20, 0x20, 0x20, 0x20,
  0x20, 0x20, 0x20, 0x20, 0x20, 0x20, 0x20, 0x20, 0x20, 0x20, 0x20, 0x20,
  0x20, 0x20, 0x20, 0x20, 0x20, 0x20, 0x20, 0x20, 0x20, 0x20, 0x20, 0x20,
  0x20, 0x20, 0x20, 0x20, 0x20, 0x20, 0x20, 0x3c, 0x6f, 0x70, 0x74, 0x69,
  0x6f, 0x6e, 0x20, 0x76, 0x61, 0x6c, 0x75, 0x65, 0x3d, 0x22, 0x37, 0x22,
  0x20, 0x24, 0x7b, 0x69, 0x6e, 0x73, 0x74, 0x2e, 0x74, 0x73, 0x5f, 0x61,
  0x63, 0x63, 0x3d, 0x3d, 0x3d, 0x37, 0x3f, 0x27, 0x73, 0x65, 0x6c, 0x65,
  0x63, 0x74, 0x65, 0x64, 0x27, 0x3a, 0x27, 0x27, 0x7d, 0x3e, 0xe2, 0x89,
  0xa4, 0x32, 0x30, 0x6d, 0x73, 0x3c, 0x2f, 0x6f, 0x70, 0x74, 0x69, 0x6f,
  0x6e, 0x3e, 0x0a, 0x20, 0x20, 0x20, 0x20, 0x20, 0x20, 0x20, 0x20, 0x20,
  0x20, 0x20, 0x20, 0x20, 0x20, 0x20, 0x20, 0x20, 0x20, 0x20, 0x20, 0x20,
  0x20, 0x20, 0x20, 0x20, 0x20, 0x20, 0x20, 0x20, 0x20, 0x20, 0x20, 0x20,
  0x20, 0x20, 0x20, 0x20, 0x20, 0x20, 0x20, 0x3c, 0x6f, 0x70, 0x74, 0x69,
  0x6f, 0x6e, 0x20, 0x76, 0x61, 0x6c, 0x75, 0x65, 0x3d, 0x22, 0x38, 0x22,
  0x20, 0x24, 0x7b, 0x69, 0x6e, 0x73, 0x74, 0x2e, 0x74, 0x73, 0x5f, 0x61,
  0x63, 0x63, 0x3d, 0x3d, 0x3d, 0x38, 0x3f, 0x27, 0x73, 0x65, 0x6c, 0x65,
  0x63, 0x74, 0x65, 0x64, 0x27, 0x3a, 0x27, 0x27, 0x7d, 0x3e, 0xe2, 0x89,
  0xa4, 0x31, 0x30, 0x6d, 0x73, 0x3c, 0x2f, 0x6f, 0x70, 0x74, 0x69, 0x6f,
  0x6e, 0x3e, 0x0a, 0x20, 0x20, 0x20, 0x20, 0x20, 0x20, 0x20, 0x20, 0x20,
  0x20, 0x20, 0x20, 0x20, 0x20, 0x20, 0x20, 0x20, 0x20, 0x20, 0x20, 0x20,
  0x20, 0x20, 0x20, 0x20, 0x20, 0x20, 0x20, 0x20, 0x20, 0x20, 0x20, 0x20,
  0x20, 0x20, 0x20, 0x3c, 0x2f, 0x73, 0x65, 0x6c, 0x65, 0x63, 0x74, 0x3e,
  0x0a, 0x20, 0x20, 0x20, 0x20, 0x20, 0x20, 0x20, 0x20, 0x20, 0x20, 0x20,
  0x20, 0x20, 0x20, 0x20, 0x20, 0x20, 0x20, 0x20, 0x20, 0x20, 0x20, 0x20,
  0x20, 0x20, 0x20, 0x20, 0x20, 0x20, 0x20, 0x20, 0x20, 0x3c, 0x2f, 0x6c,
  0x61, 0x62, 0x65, 0x6c, 0x3e, 0x0a, 0x20, 0x20, 0x20, 0x20, 0x20, 0x20,
  0x20, 0x20, 0x20, 0x20, 0x20, 0x20, 0x20, 0x20, 0x20, 0x20, 0x20, 0x20,
  0x20, 0x20, 0x20, 0x20, 0x20, 0x20, 0x20, 0x20, 0x20, 0x20, 0x3c, 0x2f,
  0x64, 0x69, 0x76, 0x3e, 0x0a, 0x0a, 0x20, 0x20, 0x20, 0x20, 0x20, 0x20,
  0x20, 0x20, 0x20, 0x20, 0x20, 0x20, 0x20, 0x20, 0x20, 0x20, 0x20, 0x20,
  0x20, 0x20, 0x20, 0x20, 0x20, 0x20, 0x20, 0x20, 0x20, 0x20, 0x3c, 0x64,
  0x69, 0x76, 0x20, 0x63, 0x6c, 0x61, 0x73, 0x73, 0x3d, 0x22, 0x61, 0x63,
  0x74, 0x69, 0x6f, 0x6e, 0x73, 0x22, 0x3e, 0x0a, 0x20, 0x20, 0x20, 0x20,
  0x20, 0x20, 0x20, 0x20, 0x20, 0x20, 0x20, 0x20, 0x20, 0x20, 0x20, 0x20,
  0x20, 0x20, 0x20, 0x20, 0x20, 0x20, 0x20, 0x20, 0x20, 0x20, 0x20, 0x20,
  0x20, 0x20, 0x20, 0x20, 0x3c, 0x62, 0x75, 0x74, 0x74, 0x6f, 0x6e, 0x20,
  0x63, 0x6c, 0x61, 0x73, 0x73, 0x3d, 0x22, 0x62, 0x74, 0x6e, 0x20, 0x62,
  0x74, 0x6e, 0x2d, 0x73, 0x75, 0x63, 0x63, 0x65, 0x73, 0x73, 0x20, 0x62,
  0x74, 0x6e, 0x2d, 0x73, 0x6d, 0x20, 0x73, 0x74, 0x61, 0x72, 0x74, 0x2d,
  0x62, 0x74, 0x6e, 0x22, 0x20, 0x24, 0x7b, 0x61, 0x63, 0x74, 0x69, 0x76,
  0x65, 0x20, 0x3f, 0x20, 0x27, 0x64, 0x69, 0x73, 0x61, 0x62, 0x6c, 0x65,
  0x64, 0x27, 0x20, 0x3a, 0x20, 0x27, 0x27, 0x7d, 0x3e, 0xe5, 0x90, 0xaf,
  0xe5, 0x8a, 0xa8, 0x3c, 0x2f, 0x62, 0x75, 0x74, 0x74, 0x6f, 0x6e, 0x3e,
  0x0a, 0x20, 0x20, 0x20, 0x20, 0x20, 0x20, 0x20, 0x20, 0x20, 0x20, 0x20,
  0x20, 0x20, 0x20, 0x20, 0x20, 0x20, 0x20, 0x20, 0x20, 0x20, 0x20, 0x20,
  0x20, 0x20, 0x20, 0x20, 0x20, 0x20, 0x20, 0x20, 0x20, 0x3c, 0x62, 0x75,
  0x74, 0x74, 0x6f, 0x6e, 0x20, 0x63, 0x6c, 0x61, 0x73, 0x73, 0x3d, 0x22,
  0x62, 0x74, 0x6e, 0x20, 0x62, 0x74, 0x6e, 0x2d, 0x77, 0x61, 0x72, 0x6e,
  0x69, 0x6e, 0x67, 0x20, 0x62, 0x74, 0x6e, 0x2d, 0x73, 0x6d, 0x20, 0x73,
  0x74, 0x6f, 0x70, 0x2d, 0x62, 0x74, 0x6e, 0x22, 0x20, 0x24, 0x7b, 0x21,
  0x61, 0x63, 0x74, 0x69, 0x76, 0x65, 0x20, 0x3f, 0x20, 0x27, 0x64, 0x69,
  0x73, 0x61, 0x62, 0x6c, 0x65, 0x64, 0x27, 0x20, 0x3a, 0x20, 0x27, 0x27,
  0x7d, 0x3e, 0xe5, 0x81, 0x9c, 0xe6, 0xad, 0xa2, 0x3c, 0x2f, 0x62, 0x75,
  0x74, 0x74, 0x6f, 0x6e, 0x3e, 0x0a, 0x20, 0x20, 0x20, 0x20, 0x20, 0x20,
  0x20, 0x20, 0x20, 0x20, 0x20, 0x20, 0x20, 0x20, 0x20, 0x20, 0x20, 0x20,
  0x20, 0x20, 0x20, 0x20, 0x20, 0x20, 0x20, 0x20, 0x20, 0x20, 0x20, 0x20,
  0x20, 0x20, 0x3c, 0x62, 0x75, 0x74, 0x74, 0x6f, 0x6e, 0x20, 0x63, 0x6c,
  0x61, 0x73, 0x73, 0x3d, 0x22, 0x62, 0x74, 0x6e, 0x20, 0x62, 0x74, 0x6e,
  0x2d, 0x70, 0x72, 0x69, 0x6d, 0x61, 0x72, 0x79, 0x20, 0x62, 0x74, 0x6e,
  0x2d, 0x73, 0x6d, 0x20, 0x73, 0x61, 0x76, 0x65, 0x2d, 0x62, 0x74, 0x6e,
  0x22, 0x3e, 0xe4, 0xbf, 0x9d, 0xe5, 0xad, 0x98, 0x3c, 0x2f, 0x62, 0x75,
  0x74, 0x74, 0x6f, 0x6e, 0x3e, 0x0a, 0x20, 0x20, 0x20, 0x20, 0x20, 0x20,
  0x20, 0x20, 0x20, 0x20, 0x20, 0x20, 0x20, 0x20, 0x20, 0x20, 0x20, 0x20,
  0x20, 0x20, 0x20, 0x20, 0x20, 0x20, 0x20, 0x20, 0x20, 0x20, 0x20, 0x20,
  0x20, 0x20, 0x3c, 0x62, 0x75, 0x74, 0x74, 0x6f, 0x6e, 0x20, 0x63, 0x6c,
  0x61, 0x73, 0x73, 0x3d, 0x22, 0x62, 0x74, 0x6e, 0x20, 0x62, 0x74, 0x6e,
  0x2d, 0x64, 0x61, 0x6e, 0x67, 0x65, 0x72, 0x20, 0x62, 0x74, 0x6e, 0x2d,
  0x73, 0x6d, 0x20, 0x64, 0x65, 0x6c, 0x65, 0x74, 0x65, 0x2d, 0x62, 0x74,
  0x6e, 0x22, 0x3e, 0xe5, 0x88, 0xa0, 0xe9, 0x99, 0xa4, 0x3c, 0x2f, 0x62,
  0x75, 0x74, 0x74, 0x6f, 0x6e, 0x3e, 0x0a, 0x20, 0x20, 0x20, 0x20, 0x20,
  0x20, 0x20, 0x20, 0x20, 0x20, 0x20, 0x20, 0x20, 0x20, 0x20, 0x20, 0x20,
  0x20, 0x20, 0x20, 0x20, 0x20, 0x20, 0x20, 0x20, 0x20, 0x20, 0x20, 0x20,
  0x20, 0x20, 0x20, 0x3c, 0x73, 0x70, 0x61, 0x6e, 0x20, 0x63, 0x6c, 0x61,
  0x73, 0x73, 0x3d, 0x22, 0x73, 0x74, 0x61, 0x74, 0x75, 0x73, 0x2d, 0x6d,
  0x73, 0x67, 0x22, 0x3e, 0x3c, 0x2f, 0x73, 0x70, 0x61, 0x6e, 0x3e, 0x0a,
  0x20, 0x20, 0x20, 0x20, 0x20, 0x20, 0x20, 0x20, 0x20, 0x20, 0x20, 0x20,
  0x20, 0x20, 0x20, 0x20, 0x20, 0x20, 0x20, 0x20, 0x20, 0x20, 0x20, 0x20,
  0x20, 0x20, 0x20, 0x20, 0x3c, 0x2f, 0x64, 0x69, 0x76, 0x3e, 0x0a, 0x20,
  0x20, 0x20, 0x20, 0x20, 0x20, 0x20, 0x20, 0x20, 0x20, 0x20, 0x20, 0x20,
  0x20, 0x20, 0x20, 0x20, 0x20, 0x20, 0x20, 0x20, 0x20, 0x20, 0x20, 0x3c,
  0x2f, 0x64, 0x69, 0x76, 0x3e, 0x0a, 0x20, 0x20, 0x20, 0x20, 0x20, 0x20,
  0x20, 0x20, 0x20, 0x20, 0x20, 0x20, 0x20, 0x20, 0x20, 0x20, 0x20, 0x20,
  0x20, 0x20, 0x60, 0x3b, 0x0a, 0x20, 0x20, 0x20, 0x20, 0x20, 0x20, 0x20,
  0x20, 0x20, 0x20, 0x20, 0x20, 0x20, 0x20, 0x20, 0x20, 0x7d, 0x29, 0x2e,
  0x6a, 0x6f, 0x69, 0x6e, 0x28, 0x27, 0x27, 0x29, 0x3b, 0x0a, 0x0a, 0x20,
  0x20, 0x20, 0x20, 0x20, 0x20, 0x20, 0x20, 0x20, 0x20, 0x20, 0x20, 0x20,
  0x20, 0x20, 0x20, 0x2f, 0x2f, 0x20, 0x2d, 0x2d, 0x2d, 0x2d, 0x2d, 0x2d,
  0x2d, 0x2d, 0x2d, 0x2d, 0x2d, 0x2d, 0x2d, 0x2d, 0x2d, 0x2d, 0x2d, 0x2d,
  0x2d, 0x2d, 0x20, 0xe4, 0xba, 0x8b, 0xe4, 0xbb, 0xb6, 0xe7, 0xbb, 0x91,
  0xe5, 0xae, 0x9a, 0x20, 0x2d, 0x2d, 0x2d, 0x2d, 0x2d, 0x2d, 0x2d, 0x2d,
  0x2d, 0x2d, 0x2d, 0x2d, 0x2d, 0x2d, 0x2d, 0x2d, 0x2d, 0x2d, 0x2d, 0x2d,
  0x0a, 0x20, 0x20, 0x20, 0x20, 0x20, 0x20, 0x20, 0x20, 0x20, 0x20, 0x20,
  0x20, 0x20, 0x20, 0x20, 0x20, 0x2f, 0x2f, 0x20, 0x31, 0x2e, 0x20, 0xe6,
  0xa0, 0x87, 0xe5, 0x87, 0x86, 0xe5, 0x88, 0x87, 0xe6, 0x8d, 0xa2, 0x20,
  0xe2, 0x86, 0x92, 0x20, 0xe6, 0x98, 0xbe, 0xe7, 0xa4, 0xba, 0x2f, 0xe9,
  0x9a, 0x90, 0xe8, 0x97, 0x8f, 0xe5, 0xaf, 0xb9, 0xe5, 0xba, 0x94, 0xe7,
  0x9a, 0x84, 0xe7, 0x89, 0xb9, 0xe6, 0x9c, 0x89, 0xe5, 0xad, 0x97, 0xe6,
  0xae, 0xb5, 0xe5, 0x8c, 0xba, 0xe5, 0x9f, 0x9f, 0x0a, 0x20, 0x20, 0x20,
  0x20, 0x20, 0x20, 0x20, 0x20, 0x20, 0x20, 0x20, 0x20, 0x20, 0x20, 0x20,
  0x20, 0x64, 0x6f, 0x63, 0x75, 0x6d, 0x65, 0x6e, 0x74, 0x2e, 0x71, 0x75,
  0x65, 0x72, 0x79, 0x53, 0x65, 0x6c, 0x65, 0x63, 0x74, 0x6f, 0x72, 0x41,
  0x6c, 0x6c, 0x28, 0x27, 0x2e, 0x73, 0x74, 0x64, 0x2d, 0x73, 0x65, 0x6c,
  0x65, 0x63, 0x74, 0x27, 0x29, 0x2e, 0x66, 0x6f, 0x72, 0x45, 0x61, 0x63,
  0x68, 0x28, 0x73, 0x65, 0x6c, 0x20, 0x3d, 0x3e, 0x20, 0x7b, 0x0a, 0x20,
  0x20, 0x20, 0x20, 0x20, 0x20, 0x20, 0x20, 0x20, 0x20, 0x20, 0x20, 0x20,
  0x20, 0x20, 0x20, 0x20, 0x20, 0x20, 0x20, 0x73, 0x65, 0x6c, 0x2e, 0x61,
  0x64, 0x64, 0x45, 0x76, 0x65, 0x6e, 0x74, 0x4c, 0x69, 0x73, 0x74, 0x65,
  0x6e, 0x65, 0x72, 0x28, 0x27, 0x63, 0x68, 0x61, 0x6e, 0x67, 0x65, 0x27,
  0x2c, 0x20, 0x66, 0x75, 0x6e, 0x63, 0x74, 0x69, 0x6f, 0x6e, 0x28, 0x29,
  0x20, 0x7b, 0x0a, 0x20, 0x20, 0x20, 0x20, 0x20, 0x20, 0x20, 0x20, 0x20,
  0x20, 0x20, 0x20, 0x20, 0x20, 0x20, 0x20, 0x20, 0x20, 0x20, 0x20, 0x20,
  0x20, 0x20, 0x20, 0x63, 0x6f, 0x6e, 0x73, 0x74, 0x20, 0x63, 0x61, 0x72,
  0x64, 0x20, 0x3d, 0x20, 0x74, 0x68, 0x69, 0x73, 0x2e, 0x63, 0x6c, 0x6f,
  0x73, 0x65, 0x73, 0x74, 0x28, 0x27, 0x2e, 0x69, 0x6e, 0x73, 0x74, 0x61,
  0x6e, 0x63, 0x65, 0x2d, 0x63, 0x61, 0x72, 0x64, 0x27, 0x29, 0x3b, 0x0a,
  0x20, 0x20, 0x20, 0x20, 0x20, 0x20, 0x20, 0x20, 0x20, 0x20, 0x20, 0x20,
  0x20, 0x20, 0x20, 0x20, 0x20, 0x20, 0x20, 0x20, 0x20, 0x20, 0x20, 0x20,
  0x63, 0x6f, 0x6e, 0x73, 0x74, 0x20, 0x73, 0x74, 0x64, 0x20, 0x3d, 0x20,
  0x70, 0x61, 0x72, 0x73, 0x65, 0x49, 0x6e, 0x74, 0x28, 0x74, 0x68, 0x69,
  0x73, 0x2e, 0x76, 0x61, 0x6c, 0x75, 0x65, 0x29, 0x3b, 0x0a, 0x20, 0x20,
  0x20, 0x20, 0x20, 0x20, 0x20, 0x20, 0x20, 0x20, 0x20, 0x20, 0x20, 0x20,
  0x20, 0x20, 0x20, 0x20, 0x20, 0x20, 0x20, 0x20, 0x20, 0x20, 0x63, 0x6f,
  0x6e, 0x73, 0x74, 0x20, 0x67, 0x62, 0x34, 0x32, 0x35, 0x39, 0x30, 0x46,
  0x69, 0x65, 0x6c, 0x64, 0x73, 0x20, 0x3d, 0x20, 0x63, 0x61, 0x72, 0x64,
  0x2e, 0x71, 0x75, 0x65, 0x72, 0x79, 0x53, 0x65, 0x6c, 0x65, 0x63, 0x74,
  0x6f, 0x72, 0x28, 0x27, 0x2e, 0x67, 0x62, 0x34, 0x32, 0x35, 0x39, 0x30,
  0x2d, 0x66, 0x69, 0x65, 0x6c, 0x64, 0x73, 0x27, 0x29, 0x3b, 0x0a, 0x20,
  0x20, 0x20, 0x20, 0x20, 0x20, 0x20, 0x20, 0x20, 0x20, 0x20, 0x20, 0x20,
  0x20, 0x20, 0x20, 0x20, 0x20, 0x20, 0x20, 0x20, 0x20, 0x20, 0x20, 0x63,
  0x6f, 0x6e, 0x73, 0x74, 0x20, 0x67, 0x62, 0x34, 0x36, 0x37, 0x35, 0x30,
  0x46, 0x69, 0x65, 0x6c, 0x64, 0x73, 0x20, 0x3d, 0x20, 0x63, 0x61, 0x72,
  0x64, 0x2e, 0x71, 0x75, 0x65, 0x72, 0x79, 0x53, 0x65, 0x6c, 0x65, 0x63,
  0x74, 0x6f, 0x72, 0x28, 0x27, 0x2e, 0x67, 0x62, 0x34, 0x36, 0x37, 0x35,
  0x30, 0x2d, 0x66, 0x69, 0x65, 0x6c, 0x64, 0x73, 0x27, 0x29, 0x3b, 0x0a,
  0x20, 0x20, 0x20, 0x20, 0x20, 0x20, 0x20, 0x20, 0x20, 0x20, 0x20, 0x20,
  0x20, 0x20, 0x20, 0x20, 0x20, 0x20, 0x20, 0x20, 0x20, 0x20, 0x20, 0x20,
  0x69, 0x66, 0x20, 0x28, 0x73, 0x74, 0x64, 0x20, 0x3d, 0x3d, 0x3d, 0x20,
  0x30, 0x29, 0x20, 0x7b, 0x20, 0x2f, 0x2f, 0x20, 0x47, 0x42, 0x34, 0x36,
  0x37, 0x35, 0x30, 0x0a, 0x20, 0x20, 0x20, 0x20, 0x20, 0x20, 0x20, 0x20,
  0x20, 0x20, 0x20, 0x20, 0x20, 0x20, 0x20, 0x20, 0x20, 0x20, 0x20, 0x20,
  0x20, 0x20, 0x20, 0x20, 0x20, 0x20, 0x20, 0x20, 0x67, 0x62, 0x34, 0x32,
  0x35, 0x39, 0x30, 0x46, 0x69, 0x65, 0x6c, 0x64, 0x73, 0x2e, 0x73, 0x74,
  0x79, 0x6c, 0x65, 0x2e, 0x64, 0x69, 0x73, 0x70, 0x6c, 0x61, 0x79, 0x20,
  0x3d, 0x20, 0x27, 0x6e, 0x6f, 0x6e, 0x65, 0x27, 0x3b, 0x0a, 0x20, 0x20,
  0x20, 0x20, 0x20, 0x20, 0x20, 0x20, 0x20, 0x20, 0x20, 0x20, 0x20, 0x20,
  0x20, 0x20, 0x20, 0x20, 0x20, 0x20, 0x20, 0x20, 0x20, 0x20, 0x20, 0x20,
  0x20, 0x20, 0x67, 0x62, 0x34, 0x36, 0x37, 0x35, 0x30, 0x46, 0x69, 0x65,
  0x6c, 0x64, 0x73, 0x2e, 0x73, 0x74, 0x79, 0x6c, 0x65, 0x2e, 0x64, 0x69,
  0x73, 0x70, 0x6c, 0x61, 0x79, 0x20, 0x3d, 0x20, 0x27, 0x67, 0x72, 0x69,
  0x64, 0x27, 0x3b, 0x0a, 0x20, 0x20, 0x20, 0x20, 0x20, 0x20, 0x20, 0x20,
  0x20, 0x20, 0x20, 0x20, 0x20, 0x20, 0x20, 0x20, 0x20, 0x20, 0x20, 0x20,
  0x20, 0x20, 0x20, 0x20, 0x7d, 0x20, 0x65, 0x6c, 0x73, 0x65, 0x20, 0x7b,
  0x20, 0x2f, 0x2f, 0x20, 0x47, 0x42, 0x34, 0x32, 0x35, 0x39, 0x30, 0x20,
  0x6f, 0x72, 0x20, 0x41, 0x53, 0x54, 0x4d, 0x0a, 0x20, 0x20, 0x20, 0x20,
  0x20, 0x20, 0x20, 0x20, 0x20, 0x20, 0x20, 0x20, 0x20, 0x20, 0x20, 0x20,
  0x20, 0x20, 0x20, 0x20, 0x20, 0x20, 0x20, 0x20, 0x20, 0x20, 0x20, 0x20,
  0x67, 0x62, 0x34, 0x32, 0x35, 0x39, 0x30, 0x46, 0x69, 0x65, 0x6c, 0x64,
  0x73, 0x2e, 0x73, 0x74, 0x79, 0x6c, 0x65, 0x2e, 0x64, 0x69, 0x73, 0x70,
  0x6c, 0x61, 0x79, 0x20, 0x3d, 0x20, 0x27, 0x67, 0x72, 0x69, 0x64, 0x27,
  0x3b, 0x0a, 0x20, 0x20, 0x20, 0x20, 0x20, 0x20, 0x20, 0x20, 0x20, 0x20,
  0x20, 0x20, 0x20, 0x20, 0x20, 0x20, 0x20, 0x20, 0x20, 0x20, 0x20, 0x20,
  0x20, 0x20, 0x20, 0x20, 0x20, 0x20, 0x67, 0x62, 0x34, 0x36, 0x37, 0x35,
  0x30, 0x46, 0x69, 0x65, 0x6c, 0x64, 0x73, 0x2e, 0x73, 0x74, 0x79, 0x6c,
  0x65, 0x2e, 0x64, 0x69, 0x73, 0x70, 0x6c, 0x61, 0x79, 0x20, 0x3d, 0x20,
  0x27, 0x6e, 0x6f, 0x6e, 0x65, 0x27, 0x3b, 0x0a, 0x20, 0x20, 0x20, 0x20,
  0x20, 0x20, 0x20, 0x20, 0x20, 0x20, 0x20, 0x20, 0x20, 0x20, 0x20, 0x20,
  0x20, 0x20, 0x20, 0x20, 0x20, 0x20, 0x20, 0x20, 0x7d, 0x0a, 0x20, 0x20,
  0x20, 0x20, 0x20, 0x20, 0x20, 0x20, 0x20, 0x20, 0x20, 0x20, 0x20, 0x20,
  0x20, 0x20, 0x20, 0x20, 0x20, 0x20, 0x7d, 0x29, 0x3b, 0x0a, 0x20, 0x20,
  0x20, 0x20, 0x20, 0x20, 0x20, 0x20, 0x20, 0x20, 0x20, 0x20, 0x20, 0x20,
  0x20, 0x20, 0x7d, 0x29, 0x3b, 0x0a, 0x0a, 0x20, 0x20, 0x20, 0x20, 0x20,
  0x20, 0x20, 0x20, 0x20, 0x20, 0x20, 0x20, 0x20, 0x20, 0x20, 0x20, 0x2f,
  0x2f, 0x20, 0x32, 0x2e, 0x20, 0xe5, 0x90, 0xaf, 0xe5, 0x8a, 0xa8, 0x0a,
  0x20, 0x20, 0x20, 0x20, 0x20, 0x20, 0x20, 0x20, 0x20, 0x20, 0x20, 0x20,
  0x20, 0x20, 0x20, 0x20, 0x64, 0x6f, 0x63, 0x75, 0x6d, 0x65, 0x6e, 0x74,
  0x2e, 0x71, 0x75, 0x65, 0x72, 0x79, 0x53, 0x65, 0x6c, 0x65, 0x63, 0x74,
  0x6f, 0x72, 0x41, 0x6c, 0x6c, 0x28, 0x27, 0x2e, 0x73, 0x74, 0x61, 0x72,
  0x74, 0x2d, 0x62, 0x74, 0x6e, 0x27, 0x29, 0x2e, 0x66, 0x6f, 0x72, 0x45,
  0x61, 0x63, 0x68, 0x28, 0x62, 0x74, 0x6e, 0x20, 0x3d, 0x3e, 0x20, 0x7b,
  0x0a, 0x20, 0x20, 0x20, 0x20, 0x20, 0x20, 0x20, 0x20, 0x20, 0x20, 0x20,
  0x20, 0x20, 0x20, 0x20, 0x20, 0x20, 0x20, 0x20, 0x20, 0x62, 0x74, 0x6e,
  0x2e, 0x6f, 0x6e, 0x63, 0x6c, 0x69, 0x63, 0x6b, 0x20, 0x3d, 0x20, 0x61,
  0x73, 0x79, 0x6e, 0x63, 0x20, 0x66, 0x75, 0x6e, 0x63, 0x74, 0x69, 0x6f,
  0x6e, 0x28, 0x29, 0x20, 0x7b, 0x0a, 0x20, 0x20, 0x20, 0x20, 0x20, 0x20,
  0x20, 0x20, 0x20, 0x20, 0x20, 0x20, 0x20, 0x20, 0x20, 0x20, 0x20, 0x20,
  0x20, 0x20, 0x20, 0x20, 0x20, 0x20, 0x63, 0x6f, 0x6e, 0x73, 0x74, 0x20,
  0x69, 0x64, 0x20, 0x3d, 0x20, 0x74, 0x68, 0x69, 0x73, 0x2e, 0x63, 0x6c,
  0x6f, 0x73, 0x65, 0x73, 0x74, 0x28, 0x27, 0x2e, 0x69, 0x6e, 0x73, 0x74,
  0x61, 0x6e, 0x63, 0x65, 0x2d, 0x63, 0x61, 0x72, 0x64, 0x27, 0x29, 0x2e,
  0x64, 0x61, 0x74, 0x61, 0x73, 0x65, 0x74, 0x2e, 0x69, 0x64, 0x3b, 0x0a,
  0x20, 0x20, 0x20, 0x20, 0x20, 0x20, 0x20, 0x20, 0x20, 0x20, 0x20, 0x20,
  0x20, 0x20, 0x20, 0x20, 0x20, 0x20, 0x20, 0x20, 0x20, 0x20, 0x20, 0x20,
  0x74, 0x72, 0x79, 0x20, 0x7b, 0x0a, 0x20, 0x20, 0x20, 0x20, 0x20, 0x20,
  0x20, 0x20, 0x20, 0x20, 0x20, 0x20, 0x20, 0x20, 0x20, 0x20, 0x20, 0x20,
  0x20, 0x20, 0x20, 0x20, 0x20, 0x20, 0x20, 0x20, 0x20, 0x20, 0x61, 0x77,
  0x61, 0x69, 0x74, 0x20, 0x61, 0x70, 0x69, 0x28, 0x27, 0x50, 0x4f, 0x53,
  0x54, 0x27, 0x2c, 0x20, 0x60, 0x2f, 0x61, 0x70, 0x69, 0x2f, 0x69, 0x6e,
  0x73, 0x74, 0x61, 0x6e, 0x63, 0x65, 0x2f, 0x73, 0x74, 0x61, 0x72, 0x74,
  0x3f, 0x69, 0x64, 0x3d, 0x24, 0x7b, 0x69, 0x64, 0x7d, 0x60, 0x29, 0x3b,
  0x0a, 0x20, 0x20, 0x20, 0x20, 0x20, 0x20, 0x20, 0x20, 0x20, 0x20, 0x20,
  0x20, 0x20, 0x20, 0x20, 0x20, 0x20, 0x20, 0x20, 0x20, 0x20, 0x20, 0x20,
  0x20, 0x20, 0x20, 0x20, 0x20, 0x6c, 0x6f, 0x61, 0x64, 0x49, 0x6e, 0x73,
  0x74, 0x61, 0x6e, 0x63, 0x65, 0x73, 0x28, 0x29, 0x3b, 0x0a, 0x20, 0x20,
  0x20, 0x20, 0x20, 0x20, 0x20, 0x20, 0x20, 0x20, 0x20, 0x20, 0x20, 0x20,
  0x20, 0x20, 0x20, 0x20, 0x20, 0x20, 0x20, 0x20, 0x20, 0x20, 0x7d, 0x20,
  0x63, 0x61, 0x74, 0x63, 0x68, 0x20, 0x28, 0x65, 0x29, 0x20, 0x7b, 0x20,
  0x61, 0x6c, 0x65, 0x72, 0x74, 0x28, 0x27, 0xe5, 0x90, 0xaf, 0xe5, 0x8a,
  0xa8, 0xe5, 0xa4, 0xb1, 0xe8, 0xb4, 0xa5, 0x3a, 0x20, 0x27, 0x20, 0x2b,
  0x20, 0x65, 0x2e, 0x6d, 0x65, 0x73, 0x73, 0x61, 0x67, 0x65, 0x29, 0x3b,
  0x20, 0x7d, 0x0a, 0x20, 0x20, 0x20, 0x20, 0x20, 0x20, 0x20, 0x20, 0x20,
  0x20, 0x20, 0x20, 0x20, 0x20, 0x20, 0x20, 0x20, 0x20, 0x20, 0x20, 0x7d,
  0x3b, 0x0a, 0x20, 0x20, 0x20, 0x20, 0x20, 0x20, 0x20, 0x20, 0x20, 0x20,
  0x20, 0x20, 0x20, 0x20, 0x20, 0x20, 0x7d, 0x29, 0x3b, 0x0a, 0x0a, 0x20,
  0x20, 0x20, 0x20, 0x20, 0x20, 0x20, 0x20, 0x20, 0x20, 0x20, 0x20, 0x20,
  0x20, 0x20, 0x20, 0x2f, 0x2f, 0x20, 0x33, 0x2e, 0x20, 0xe5, 0x81, 0x9c,
  0xe6, 0xad, 0xa2, 0x0a, 0x20, 0x20, 0x20, 0x20, 0x20, 0x20, 0x20, 0x20,
  0x20, 0x20, 0x20, 0x20, 0x20, 0x20, 0x20, 0x20, 0x64, 0x6f, 0x63, 0x75,
  0x6d, 0x65, 0x6e, 0x74, 0x2e, 0x71, 0x75, 0x65, 0x72, 0x79, 0x53, 0x65,
  0x6c, 0x65, 0x63, 0x74, 0x6f, 0x72, 0x41, 0x6c, 0x6c, 0x28, 0x27, 0x2e,
  0x73, 0x74, 0x6f, 0x70, 0x2d, 0x62, 0x74, 0x6e, 0x27, 0x29, 0x2e, 0x66,
  0x6f, 0x72, 0x45, 0x61, 0x63, 0x68, 0x28, 0x62, 0x74, 0x6e, 0x20, 0x3d,
  0x3e, 0x20, 0x7b, 0x0a, 0x20, 0x20, 0x20, 0x20, 0x20, 0x20, 0x20, 0x20,
  0x20, 0x20, 0x20, 0x20, 0x20, 0x20, 0x20, 0x20, 0x20, 0x20, 0x20, 0x20,
  0x62, 0x74, 0x6e, 0x2e, 0x6f, 0x6e, 0x63, 0x6c, 0x69, 0x63, 0x6b, 0x20,
  0x3d, 0x20, 0x61, 0x73, 0x79, 0x6e, 0x63, 0x20, 0x66, 0x75, 0x6e, 0x63,
  0x74, 0x69, 0x6f, 0x6e, 0x28, 0x29, 0x20, 0x7b, 0x0a, 0x20, 0x20, 0x20,
  0x20, 0x20, 0x20, 0x20, 0x20, 0x20, 0x20, 0x20, 0x20, 0x20, 0x20, 0x20,
  0x20, 0x20, 0x20, 0x20, 0x20, 0x20, 0x20, 0x20, 0x20, 0x63, 0x6f, 0x6e,
  0x73, 0x74, 0x20, 0x69, 0x64, 0x20, 0x3d, 0x20, 0x74, 0x68, 0x69, 0x73,
  0x2e, 0x63, 0x6c, 0x6f, 0x73, 0x65, 0x73, 0x74, 0x28, 0x27, 0x2e, 0x69,
  0x6e, 0x73, 0x74, 0x61, 0x6e, 0x63, 0x65, 0x2d, 0x63, 0x61, 0x72, 0x64,
  0x27, 0x29, 0x2e, 0x64, 0x61, 0x74, 0x61, 0x73, 0x65, 0x74, 0x2e, 0x69,
  0x64, 0x3b, 0x0a, 0x20, 0x20, 0x20, 0x20, 0x20, 0x20, 0x20, 0x20, 0x20,
  0x20, 0x20, 0x20, 0x20, 0x20, 0x20, 0x20, 0x20, 0x20, 0x20, 0x20, 0x20,
  0x20, 0x20, 0x20, 0x74, 0x72, 0x79, 0x20, 0x7b, 0x0a, 0x20, 0x20, 0x20,
  0x20, 0x20, 0x20, 0x20, 0x20, 0x20, 0x20, 0x20, 0x20, 0x20, 0x20, 0x20,
  0x20, 0x20, 0x20, 0x20, 0x20, 0x20, 0x20, 0x20, 0x20, 0x20, 0x20, 0x20,
  0x20, 0x61, 0x77, 0x61, 0x69, 0x74, 0x20, 0x61, 0x70, 0x69, 0x28, 0x27,
  0x50, 0x4f, 0x53, 0x54, 0x27, 0x2c, 0x20, 0x60, 0x2f, 0x61, 0x70, 0x69,
  0x2f, 0x69, 0x6e, 0x73, 0x74, 0x61, 0x6e, 0x63, 0x65, 0x2f, 0x73, 0x74,
  0x6f, 0x70, 0x3f, 0x69, 0x64, 0x3d, 0x24, 0x7b, 0x69, 0x64, 0x7d, 0x60,
  0x29, 0x3b, 0x0a, 0x20, 0x20, 0x20, 0x20, 0x20, 0x20, 0x20, 0x20, 0x20,
  0x20, 0x20, 0x20, 0x20, 0x20, 0x20, 0x20, 0x20, 0x20, 0x20, 0x20, 0x20,
  0x20, 0x20, 0x20, 0x20, 0x20, 0x20, 0x20, 0x6c, 0x6f, 0x61, 0x64, 0x49,
  0x6e, 0x73, 0x74, 0x61, 0x6e, 0x63, 0x65, 0x73, 0x28, 0x29, 0x3b, 0x0a,
  0x20, 0x20, 0x20, 0x20, 0x20, 0x20, 0x20, 0x20, 0x20, 0x20, 0x20, 0x20,
  0x20, 0x20, 0x20, 0x20, 0x20, 0x20, 0x20, 0x20, 0x20, 0x20, 0x20, 0x20,
  0x7d, 0x20, 0x63, 0x61, 0x74, 0x63, 0x68, 0x20, 0x28, 0x65, 0x29, 0x20,
  0x7b, 0x20, 0x61, 0x6c, 0x65, 0x72, 0x74, 0x28, 0x27, 0xe5, 0x81, 0x9c,
  0xe6, 0xad, 0xa2, 0xe5, 0xa4, 0xb1, 0xe8, 0xb4, 0xa5, 0x3a, 0x20, 0x27,
  0x20, 0x2b, 0x20, 0x65, 0x2e, 0x6d, 0x65, 0x73, 0x73, 0x61, 0x67, 0x65,
  0x29, 0x3b, 0x20, 0x7d, 0x0a, 0x20, 0x20, 0x20, 0x20, 0x20, 0x20, 0x20,
  0x20, 0x20, 0x20, 0x20, 0x20, 0x20, 0x20, 0x20, 0x20, 0x20, 0x20, 0x20,
  0x20, 0x7d, 0x3b, 0x0a, 0x20, 0x20, 0x20, 0x20, 0x20, 0x20, 0x20, 0x20,
  0x20, 0x20, 0x20, 0x20, 0x20, 0x20, 0x20, 0x20, 0x7d, 0x29, 0x3b, 0x0a,
  0x0a, 0x20, 0x20, 0x20, 0x20, 0x20, 0x20, 0x20, 0x20, 0x20, 0x20, 0x20,
  0x20, 0x20, 0x20, 0x20, 0x20, 0x2f, 0x2f, 0x20, 0x34, 0x2e, 0x20, 0xe5,
  0x88, 0xa0, 0xe9, 0x99, 0xa4, 0x0a, 0x20, 0x20, 0x20, 0x20, 0x20, 0x20,
  0x20, 0x20, 0x20, 0x20, 0x20, 0x20, 0x20, 0x20, 0x20, 0x20, 0x64, 0x6f,
  0x63, 0x75, 0x6d, 0x65, 0x6e, 0x74, 0x2e, 0x71, 0x75, 0x65, 0x72, 0x79,
  0x53, 0x65, 0x6c, 0x65, 0x63, 0x74, 0x6f, 0x72, 0x41, 0x6c, 0x6c, 0x28,
  0x27, 0x2e, 0x64, 0x65, 0x6c, 0x65, 0x74, 0x65, 0x2d, 0x62, 0x74, 0x6e,
  0x27, 0x29, 0x2e, 0x66, 0x6f, 0x72, 0x45, 0x61, 0x63, 0x68, 0x28, 0x62,
  0x74, 0x6e, 0x20, 0x3d, 0x3e, 0x20, 0x7b, 0x0a, 0x20, 0x20, 0x20, 0x20,
  0x20, 0x20, 0x20, 0x20, 0x20, 0x20, 0x20, 0x20, 0x20, 0x20, 0x20, 0x20,
  0x20, 0x20, 0x20, 0x20, 0x62, 0x74, 0x6e, 0x2e, 0x6f, 0x6e, 0x63, 0x6c,
  0x69, 0x63, 0x6b, 0x20, 0x3d, 0x20, 0x61, 0x73, 0x79, 0x6e, 0x63, 0x20,
  0x66, 0x75, 0x6e, 0x63, 0x74, 0x69, 0x6f, 0x6e, 0x28, 0x29, 0x20, 0x7b,
  0x0a, 0x20, 0x20, 0x20, 0x20, 0x20, 0x20, 0x20, 0x20, 0x20, 0x20, 0x20,
  0x20, 0x20, 0x20, 0x20, 0x20, 0x20, 0x20, 0x20, 0x20, 0x20, 0x20, 0x20,
  0x20, 0x69, 0x66, 0x20, 0x28, 0x21, 0x63, 0x6f, 0x6e, 0x66, 0x69, 0x72,
  0x6d, 0x28, 0x27, 0xe7, 0xa1, 0xae, 0xe8, 0xae, 0xa4, 0xe5, 0x88, 0xa0,
  0xe9, 0x99, 0xa4, 0xe6, 0xad, 0xa4, 0xe5, 0xae, 0x9e, 0xe4, 0xbe, 0x8b,
  0xef, 0xbc, 0x9f, 0x27, 0x29, 0x29, 0x20, 0x72, 0x65, 0x74, 0x75, 0x72,
  0x6e, 0x3b, 0x0a, 0x20, 0x20, 0x20, 0x20, 0x20, 0x20, 0x20, 0x20, 0x20,
  0x20, 0x20, 0x20, 0x20, 0x20, 0x20, 0x20, 0x20, 0x20, 0x20, 0x20, 0x20,
  0x20, 0x20, 0x20, 0x63, 0x6f, 0x6e, 0x73, 0x74, 0x20, 0x69, 0x64, 0x20,
  0x3d, 0x20, 0x74, 0x68, 0x69, 0x73, 0x2e, 0x63, 0x6c, 0x6f, 0x73, 0x65,
  0x73, 0x74, 0x28, 0x27, 0x2e, 0x69, 0x6e, 0x73, 0x74, 0x61, 0x6e, 0x63,
  0x65, 0x2d, 0x63, 0x61, 0x72, 0x64, 0x27, 0x29, 0x2e, 0x64, 0x61, 0x74,
  0x61, 0x73, 0x65, 0x74, 0x2e, 0x69, 0x64, 0x3b, 0x0a, 0x20, 0x20, 0x20,
  0x20, 0x20, 0x20, 0x20, 0x20, 0x20, 0x20, 0x20, 0x20, 0x20, 0x20, 0x20,
  0x20, 0x20, 0x20, 0x20, 0x20, 0x20, 0x20, 0x20, 0x20, 0x74, 0x72, 0x79,
  0x20, 0x7b, 0x0a, 0x20, 0x20, 0x20, 0x20, 0x20, 0x20, 0x20, 0x20, 0x20,
  0x20, 0x20, 0x20, 0x20, 0x20, 0x20, 0x20, 0x20, 0x20, 0x20, 0x20, 0x20,
  0x20, 0x20, 0x20, 0x20, 0x20, 0x20, 0x20, 0x61, 0x77, 0x61, 0x69, 0x74,
  0x20, 0x61, 0x70, 0x69, 0x28, 0x27, 0x44, 0x45, 0x4c, 0x45, 0x54, 0x45,
  0x27, 0x2c, 0x20, 0x60, 0x2f, 0x61, 0x70, 0x69, 0x2f, 0x69, 0x6e, 0x73,
  0x74, 0x61, 0x6e, 0x63, 0x65, 0x3f, 0x69, 0x64, 0x3d, 0x24, 0x7b, 0x69,
  0x64, 0x7d, 0x60, 0x29, 0x3b, 0x0a, 0x20, 0x20, 0x20, 0x20, 0x20, 0x20,
  0x20, 0x20, 0x20, 0x20, 0x20, 0x20, 0x20, 0x20, 0x20, 0x20, 0x20, 0x20,
  0x20, 0x20, 0x20, 0x20, 0x20, 0x20, 0x20, 0x20, 0x20, 0x20, 0x6c, 0x6f,
  0x61, 0x64, 0x49, 0x6e, 0x73, 0x74, 0x61, 0x6e, 0x63, 0x65, 0x73, 0x28,
  0x29, 0x3b, 0x0a, 0x20, 0x20, 0x20, 0x20, 0x20, 0x20, 0x20, 0x20, 0x20,
  0x20, 0x20, 0x20, 0x20, 0x20, 0x20, 0x20, 0x20, 0x20, 0x20, 0x20, 0x20,
  0x20, 0x20, 0x20, 0x7d, 0x20, 0x63, 0x61, 0x74, 0x63, 0x68, 0x20, 0x28,
  0x65, 0x29, 0x20, 0x7b, 0x20, 0x61, 0x6c, 0x65, 0x72, 0x74, 0x28, 0x27,
  0xe5, 0x88, 0xa0, 0xe9, 0x99, 0xa4, 0xe5, 0xa4, 0xb1, 0xe8, 0xb4, 0xa5,
  0x3a, 0x20, 0x27, 0x20, 0x2b, 0x20, 0x65, 0x2e, 0x6d, 0x65, 0x73, 0x73,
  0x61, 0x67, 0x65, 0x29, 0x3b, 0x20, 0x7d, 0x0a, 0x20, 0x20, 0x20, 0x20,
  0x20, 0x20, 0x20, 0x20, 0x20, 0x20, 0x20, 0x20, 0x20, 0x20, 0x20, 0x20,
  0x20, 0x20, 0x20, 0x20, 0x7d, 0x3b, 0x0a, 0x20, 0x20, 0x20, 0x20, 0x20,
  0x20, 0x20, 0x20, 0x20, 0x20, 0x20, 0x20, 0x20, 0x20, 0x20, 0x20, 0x7d,
  0x29, 0x3b, 0x0a, 0x0a, 0x20, 0x20, 0x20, 0x20, 0x20, 0x20, 0x20, 0x20,
  0x20, 0x20, 0x20, 0x20, 0x20, 0x20, 0x20, 0x20, 0x2f, 0x2f, 0x20, 0x35,
  0x2e, 0x20, 0xe4, 0xbf, 0x9d, 0xe5, 0xad, 0x98, 0x0a, 0x20, 0x20, 0x20,
  0x20, 0x20, 0x20, 0x20, 0x20, 0x20, 0x20, 0x20, 0x20, 0x20, 0x20, 0x20,
  0x20, 0x64, 0x6f, 0x63, 0x75, 0x6d, 0x65, 0x6e, 0x74, 0x2e, 0x71, 0x75,
  0x65, 0x72, 0x79, 0x53, 0x65, 0x6c, 0x65, 0x63, 0x74, 0x6f, 0x72, 0x41,
  0x6c, 0x6c, 0x28, 0x27, 0x2e, 0x73, 0x61, 0x76, 0x65, 0x2d, 0x62, 0x74,
  0x6e, 0x27, 0x29, 0x2e, 0x66, 0x6f, 0x72, 0x45, 0x61, 0x63, 0x68, 0x28,
  0x62, 0x74, 0x6e, 0x20, 0x3d, 0x3e, 0x20, 0x7b, 0x0a, 0x20, 0x20, 0x20,
  0x20, 0x20, 0x20, 0x20, 0x20, 0x20, 0x20, 0x20, 0x20, 0x20, 0x20, 0x20,
  0x20, 0x20, 0x20, 0x20, 0x20, 0x62, 0x74, 0x6e, 0x2e, 0x6f, 0x6e, 0x63,
  0x6c, 0x69, 0x63, 0x6b, 0x20, 0x3d, 0x20, 0x61, 0x73, 0x79, 0x6e, 0x63,
  0x20, 0x66, 0x75, 0x6e, 0x63, 0x74, 0x69, 0x6f, 0x6e, 0x28, 0x29, 0x20,
  0x7b, 0x0a, 0x20, 0x20, 0x20, 0x20, 0x20, 0x20, 0x20, 0x20, 0x20, 0x20,
  0x20, 0x20, 0x20, 0x20, 0x20, 0x20, 0x20, 0x20, 0x20, 0x20, 0x20, 0x20,
  0x20, 0x20, 0x63, 0x6f, 0x6e, 0x73, 0x74, 0x20, 0x63, 0x61, 0x72, 0x64,
  0x20, 0x3d, 0x20, 0x74, 0x68, 0x69, 0x73, 0x2e, 0x63, 0x6c, 0x6f, 0x73,
  0x65, 0x73, 0x74, 0x28, 0x27, 0x2e, 0x69, 0x6e, 0x73, 0x74, 0x61, 0x6e,
  0x63, 0x65, 0x2d, 0x63, 0x61, 0x72, 0x64, 0x27, 0x29, 0x3b, 0x0a, 0x20,
  0x20, 0x20, 0x20, 0x20, 0x20, 0x20, 0x20, 0x20, 0x20, 0x20, 0x20, 0x20,
  0x20, 0x20, 0x20, 0x20, 0x20, 0x20, 0x20, 0x20, 0x20, 0x20, 0x20, 0x63,
  0x6f, 0x6e, 0x73, 0x74, 0x20, 0x69, 0x64, 0x20, 0x3d, 0x20, 0x63, 0x61,
  0x72, 0x64, 0x2e, 0x64, 0x61, 0x74, 0x61, 0x73, 0x65, 0x74, 0x2e, 0x69,
  0x64, 0x3b, 0x0a, 0x20, 0x20, 0x20, 0x20, 0x20, 0x20, 0x20, 0x20, 0x20,
  0x20, 0x20, 0x20, 0x20, 0x20, 0x20, 0x20, 0x20, 0x20, 0x20, 0x20, 0x20,
  0x20, 0x20, 0x20, 0x63, 0x6f, 0x6e, 0x73, 0x74, 0x20, 0x6d, 0x73, 0x67,
  0x20, 0x3d, 0x20, 0x63, 0x61, 0x72, 0x64, 0x2e, 0x71, 0x75, 0x65, 0x72,
  0x79, 0x53, 0x65, 0x6c, 0x65, 0x63, 0x74, 0x6f, 0x72, 0x28, 0x27, 0x2e,
  0x73, 0x74, 0x61, 0x74, 0x75, 0x73, 0x2d, 0x6d, 0x73, 0x67, 0x27, 0x29,
  0x3b, 0x0a, 0x20, 0x20, 0x20, 0x20, 0x20, 0x20, 0x20, 0x20, 0x20, 0x20,
  0x20, 0x20, 0x20, 0x20, 0x20, 0x20, 0x20, 0x20, 0x20, 0x20, 0x20, 0x20,
  0x20, 0x20, 0x6d, 0x73, 0x67, 0x2e, 0x74, 0x65, 0x78, 0x74, 0x43, 0x6f,
  0x6e, 0x74, 0x65, 0x6e, 0x74, 0x20, 0x3d, 0x20, 0x27, 0xe4, 0xbf, 0x9d,
  0xe5, 0xad, 0x98, 0xe4, 0xb8, 0xad, 0x2e, 0x2e, 0x2e, 0x27, 0x3b, 0x0a,
  0x20, 0x20, 0x20, 0x20, 0x20, 0x20, 0x20, 0x20, 0x20, 0x20, 0x20, 0x20,
  0x20, 0x20, 0x20, 0x20, 0x20, 0x20, 0x20, 0x20, 0x20, 0x20, 0x20, 0x20,
  0x6d, 0x73, 0x67, 0x2e, 0x73, 0x74, 0x79, 0x6c, 0x65, 0x2e, 0x63, 0x6f,
  0x6c, 0x6f, 0x72, 0x20, 0x3d, 0x20, 0x27, 0x23, 0x66, 0x66, 0x63, 0x31,
  0x30, 0x37, 0x27, 0x3b, 0x0a, 0x0a, 0x20, 0x20, 0x20, 0x20, 0x20, 0x20,
  0x20, 0x20, 0x20, 0x20, 0x20, 0x20, 0x20, 0x20, 0x20, 0x20, 0x20, 0x20,
  0x20, 0x20, 0x20, 0x20, 0x20, 0x20, 0x74, 0x72, 0x79, 0x20, 0x7b, 0x0a,
  0x20, 0x20, 0x20, 0x20, 0x20, 0x20, 0x20, 0x20, 0x20, 0x20, 0x20, 0x20,
  0x20, 0x20, 0x20, 0x20, 0x20, 0x20, 0x20, 0x20, 0x20, 0x20, 0x20, 0x20,
  0x20, 0x20, 0x20, 0x20, 0x2f, 0x2f, 0x20, 0xe6, 0x94, 0xb6, 0xe9, 0x9b,
  0x86, 0xe5, 0x9f, 0xba, 0xe7, 0xa1, 0x80, 0xe5, 0xad, 0x97, 0xe6, 0xae,
  0xb5, 0x0a, 0x20, 0x20, 0x20, 0x20, 0x20, 0x20, 0x20, 0x20, 0x20, 0x20,
  0x20, 0x20, 0x20, 0x20, 0x20, 0x20, 0x20, 0x20, 0x20, 0x20, 0x20, 0x20,
  0x20, 0x20, 0x20, 0x20, 0x20, 0x20, 0x63, 0x6f, 0x6e, 0x73, 0x74, 0x20,
  0x64, 0x61, 0x74, 0x61, 0x20, 0x3d, 0x20, 0x7b, 0x0a, 0x20, 0x20, 0x20,
  0x20, 0x20, 0x20, 0x20, 0x20, 0x20, 0x20, 0x20, 0x20, 0x20, 0x20, 0x20,
  0x20, 0x20, 0x20, 0x20, 0x20, 0x20, 0x20, 0x20, 0x20, 0x20, 0x20, 0x20,
  0x20, 0x20, 0x20, 0x20, 0x20, 0x75, 0x61, 0x73, 0x5f, 0x69, 0x64, 0x3a,
  0x20, 0x63, 0x61, 0x72, 0x64, 0x2e, 0x71, 0x75, 0x65, 0x72, 0x79, 0x53,
  0x65, 0x6c, 0x65, 0x63, 0x74, 0x6f, 0x72, 0x28, 0x27, 0x2e, 0x75, 0x61,
  0x73, 0x2d, 0x69, 0x64, 0x27, 0x29, 0x2e, 0x76, 0x61, 0x6c, 0x75, 0x65,
  0x2c, 0x0a, 0x20, 0x20, 0x20, 0x20, 0x20, 0x20, 0x20, 0x20, 0x20, 0x20,
  0x20, 0x20, 0x20, 0x20, 0x20, 0x20, 0x20, 0x20, 0x20, 0x20, 0x20, 0x20,
  0x20, 0x20, 0x20, 0x20, 0x20, 0x20, 0x20, 0x20, 0x20, 0x20, 0x6c, 0x61,
  0x74, 0x69, 0x74, 0x75, 0x64, 0x65, 0x3a, 0x20, 0x70, 0x61, 0x72, 0x73,
  0x65, 0x46, 0x6c, 0x6f, 0x61, 0x74, 0x28, 0x63, 0x61, 0x72, 0x64, 0x2e,
  0x71, 0x75, 0x65, 0x72, 0x79, 0x53, 0x65, 0x6c, 0x65, 0x63, 0x74, 0x6f,
  0x72, 0x28, 0x27, 0x2e, 0x6c, 0x61, 0x74, 0x27, 0x29, 0x2e, 0x76, 0x61,
  0x6c, 0x75, 0x65, 0x29, 0x20, 0x7c, 0x7c, 0x20, 0x30, 0x2c, 0x0a, 0x20,
  0x20, 0x20, 0x20, 0x20, 0x20, 0x20, 0x20, 0x20, 0x20, 0x20, 0x20, 0x20,
  0x20, 0x20, 0x20, 0x20, 0x20, 0x20, 0x20, 0x20, 0x20, 0x20, 0x20, 0x20,
  0x20, 0x20, 0x20, 0x20, 0x20, 0x20, 0x20, 0x6c, 0x6f, 0x6e, 0x67, 0x69,
  0x74, 0x75, 0x64, 0x65, 0x3a, 0x20, 0x70, 0x61, 0x72, 0x73, 0x65, 0x46,
  0x6c, 0x6f, 0x61, 0x74, 0x28, 0x63, 0x61, 0x72, 0x64, 0x2e, 0x71, 0x75,
  0x65, 0x72, 0x79, 0x53, 0x65, 0x6c, 0x65, 0x63, 0x74, 0x6f, 0x72, 0x28,
  0x27, 0x2e, 0x6c, 0x6f, 0x6e, 0x27, 0x29, 0x2e, 0x76, 0x61, 0x6c, 0x75,
  0x65, 0x29, 0x20, 0x7c, 0x7c, 0x20, 0x30, 0x2c, 0x0a, 0x20, 0x20, 0x20,
  0x20, 0x20, 0x20, 0x20, 0x20, 0x20, 0x20, 0x20, 0x20, 0x20, 0x20, 0x20,
  0x20, 0x20, 0x20, 0x20, 0x20, 0x20, 0x20, 0x20, 0x20, 0x20, 0x20, 0x20,
  0x20, 0x20, 0x20, 0x20, 0x20, 0x61, 0x6c, 0x74, 0x69, 0x74, 0x75, 0x64,
  0x65, 0x5f, 0x6d, 0x73, 0x6c, 0x3a, 0x20, 0x70, 0x61, 0x72, 0x73, 0x65,
  0x46, 0x6c, 0x6f, 0x61, 0x74, 0x28, 0x63, 0x61, 0x72, 0x64, 0x2e, 0x71,
  0x75, 0x65, 0x72, 0x79, 0x53, 0x65, 0x6c, 0x65, 0x63, 0x74, 0x6f, 0x72,
  0x28, 0x27, 0x2e, 0x61, 0x6c, 0x74, 0x27, 0x29, 0x2e, 0x76, 0x61, 0x6c,
  0x75, 0x65, 0x29, 0x20, 0x7c, 0x7c, 0x20, 0x30, 0x2c, 0x0a, 0x20, 0x20,
  0x20, 0x20, 0x20, 0x20, 0x20, 0x20, 0x20, 0x20, 0x20, 0x20, 0x20, 0x20,
  0x20, 0x20, 0x20, 0x20, 0x20, 0x20, 0x20, 0x20, 0x20, 0x20, 0x20, 0x20,
  0x20, 0x20, 0x20, 0x20, 0x20, 0x20, 0x61, 0x6c, 0x74, 0x69, 0x74, 0x75,
  0x64, 0x65, 0x5f, 0x61, 0x67, 0x6c, 0x3a, 0x20, 0x70, 0x61, 0x72, 0x73,
  0x65, 0x46, 0x6c, 0x6f, 0x61, 0x74, 0x28, 0x63, 0x61, 0x72, 0x64, 0x2e,
  0x71, 0x75, 0x65, 0x72, 0x79, 0x53, 0x65, 0x6c, 0x65, 0x63, 0x74, 0x6f,
  0x72, 0x28, 0x27, 0x2e, 0x61, 0x6c, 0x74, 0x2d, 0x61, 0x67, 0x6c, 0x27,
  0x29, 0x2e, 0x76, 0x61, 0x6c, 0x75, 0x65, 0x29, 0x20, 0x7c, 0x7c, 0x20,
  0x30, 0x2c, 0x0a, 0x20, 0x20, 0x20, 0x20, 0x20, 0x20, 0x20, 0x20, 0x20,
  0x20, 0x20, 0x20, 0x20, 0x20, 0x20, 0x20, 0x20, 0x20, 0x20, 0x20, 0x20,
  0x20, 0x20, 0x20, 0x20, 0x20, 0x20, 0x20, 0x20, 0x20, 0x20, 0x20, 0x73,
  0x70, 0x65, 0x65, 0x64, 0x5f, 0x68, 0x6f, 0x72, 0x69, 0x7a, 0x6f, 0x6e,
  0x74, 0x61, 0x6c, 0x3a, 0x20, 0x70, 0x61, 0x72, 0x73, 0x65, 0x46, 0x6c,
  0x6f, 0x61, 0x74, 0x28, 0x63, 0x61, 0x72, 0x64, 0x2e, 0x71, 0x75, 0x65,
  0x72, 0x79, 0x53, 0x65, 0x6c, 0x65, 0x63, 0x74, 0x6f, 0x72, 0x28, 0x27,
  0x2e, 0x73, 0x70, 0x65, 0x65, 0x64, 0x27, 0x29, 0x2e, 0x76, 0x61, 0x6c,
  0x75, 0x65, 0x29, 0x20, 0x7c, 0x7c, 0x20, 0x30, 0x2c, 0x0a, 0x20, 0x20,
  0x20, 0x20, 0x20, 0x20, 0x20, 0x20, 0x20, 0x20, 0x20, 0x20, 0x20, 0x20,
  0x20, 0x20, 0x20, 0x20, 0x20, 0x20, 0x20, 0x20, 0x20, 0x20, 0x20, 0x20,
  0x20, 0x20, 0x20, 0x20, 0x20, 0x20, 0x73, 0x70, 0x65, 0x65, 0x64, 0x5f,
  0x76, 0x65, 0x72, 0x74, 0x69, 0x63, 0x61, 0x6c, 0x3a, 0x20, 0x70, 0x61,
  0x72, 0x73, 0x65, 0x46, 0x6c, 0x6f, 0x61, 0x74, 0x28, 0x63, 0x61, 0x72,
  0x64, 0x2e, 0x71, 0x75, 0x65, 0x72, 0x79, 0x53, 0x65, 0x6c, 0x65, 0x63,
  0x74, 0x6f, 0x72, 0x28, 0x27, 0x2e, 0x76, 0x65, 0x72, 0x74, 0x2d, 0x73,
  0x70, 0x65, 0x65, 0x64, 0x27, 0x29, 0x2e, 0x76, 0x61, 0x6c, 0x75, 0x65,
  0x29, 0x20, 0x7c, 0x7c, 0x20, 0x30, 0x2c, 0x0a, 0x20, 0x20, 0x20, 0x20,
  0x20, 0x20, 0x20, 0x20, 0x20, 0x20, 0x20, 0x20, 0x20, 0x20, 0x20, 0x20,
  0x20, 0x20, 0x20, 0x20, 0x20, 0x20, 0x20, 0x20, 0x20, 0x20, 0x20, 0x20,
  0x20, 0x20, 0x20, 0x20, 0x68, 0x65, 0x61, 0x64, 0x69, 0x6e, 0x67, 0x3a,
  0x20, 0x70, 0x61, 0x72, 0x73, 0x65, 0x46, 0x6c, 0x6f, 0x61, 0x74, 0x28,
  0x63, 0x61, 0x72, 0x64, 0x2e, 0x71, 0x75, 0x65, 0x72, 0x79, 0x53, 0x65,
  0x6c, 0x65, 0x63, 0x74, 0x6f, 0x72, 0x28, 0x27, 0x2e, 0x68, 0x65, 0x61,
  0x64, 0x69, 0x6e, 0x67, 0x27, 0x29, 0x2e, 0x76, 0x61, 0x6c, 0x75, 0x65,
  0x29, 0x20, 0x7c, 0x7c, 0x20, 0x30, 0x2c, 0x0a, 0x20, 0x20, 0x20, 0x20,
  0x20, 0x20, 0x20, 0x20, 0x20, 0x20, 0x20, 0x20, 0x20, 0x20, 0x20, 0x20,
  0x20, 0x20, 0x20, 0x20, 0x20, 0x20, 0x20, 0x20, 0x20, 0x20, 0x20, 0x20,
  0x20, 0x20, 0x20, 0x20, 0x66, 0x6c, 0x69, 0x67, 0x68, 0x74, 0x5f, 0x6d,
  0x6f, 0x64, 0x65, 0x3a, 0x20, 0x70, 0x61, 0x72, 0x73, 0x65, 0x49, 0x6e,
  0x74, 0x28, 0x63, 0x61, 0x72, 0x64, 0x2e, 0x71, 0x75, 0x65, 0x72, 0x79,
  0x53, 0x65, 0x6c, 0x65, 0x63, 0x74, 0x6f, 0x72, 0x28, 0x27, 0x2e, 0x6d,
  0x6f, 0x64, 0x65, 0x2d, 0x73, 0x65, 0x6c, 0x65, 0x63, 0x74, 0x27, 0x29,
  0x2e, 0x76, 0x61, 0x6c, 0x75, 0x65, 0x29, 0x20, 0x7c, 0x7c, 0x20, 0x30,
  0x2c, 0x0a, 0x20, 0x20, 0x20, 0x20, 0x20, 0x20, 0x20, 0x20, 0x20, 0x20,
  0x20, 0x20, 0x20, 0x20, 0x20, 0x20, 0x20, 0x20, 0x20, 0x20, 0x20, 0x20,
  0x20, 0x20, 0x20, 0x20, 0x20, 0x20, 0x20, 0x20, 0x20, 0x20, 0x73, 0x74,
  0x61, 0x6e, 0x64, 0x61, 0x72, 0x64, 0x3a, 0x20, 0x70, 0x61, 0x72, 0x73,
  0x65, 0x49, 0x6e, 0x74, 0x28, 0x63, 0x61, 0x72, 0x64, 0x2e, 0x71, 0x75,
  0x65, 0x72, 0x79, 0x53, 0x65, 0x6c, 0x65, 0x63, 0x74, 0x6f, 0x72, 0x28,
  0x27, 0x2e, 0x73, 0x74, 0x64, 0x2d, 0x73, 0x65, 0x6c, 0x65, 0x63, 0x74,
  0x27, 0x29, 0x2e, 0x76, 0x61, 0x6c, 0x75, 0x65, 0x29, 0x0a, 0x20, 0x20,
  0x20, 0x20, 0x20, 0x20, 0x20, 0x20, 0x20, 0x20, 0x20, 0x20, 0x20, 0x20,
  0x20, 0x20, 0x20, 0x20, 0x20, 0x20, 0x20, 0x20, 0x20, 0x20, 0x20, 0x20,
  0x20, 0x20, 0x7d, 0x3b, 0x0a, 0x0a, 0x20, 0x20, 0x20, 0x20, 0x20, 0x20,
  0x20, 0x20, 0x20, 0x20, 0x20, 0x20, 0x20, 0x20, 0x20, 0x20, 0x20, 0x20,
  0x20, 0x20, 0x20, 0x20, 0x20, 0x20, 0x20, 0x20, 0x20, 0x20, 0x63, 0x6f,
  0x6e, 0x73, 0x74, 0x20, 0x73, 0x74, 0x64, 0x20, 0x3d, 0x20, 0x64, 0x61,
  0x74, 0x61, 0x2e, 0x73, 0x74, 0x61, 0x6e, 0x64, 0x61, 0x72, 0x64, 0x3b,
  0x0a, 0x20, 0x20, 0x20, 0x20, 0x20, 0x20, 0x20, 0x20, 0x20, 0x20, 0x20,
  0x20, 0x20, 0x20, 0x20, 0x20, 0x20, 0x20, 0x20, 0x20, 0x20, 0x20, 0x20,
  0x20, 0x20, 0x20, 0x20, 0x20, 0x69, 0x66, 0x20, 0x28, 0x73, 0x74, 0x64,
  0x20, 0x3d, 0x3d, 0x3d, 0x20, 0x30, 0x29, 0x20, 0x7b, 0x20, 0x2f, 0x2f,
  0x20, 0x47, 0x42, 0x34, 0x36, 0x37, 0x35, 0x30, 0x0a, 0x20, 0x20, 0x20,
  0x20, 0x20, 0x20, 0x20, 0x20, 0x20, 0x20, 0x20, 0x20, 0x20, 0x20, 0x20,
  0x20, 0x20, 0x20, 0x20, 0x20, 0x20, 0x20, 0x20, 0x20, 0x20, 0x20, 0x20,
  0x20, 0x20, 0x20, 0x20, 0x20, 0x64, 0x61, 0x74, 0x61, 0x2e, 0x72, 0x65,
  0x67, 0x5f, 0x6d, 0x61, 0x72, 0x6b, 0x20, 0x3d, 0x20, 0x63, 0x61, 0x72,
  0x64, 0x2e, 0x71, 0x75, 0x65, 0x72, 0x79, 0x53, 0x65, 0x6c, 0x65, 0x63,
  0x74, 0x6f, 0x72, 0x28, 0x27, 0x2e, 0x72, 0x65, 0x67, 0x2d, 0x6d, 0x61,
  0x72, 0x6b, 0x27, 0x29, 0x2e, 0x76, 0x61, 0x6c, 0x75, 0x65, 0x2e, 0x74,
  0x72, 0x69, 0x6d, 0x28, 0x29, 0x3b, 0x0a, 0x20, 0x20, 0x20, 0x20, 0x20,
  0x20, 0x20, 0x20, 0x20, 0x20, 0x20, 0x20, 0x20, 0x20, 0x20, 0x20, 0x20,
  0x20, 0x20, 0x20, 0x20, 0x20, 0x20, 0x20, 0x20, 0x20, 0x20, 0x20, 0x20,
  0x20, 0x20, 0x20, 0x64, 0x61, 0x74, 0x61, 0x2e, 0x6f, 0x70, 0x5f, 0x63,
  0x61, 0x74, 0x65, 0x67, 0x6f, 0x72, 0x79, 0x20, 0x3d, 0x20, 0x70, 0x61,
  0x72, 0x73, 0x65, 0x49, 0x6e, 0x74, 0x28, 0x63, 0x61, 0x72, 0x64, 0x2e,
  0x71, 0x75, 0x65, 0x72, 0x79, 0x53, 0x65, 0x6c, 0x65, 0x63, 0x74, 0x6f,
  0x72, 0x28, 0x27, 0x2e, 0x6f, 0x70, 0x2d, 0x63, 0x61, 0x74, 0x65, 0x67,
  0x6f, 0x72, 0x79, 0x27, 0x29, 0x2e, 0x76, 0x61, 0x6c, 0x75, 0x65, 0x29,
  0x20, 0x7c, 0x7c, 0x20, 0x30, 0x3b, 0x0a, 0x20, 0x20, 0x20, 0x20, 0x20,
  0x20, 0x20, 0x20, 0x20, 0x20, 0x20, 0x20, 0x20, 0x20, 0x20, 0x20, 0x20,
  0x20, 0x20, 0x20, 0x20, 0x20, 0x20, 0x20, 0x20, 0x20, 0x20, 0x20, 0x20,
  0x20, 0x20, 0x20, 0x64, 0x61, 0x74, 0x61, 0x2e, 0x75, 0x61, 0x5f, 0x63,
  0x6c, 0x61, 0x73, 0x73, 0x20, 0x3d, 0x20, 0x70, 0x61, 0x72, 0x73, 0x65,
  0x49, 0x6e, 0x74, 0x28, 0x63, 0x61, 0x72, 0x64, 0x2e, 0x71, 0x75, 0x65,
  0x72, 0x79, 0x53, 0x65, 0x6c, 0x65, 0x63, 0x74, 0x6f, 0x72, 0x28, 0x27,
  0x2e, 0x75, 0x61, 0x2d, 0x63, 0x6c, 0x61, 0x73, 0x73, 0x27, 0x29, 0x2e,
  0x76, 0x61, 0x6c, 0x75, 0x65, 0x29, 0x20, 0x7c, 0x7c, 0x20, 0x30, 0x3b,
  0x0a, 0x20, 0x20, 0x20, 0x20, 0x20, 0x20, 0x20, 0x20, 0x20, 0x20, 0x20,
  0x20, 0x20, 0x20, 0x20, 0x20, 0x20, 0x20, 0x20, 0x20, 0x20, 0x20, 0x20,
  0x20, 0x20, 0x20, 0x20, 0x20, 0x20, 0x20, 0x20, 0x20, 0x64, 0x61, 0x74,
  0x61, 0x2e, 0x67, 0x63, 0x73, 0x5f, 0x70, 0x6f, 0x73, 0x5f, 0x74, 0x79,
  0x70, 0x65, 0x20, 0x3d, 0x20, 0x70, 0x61, 0x72, 0x73, 0x65, 0x49, 0x6e,
  0x74, 0x28, 0x63, 0x61, 0x72, 0x64, 0x2e, 0x71, 0x75, 0x65, 0x72, 0x79,
  0x53, 0x65, 0x6c, 0x65, 0x63, 0x74, 0x6f, 0x72, 0x28, 0x27, 0x2e, 0x67,
  0x63, 0x73, 0x2d, 0x70, 0x6f, 0x73, 0x2d, 0x74, 0x79, 0x70, 0x65, 0x27,
  0x29, 0x2e, 0x76, 0x61, 0x6c, 0x75, 0x65, 0x29, 0x20, 0x7c, 0x7c, 0x20,
  0x30, 0x3b, 0x0a, 0x20, 0x20, 0x20, 0x20, 0x20, 0x20, 0x20, 0x20, 0x20,
  0x20, 0x20, 0x20, 0x20, 0x20, 0x20, 0x20, 0x20, 0x20, 0x20, 0x20, 0x20,
  0x20, 0x20, 0x20, 0x20, 0x20, 0x20, 0x20, 0x20, 0x20, 0x20, 0x20, 0x64,
  0x61, 0x74, 0x61, 0x2e, 0x63, 0x6f, 0x6f, 0x72, 0x64, 0x5f, 0x74, 0x79,
  0x70, 0x65, 0x20, 0x3d, 0x20, 0x70, 0x61, 0x72, 0x73, 0x65, 0x49, 0x6e,
  0x74, 0x28, 0x63, 0x61, 0x72, 0x64, 0x2e, 0x71, 0x75, 0x65, 0x72, 0x79,
  0x53, 0x65, 0x6c, 0x65, 0x63, 0x74, 0x6f, 0x72, 0x28, 0x27, 0x2e, 0x63,
  0x6f, 0x6f, 0x72, 0x64, 0x2d, 0x74, 0x79, 0x70, 0x65, 0x27, 0x29, 0x2e,
  0x76, 0x61, 0x6c, 0x75, 0x65, 0x29, 0x20, 0x7c, 0x7c, 0x20, 0x30, 0x3b,
  0x0a, 0x20, 0x20, 0x20, 0x20, 0x20, 0x20, 0x20, 0x20, 0x20, 0x20, 0x20,
  0x20, 0x20, 0x20, 0x20, 0x20, 0x20, 0x20, 0x20, 0x20, 0x20, 0x20, 0x20,
  0x20, 0x20, 0x20, 0x20, 0x20, 0x20, 0x20, 0x20, 0x20, 0x64, 0x61, 0x74,
  0x61, 0x2e, 0x68, 0x5f, 0x61, 0x63, 0x63, 0x20, 0x3d, 0x20, 0x70, 0x61,
  0x72, 0x73, 0x65, 0x49, 0x6e, 0x74, 0x28, 0x63, 0x61, 0x72, 0x64, 0x2e,
  0x71, 0x75, 0x65, 0x72, 0x79, 0x53, 0x65, 0x6c, 0x65, 0x63, 0x74, 0x6f,
  0x72, 0x28, 0x27, 0x2e, 0x68, 0x2d, 0x61, 0x63, 0x63, 0x2d, 0x67, 0x62,
  0x34, 0x36, 0x37, 0x35, 0x30, 0x27, 0x29, 0x2e, 0x76, 0x61, 0x6c, 0x75,
  0x65, 0x29, 0x20, 0x7c, 0x7c, 0x20, 0x30, 0x3b, 0x0a, 0x20, 0x20, 0x20,
  0x20, 0x20, 0x20, 0x20, 0x20, 0x20, 0x20, 0x20, 0x20, 0x20, 0x20, 0x20,
  0x20, 0x20, 0x20, 0x20, 0x20, 0x20, 0x20, 0x20, 0x20, 0x20, 0x20, 0x20,
  0x20, 0x20, 0x20, 0x20, 0x20, 0x64, 0x61, 0x74, 0x61, 0x2e, 0x76, 0x5f,
  0x61, 0x63, 0x63, 0x20, 0x3d, 0x20, 0x70, 0x61, 0x72, 0x73, 0x65, 0x49,
  0x6e, 0x74, 0x28, 0x63, 0x61, 0x72, 0x64, 0x2e, 0x71, 0x75, 0x65, 0x72,
  0x79, 0x53, 0x65, 0x6c, 0x65, 0x63, 0x74, 0x6f, 0x72, 0x28, 0x27, 0x2e,
  0x76, 0x2d, 0x61, 0x63, 0x63, 0x2d, 0x67, 0x62, 0x34, 0x36, 0x37, 0x35,
  0x30, 0x27, 0x29, 0x2e, 0x76, 0x61, 0x6c, 0x75, 0x65, 0x29, 0x20, 0x7c,
  0x7c, 0x20, 0x30, 0x3b, 0x0a, 0x20, 0x20, 0x20, 0x20, 0x20, 0x20, 0x20,
  0x20, 0x20, 0x20, 0x20, 0x20, 0x20, 0x20, 0x20, 0x20, 0x20, 0x20, 0x20,
  0x20, 0x20, 0x20, 0x20, 0x20, 0x20, 0x20, 0x20, 0x20, 0x20, 0x20, 0x20,
  0x20, 0x64, 0x61, 0x74, 0x61, 0x2e, 0x73, 0x70, 0x64, 0x5f, 0x61, 0x63,
  0x63, 0x20, 0x3d, 0x20, 0x70, 0x61, 0x72, 0x73, 0x65, 0x49, 0x6e, 0x74,
  0x28, 0x63, 0x61, 0x72, 0x64, 0x2e, 0x71, 0x75, 0x65, 0x72, 0x79, 0x53,
  0x65, 0x6c, 0x65, 0x63, 0x74, 0x6f, 0x72, 0x28, 0x27, 0x2e, 0x73, 0x70,
  0x64, 0x2d, 0x61, 0x63, 0x63, 0x2d, 0x67, 0x62, 0x34, 0x36, 0x37, 0x35,
  0x30, 0x27, 0x29, 0x2e, 0x76, 0x61, 0x6c, 0x75, 0x65, 0x29, 0x20, 0x7c,
  0x7c, 0x20, 0x30, 0x3b, 0x0a, 0x20, 0x20, 0x20, 0x20, 0x20, 0x20, 0x20,
  0x20, 0x20, 0x20, 0x20, 0x20, 0x20, 0x20, 0x20, 0x20, 0x20, 0x20, 0x20,
  0x20, 0x20, 0x20, 0x20, 0x20, 0x20, 0x20, 0x20, 0x20, 0x20, 0x20, 0x20,
  0x20, 0x64, 0x61, 0x74, 0x61, 0x2e, 0x74, 0x73, 0x5f, 0x61, 0x63, 0x63,
  0x20, 0x3d, 0x20, 0x70, 0x61, 0x72, 0x73, 0x65, 0x49, 0x6e, 0x74, 0x28,
  0x63, 0x61, 0x72, 0x64, 0x2e, 0x71, 0x75, 0x65, 0x72, 0x79, 0x53, 0x65,
  0x6c, 0x65, 0x63, 0x74, 0x6f, 0x72, 0x28, 0x27, 0x2e, 0x74, 0x73, 0x2d,
  0x61, 0x63, 0x63, 0x2d, 0x67, 0x62, 0x34, 0x36, 0x37, 0x35, 0x30, 0x27,
  0x29, 0x2e, 0x76, 0x61, 0x6c, 0x75, 0x65, 0x29, 0x20, 0x7c, 0x7c, 0x20,
  0x30, 0x3b, 0x0a, 0x20, 0x20, 0x20, 0x20, 0x20, 0x20, 0x20, 0x20, 0x20,
  0x20, 0x20, 0x20, 0x20, 0x20, 0x20, 0x20, 0x20, 0x20, 0x20, 0x20, 0x20,
  0x20, 0x20, 0x20, 0x20, 0x20, 0x20, 0x20, 0x7d, 0x20, 0x65, 0x6c, 0x73,
  0x65, 0x20, 0x7b, 0x20, 0x2f, 0x2f, 0x20, 0x47, 0x42, 0x34, 0x32, 0x35,
  0x39, 0x30, 0x20, 0x2f, 0x20, 0x41, 0x53, 0x54, 0x4d, 0x0a, 0x20, 0x20,
  0x20, 0x20, 0x20, 0x20, 0x20, 0x20, 0x20, 0x20, 0x20, 0x20, 0x20, 0x20,
  0x20, 0x20, 0x20, 0x20, 0x20, 0x20, 0x20, 0x20, 0x20, 0x20, 0x20, 0x20,
  0x20, 0x20, 0x20, 0x20, 0x20, 0x20, 0x64, 0x61, 0x74, 0x61, 0x2e, 0x69,
  0x64, 0x5f, 0x74, 0x79, 0x70, 0x65, 0x20, 0x3d, 0x20, 0x70, 0x61, 0x72,
  0x73, 0x65, 0x49, 0x6e, 0x74, 0x28, 0x63, 0x61, 0x72, 0x64, 0x2e, 0x71,
  0x75, 0x65, 0x72, 0x79, 0x53, 0x65, 0x6c, 0x65, 0x63, 0x74, 0x6f, 0x72,
  0x28, 0x27, 0x2e, 0x69, 0x64, 0x2d, 0x74, 0x79, 0x70, 0x65, 0x27, 0x29,
  0x2e, 0x76, 0x61, 0x6c, 0x75, 0x65, 0x29, 0x20, 0x7c, 0x7c, 0x20, 0x30,
  0x3b, 0x0a, 0x20, 0x20, 0x20, 0x20, 0x20, 0x20, 0x20, 0x20, 0x20, 0x20,
  0x20, 0x20, 0x20, 0x20, 0x20, 0x20, 0x20, 0x20, 0x20, 0x20, 0x20, 0x20,
  0x20, 0x20, 0x20, 0x20, 0x20, 0x20, 0x20, 0x20, 0x20, 0x20, 0x64, 0x61,
  0x74, 0x61, 0x2e, 0x75, 0x61, 0x5f, 0x74, 0x79, 0x70, 0x65, 0x20, 0x3d,
  0x20, 0x70, 0x61, 0x72, 0x73, 0x65, 0x49, 0x6e, 0x74, 0x28, 0x63, 0x61,
  0x72, 0x64, 0x2e, 0x71, 0x75, 0x65, 0x72, 0x79, 0x53, 0x65, 0x6c, 0x65,
  0x63, 0x74, 0x6f, 0x72, 0x28, 0x27, 0x2e, 0x75, 0x61, 0x2d, 0x74, 0x79,
  0x70, 0x65, 0x27, 0x29, 0x2e, 0x76, 0x61, 0x6c, 0x75, 0x65, 0x29, 0x20,
  0x7c, 0x7c, 0x20, 0x30, 0x3b, 0x0a, 0x20, 0x20, 0x20, 0x20, 0x20, 0x20,
  0x20, 0x20, 0x20, 0x20, 0x20, 0x20, 0x20, 0x20, 0x20, 0x20, 0x20, 0x20,
  0x20, 0x20, 0x20, 0x20, 0x20, 0x20, 0x20, 0x20, 0x20, 0x20, 0x20, 0x20,
  0x20, 0x20, 0x64, 0x61, 0x74, 0x61, 0x2e, 0x73, 0x74, 0x61, 0x74, 0x75,
  0x73, 0x20, 0x3d, 0x20, 0x70, 0x61, 0x72, 0x73, 0x65, 0x49, 0x6e, 0x74,
  0x28, 0x63, 0x61, 0x72, 0x64, 0x2e, 0x71, 0x75, 0x65, 0x72, 0x79, 0x53,
  0x65, 0x6c, 0x65, 0x63, 0x74, 0x6f, 0x72, 0x28, 0x27, 0x2e, 0x73, 0x74,
  0x61, 0x74, 0x75, 0x73, 0x27, 0x29, 0x2e, 0x76, 0x61, 0x6c, 0x75, 0x65,
  0x29, 0x20, 0x7c, 0x7c, 0x20, 0x30, 0x3b, 0x0a, 0x20, 0x20, 0x20, 0x20,
  0x20, 0x20, 0x20, 0x20, 0x20, 0x20, 0x20, 0x20, 0x20, 0x20, 0x20, 0x20,
  0x20, 0x20, 0x20, 0x20, 0x20, 0x20, 0x20, 0x20, 0x20, 0x20, 0x20, 0x20,
  0x20, 0x20, 0x20, 0x20, 0x64, 0x61, 0x74, 0x61, 0x2e, 0x68, 0x65, 0x69,
  0x67, 0x68, 0x74, 0x5f, 0x74, 0x79, 0x70, 0x65, 0x20, 0x3d, 0x20, 0x70,
  0x61, 0x72, 0x73, 0x65, 0x49, 0x6e, 0x74, 0x28, 0x63, 0x61, 0x72, 0x64,
  0x2e, 0x71, 0x75, 0x65, 0x72, 0x79, 0x53, 0x65, 0x6c, 0x65, 0x63, 0x74,
  0x6f, 0x72, 0x28, 0x27, 0x2e, 0x68, 0x65, 0x69, 0x67, 0x68, 0x74, 0x2d,
  0x74, 0x79, 0x70, 0x65, 0x27, 0x29, 0x2e, 0x76, 0x61, 0x6c, 0x75, 0x65,
  0x29, 0x20, 0x7c, 0x7c, 0x20, 0x30, 0x3b, 0x0a, 0x20, 0x20, 0x20, 0x20,
  0x20, 0x20, 0x20, 0x20, 0x20, 0x20, 0x20, 0x20, 0x20, 0x20, 0x20, 0x20,
  0x20, 0x20, 0x20, 0x20, 0x20, 0x20, 0x20, 0x20, 0x20, 0x20, 0x20, 0x20,
  0x20, 0x20, 0x20, 0x20, 0x64, 0x61, 0x74, 0x61, 0x2e, 0x68, 0x5f, 0x61,
  0x63, 0x63, 0x20, 0x3d, 0x20, 0x70, 0x61, 0x72, 0x73, 0x65, 0x49, 0x6e,
  0x74, 0x28, 0x63, 0x61, 0x72, 0x64, 0x2e, 0x71, 0x75, 0x65, 0x72, 0x79,
  0x53, 0x65, 0x6c, 0x65, 0x63, 0x74, 0x6f, 0x72, 0x28, 0x27, 0x2e, 0x68,
  0x2d, 0x61, 0x63, 0x63, 0x27, 0x29, 0x2e, 0x76, 0x61, 0x6c, 0x75, 0x65,
  0x29, 0x20, 0x7c, 0x7c, 0x20, 0x30, 0x3b, 0x0a, 0x20, 0x20, 0x20, 0x20,
  0x20, 0x20, 0x20, 0x20, 0x20, 0x20, 0x20, 0x20, 0x20, 0x20, 0x20, 0x20,
  0x20, 0x20, 0x20, 0x20, 0x20, 0x20, 0x20, 0x20, 0x20, 0x20, 0x20, 0x20,
  0x20, 0x20, 0x20, 0x20, 0x64, 0x61, 0x74, 0x61, 0x2e, 0x76, 0x5f, 0x61,
  0x63, 0x63, 0x20, 0x3d, 0x20, 0x70, 0x61, 0x72, 0x73, 0x65, 0x49, 0x6e,
  0x74, 0x28, 0x63, 0x61, 0x72, 0x64, 0x2e, 0x71, 0x75, 0x65, 0x72, 0x79,
  0x53, 0x65, 0x6c, 0x65, 0x63, 0x74, 0x6f, 0x72, 0x28, 0x27, 0x2e, 0x76,
  0x2d, 0x61, 0x63, 0x63, 0x27, 0x29, 0x2e, 0x76, 0x61, 0x6c, 0x75, 0x65,
  0x29, 0x20, 0x7c, 0x7c, 0x20, 0x30, 0x3b, 0x0a, 0x20, 0x20, 0x20, 0x20,
  0x20, 0x20, 0x20, 0x20, 0x20, 0x20, 0x20, 0x20, 0x20, 0x20, 0x20, 0x20,
  0x20, 0x20, 0x20, 0x20, 0x20, 0x20, 0x20, 0x20, 0x20, 0x20, 0x20, 0x20,
  0x20, 0x20, 0x20, 0x20, 0x64, 0x61, 0x74, 0x61, 0x2e, 0x73, 0x70, 0x64,
  0x5f, 0x61, 0x63, 0x63, 0x20, 0x3d, 0x20, 0x70, 0x61, 0x72, 0x73, 0x65,
  0x49, 0x6e, 0x74, 0x28, 0x63, 0x61, 0x72, 0x64, 0x2e, 0x71, 0x75, 0x65,
  0x72, 0x79, 0x53, 0x65, 0x6c, 0x65, 0x63, 0x74, 0x6f, 0x72, 0x28, 0x27,
  0x2e, 0x73, 0x70, 0x64, 0x2d, 0x61, 0x63, 0x63, 0x27, 0x29, 0x2e, 0x76,
  0x61, 0x6c, 0x75, 0x65, 0x29, 0x20, 0x7c, 0x7c, 0x20, 0x30, 0x3b, 0x0a,
  0x20, 0x20, 0x20, 0x20, 0x20, 0x20, 0x20, 0x20, 0x20, 0x20, 0x20, 0x20,
  0x20, 0x20, 0x20, 0x20, 0x20, 0x20, 0x20, 0x20, 0x20, 0x20, 0x20, 0x20,
  0x20, 0x20, 0x20, 0x20, 0x20, 0x20, 0x20, 0x20, 0x64, 0x61, 0x74, 0x61,
  0x2e, 0x74, 0x73, 0x5f, 0x61, 0x63, 0x63, 0x20, 0x3d, 0x20, 0x70, 0x61,
  0x72, 0x73, 0x65, 0x49, 0x6e, 0x74, 0x28, 0x63, 0x61, 0x72, 0x64, 0x2e,
  0x71, 0x75, 0x65, 0x72, 0x79, 0x53, 0x65, 0x6c, 0x65, 0x63, 0x74, 0x6f,
  0x72, 0x28, 0x27, 0x2e, 0x74, 0x73, 0x2d, 0x61, 0x63, 0x63, 0x27, 0x29,
  0x2e, 0x76, 0x61, 0x6c, 0x75, 0x65, 0x29, 0x20, 0x7c, 0x7c, 0x20, 0x30,
  0x3b, 0x0a, 0x20, 0x20, 0x20, 0x20, 0x20, 0x20, 0x20, 0x20, 0x20, 0x20,
  0x20, 0x20, 0x20, 0x20, 0x20, 0x20, 0x20, 0x20, 0x20, 0x20, 0x20, 0x20,
  0x20, 0x20, 0x20, 0x20, 0x20, 0x20, 0x7d, 0x0a, 0x20, 0x20, 0x20, 0x20,
  0x20, 0x20, 0x20, 0x20, 0x20, 0x20, 0x20, 0x20, 0x20, 0x20, 0x20, 0x20,
  0x20, 0x20, 0x20, 0x20, 0x20, 0x20, 0x20, 0x20, 0x20, 0x20, 0x20, 0x20,
  0x2f, 0x2f, 0x20, 0xe6, 0x94, 0xb6, 0xe9, 0x9b, 0x86, 0xe5, 0x9f, 0xba,
  0xe7, 0xa1, 0x80, 0xe5, 0xad, 0x97, 0xe6, 0xae, 0xb5, 0xef, 0xbc, 0x88,
  0xe4, 0xbf, 0x9d, 0xe6, 0x8c, 0x81, 0xe4, 0xb8, 0x8d, 0xe5, 0x8f, 0x98,
  0xef, 0xbc, 0x89, 0x0a, 0x20, 0x20, 0x20, 0x20, 0x20, 0x20, 0x20, 0x20,
  0x20, 0x20, 0x20, 0x20, 0x20, 0x20, 0x20, 0x20, 0x20, 0x20, 0x20, 0x20,
  0x20, 0x20, 0x20, 0x20, 0x20, 0x20, 0x20, 0x20, 0x2f, 0x2f, 0x20, 0x2e,
  0x2e, 0x2e, 0x20, 0xe6, 0x94, 0xb6, 0xe9, 0x9b, 0x86, 0x20, 0x64, 0x61,
  0x74, 0x61, 0x20, 0x2e, 0x2e, 0x2e, 0x0a, 0x0a, 0x20, 0x20, 0x20, 0x20,
  0x20, 0x20, 0x20, 0x20, 0x20, 0x20, 0x20, 0x20, 0x20, 0x20, 0x20, 0x20,
  0x20, 0x20, 0x20, 0x20, 0x20, 0x20, 0x20, 0x20, 0x20, 0x20, 0x20, 0x20,
  0x2f, 0x2f, 0x20, 0xe8, 0x88, 0xaa, 0xe5, 0x90, 0x91, 0xe5, 0xbd, 0x92,
  0xe4, 0xb8, 0x80, 0xe5, 0x8c, 0x96, 0xef, 0xbc, 0x88, 0xe5, 0x9c, 0xa8,
  0xe6, 0x94, 0xb6, 0xe9, 0x9b, 0x86, 0x20, 0x64, 0x61, 0x74, 0x61, 0x20,
  0xe5, 0x90, 0x8e, 0xef, 0xbc, 0x89, 0x0a, 0x20, 0x20, 0x20, 0x20, 0x20,
  0x20, 0x20, 0x20, 0x20, 0x20, 0x20, 0x20, 0x20, 0x20, 0x20, 0x20, 0x20,
  0x20, 0x20, 0x20, 0x20, 0x20, 0x20, 0x20, 0x20, 0x20, 0x20, 0x20, 0x6c,
  0x65, 0x74, 0x20, 0x68, 0x65, 0x61, 0x64, 0x69, 0x6e, 0x67, 0x20, 0x3d,
  0x20, 0x64, 0x61, 0x74, 0x61, 0x2e, 0x68, 0x65, 0x61, 0x64, 0x69, 0x6e,
  0x67, 0x3b, 0x0a, 0x20, 0x20, 0x20, 0x20, 0x20, 0x20, 0x20, 0x20, 0x20,
  0x20, 0x20, 0x20, 0x20, 0x20, 0x20, 0x20, 0x20, 0x20, 0x20, 0x20, 0x20,
  0x20, 0x20, 0x20, 0x20, 0x20, 0x20, 0x20, 0x68, 0x65, 0x61, 0x64, 0x69,
  0x6e, 0x67, 0x20, 0x3d, 0x20, 0x28, 0x28, 0x68, 0x65, 0x61, 0x64, 0x69,
  0x6e, 0x67, 0x20, 0x25, 0x20, 0x33, 0x36, 0x30, 0x29, 0x20, 0x2b, 0x20,
  0x33, 0x36, 0x30, 0x29, 0x20, 0x25, 0x20, 0x33, 0x36, 0x30, 0x3b, 0x0a,
  0x20, 0x20, 0x20, 0x20, 0x20, 0x20, 0x20, 0x20, 0x20, 0x20, 0x20, 0x20,
  0x20, 0x20, 0x20, 0x20, 0x20, 0x20, 0x20, 0x20, 0x20, 0x20, 0x20, 0x20,
  0x20, 0x20, 0x20, 0x20, 0x64, 0x61, 0x74, 0x61, 0x2e, 0x68, 0x65, 0x61,
  0x64, 0x69, 0x6e, 0x67, 0x20, 0x3d, 0x20, 0x68, 0x65, 0x61, 0x64, 0x69,
  0x6e, 0x67, 0x3b, 0x0a, 0x0a, 0x20, 0x20, 0x20, 0x20, 0x20, 0x20, 0x20,
  0x20, 0x20, 0x20, 0x20, 0x20, 0x20, 0x20, 0x20, 0x20, 0x20, 0x20, 0x20,
  0x20, 0x20, 0x20, 0x20, 0x20, 0x20, 0x20, 0x20, 0x20, 0x2f, 0x2f, 0x20,
  0xe5, 0x89, 0x8d, 0xe7, 0xab, 0xaf, 0xe8, 0xbd, 0xbb, 0xe9, 0x87, 0x8f,
  0xe6, 0xa0, 0xa1, 0xe9, 0xaa, 0x8c, 0xef, 0xbc, 0x88, 0xe4, 0xbb, 0x85,
  0xe6, 0x8f, 0x90, 0xe7, 0xa4, 0xba, 0xef, 0xbc, 0x8c, 0xe4, 0xb8, 0x8d,
  0xe9, 0x98, 0xbb, 0xe6, 0x96, 0xad, 0xef, 0xbc, 0x89, 0x0a, 0x20, 0x20,
  0x20, 0x20, 0x20, 0x20, 0x20, 0x20, 0x20, 0x20, 0x20, 0x20, 0x20, 0x20,
  0x20, 0x20, 0x20, 0x20, 0x20, 0x20, 0x20, 0x20, 0x20, 0x20, 0x20, 0x20,
  0x20, 0x20, 0x6c, 0x65, 0x74, 0x20, 0x65, 0x72, 0x72, 0x4d, 0x73, 0x67,
  0x20, 0x3d, 0x20, 0x27, 0x27, 0x3b, 0x0a, 0x20, 0x20, 0x20, 0x20, 0x20,
  0x20, 0x20, 0x20, 0x20, 0x20, 0x20, 0x20, 0x20, 0x20, 0x20, 0x20, 0x20,
  0x20, 0x20, 0x20, 0x20, 0x20, 0x20, 0x20, 0x20, 0x20, 0x20, 0x20, 0x69,
  0x66, 0x20, 0x28, 0x64, 0x61, 0x74, 0x61, 0x2e, 0x6c, 0x61, 0x74, 0x69,
  0x74, 0x75, 0x64, 0x65, 0x20, 0x3c, 0x20, 0x2d, 0x39, 0x30, 0x20, 0x7c,
  0x7c, 0x20, 0x64, 0x61, 0x74, 0x61, 0x2e, 0x6c, 0x61, 0x74, 0x69, 0x74,
  0x75, 0x64, 0x65, 0x20, 0x3e, 0x20, 0x39, 0x30, 0x29, 0x20, 0x65, 0x72,
  0x72, 0x4d, 0x73, 0x67, 0x20, 0x2b, 0x3d, 0x20, 0x27, 0xe7, 0xba, 0xac,
  0xe5, 0xba, 0xa6, 0xe8, 0x8c, 0x83, 0xe5, 0x9b, 0xb4, 0x2d, 0x39, 0x30,
  0x7e, 0x39, 0x30, 0xef, 0xbc, 0x9b, 0x27, 0x3b, 0x0a, 0x20, 0x20, 0x20,
  0x20, 0x20, 0x20, 0x20, 0x20, 0x20, 0x20, 0x20, 0x20, 0x20, 0x20, 0x20,
  0x20, 0x20, 0x20, 0x20, 0x20, 0x20, 0x20, 0x20, 0x20, 0x20, 0x20, 0x20,
  0x20, 0x69, 0x66, 0x20, 0x28, 0x64, 0x61, 0x74, 0x61, 0x2e, 0x6c, 0x6f,
  0x6e, 0x67, 0x69, 0x74, 0x75, 0x64, 0x65, 0x20, 0x3c, 0x20, 0x2d, 0x31,
  0x38, 0x30, 0x20, 0x7c, 0x7c, 0x20, 0x64, 0x61, 0x74, 0x61, 0x2e, 0x6c,
  0x6f, 0x6e, 0x67, 0x69, 0x74, 0x75, 0x64, 0x65, 0x20, 0x3e, 0x20, 0x31,
  0x38, 0x30, 0x29, 0x20, 0x65, 0x72, 0x72, 0x4d, 0x73, 0x67, 0x20, 0x2b,
  0x3d, 0x20, 0x27, 0xe7, 0xbb, 0x8f, 0xe5, 0xba, 0xa6, 0xe8, 0x8c, 0x83,
  0xe5, 0x9b, 0xb4, 0x2d, 0x31, 0x38, 0x30, 0x7e, 0x31, 0x38, 0x30, 0xef,
  0xbc, 0x9b, 0x27, 0x3b, 0x0a, 0x20, 0x20, 0x20, 0x20, 0x20, 0x20, 0x20,
  0x20, 0x20, 0x20, 0x20, 0x20, 0x20, 0x20, 0x20, 0x20, 0x20, 0x20, 0x20,
  0x20, 0x20, 0x20, 0x20, 0x20, 0x20, 0x20, 0x20, 0x20, 0x69, 0x66, 0x20,
  0x28, 0x64, 0x61, 0x74, 0x61, 0x2e, 0x61, 0x6c, 0x74, 0x69, 0x74, 0x75,
  0x64, 0x65, 0x5f, 0x6d, 0x73, 0x6c, 0x20, 0x3c, 0x20, 0x2d, 0x31, 0x30,
  0x30, 0x30, 0x20, 0x7c, 0x7c, 0x20, 0x64, 0x61, 0x74, 0x61, 0x2e, 0x61,
  0x6c, 0x74, 0x69, 0x74, 0x75, 0x64, 0x65, 0x5f, 0x6d, 0x73, 0x6c, 0x20,
  0x3e, 0x20, 0x33, 0x31, 0x37, 0x36, 0x37, 0x2e, 0x35, 0x29, 0x20, 0x65,
  0x72, 0x72, 0x4d, 0x73, 0x67, 0x20, 0x2b, 0x3d, 0x20, 0x27, 0x4d, 0x53,
  0x4c, 0xe9, 0xab, 0x98, 0xe5, 0xba, 0xa6, 0xe8, 0x8c, 0x83, 0xe5, 0x9b,
  0xb4, 0x2d, 0x31, 0x30, 0x30, 0x30, 0x7e, 0x33, 0x31, 0x37, 0x36, 0x37,
  0x2e, 0x35, 0x6d, 0xef, 0xbc, 0x9b, 0x27, 0x3b, 0x0a, 0x20, 0x20, 0x20,
  0x20, 0x20, 0x20, 0x20, 0x20, 0x20, 0x20, 0x20, 0x20, 0x20, 0x20, 0x20,
  0x20, 0x20, 0x20, 0x20, 0x20, 0x20, 0x20, 0x20, 0x20, 0x20, 0x20, 0x20,
  0x20, 0x69, 0x66, 0x20, 0x28, 0x64, 0x61, 0x74, 0x61, 0x2e, 0x61, 0x6c,
  0x74, 0x69, 0x74, 0x75, 0x64, 0x65, 0x5f, 0x61, 0x67, 0x6c, 0x20, 0x3c,
  0x20, 0x2d, 0x31, 0x30, 0x30, 0x30, 0x20, 0x7c, 0x7c, 0x20, 0x64, 0x61,
  0x74, 0x61, 0x2e, 0x61, 0x6c, 0x74, 0x69, 0x74, 0x75, 0x64, 0x65, 0x5f,
  0x61, 0x67, 0x6c, 0x20, 0x3e, 0x20, 0x33, 0x31, 0x37, 0x36, 0x37, 0x2e,
  0x35, 0x29, 0x20, 0x65, 0x72, 0x72, 0x4d, 0x73, 0x67, 0x20, 0x2b, 0x3d,
  0x20, 0x27, 0x41, 0x47, 0x4c, 0xe9, 0xab, 0x98, 0xe5, 0xba, 0xa6, 0xe8,
  0x8c, 0x83, 0xe5, 0x9b, 0xb4, 0x2d, 0x31, 0x30, 0x30, 0x30, 0x7e, 0x33,
  0x31, 0x37, 0x36, 0x37, 0x2e, 0x35, 0x6d, 0xef, 0xbc, 0x9b, 0x27, 0x3b,
  0x0a, 0x20, 0x20, 0x20, 0x20, 0x20, 0x20, 0x20, 0x20, 0x20, 0x20, 0x20,
  0x20, 0x20, 0x20, 0x20, 0x20, 0x20, 0x20, 0x20, 0x20, 0x20, 0x20, 0x20,
  0x20, 0x20, 0x20, 0x20, 0x20, 0x69, 0x66, 0x20, 0x28, 0x64, 0x61, 0x74,
  0x61, 0x2e, 0x73, 0x70, 0x65, 0x65, 0x64, 0x5f, 0x68, 0x6f, 0x72, 0x69,
  0x7a, 0x6f, 0x6e, 0x74, 0x61, 0x6c, 0x20, 0x3c, 0x20, 0x30, 0x20, 0x7c,
  0x7c, 0x20, 0x64, 0x61, 0x74, 0x61, 0x2e, 0x73, 0x70, 0x65, 0x65, 0x64,
  0x5f, 0x68, 0x6f, 0x72, 0x69, 0x7a, 0x6f, 0x6e, 0x74, 0x61, 0x6c, 0x20,
  0x3e, 0x20, 0x32, 0x35, 0x34, 0x2e, 0x32, 0x35, 0x29, 0x20, 0x65, 0x72,
  0x72, 0x4d, 0x73, 0x67, 0x20, 0x2b, 0x3d, 0x20, 0x27, 0xe5, 0x9c, 0xb0,
  0xe9, 0x80, 0x9f, 0xe8, 0x8c, 0x83, 0xe5, 0x9b, 0xb4, 0x30, 0x7e, 0x32,
  0x35, 0x34, 0x2e, 0x32, 0x35, 0x6d, 0x2f, 0x73, 0xef, 0xbc, 0x9b, 0x27,
  0x3b, 0x0a, 0x20, 0x20, 0x20, 0x20, 0x20, 0x20, 0x20, 0x20, 0x20, 0x20,
  0x20, 0x20, 0x20, 0x20, 0x20, 0x20, 0x20, 0x20, 0x20, 0x20, 0x20, 0x20,
  0x20, 0x20, 0x20, 0x20, 0x20, 0x20, 0x69, 0x66, 0x20, 0x28, 0x64, 0x61,
  0x74, 0x61, 0x2e, 0x73, 0x70, 0x65, 0x65, 0x64, 0x5f, 0x76, 0x65, 0x72,
  0x74, 0x69, 0x63, 0x61, 0x6c, 0x20, 0x3c, 0x20, 0x2d, 0x36, 0x32, 0x20,
  0x7c, 0x7c, 0x20, 0x64, 0x61, 0x74, 0x61, 0x2e, 0x73, 0x70, 0x65, 0x65,
  0x64, 0x5f, 0x76, 0x65, 0x72, 0x74, 0x69, 0x63, 0x61, 0x6c, 0x20, 0x3e,
  0x20, 0x36, 0x32, 0x29, 0x20, 0x65, 0x72, 0x72, 0x4d, 0x73, 0x67, 0x20,
  0x2b, 0x3d, 0x20, 0x27, 0xe5, 0x9e, 0x82, 0xe7, 0x9b, 0xb4, 0xe9, 0x80,
  0x9f, 0xe5, 0xba, 0xa6, 0xe8, 0x8c, 0x83, 0xe5, 0x9b, 0xb4, 0x2d, 0x36,
  0x32, 0x7e, 0x36, 0x32, 0x6d, 0x2f, 0x73, 0xef, 0xbc, 0x9b, 0x27, 0x3b,
  0x0a, 0x0a, 0x20, 0x20, 0x20, 0x20, 0x20, 0x20, 0x20, 0x20, 0x20, 0x20,
  0x20, 0x20, 0x20, 0x20, 0x20, 0x20, 0x20, 0x20, 0x20, 0x20, 0x20, 0x20,
  0x20, 0x20, 0x20, 0x20, 0x20, 0x20, 0x69, 0x66, 0x20, 0x28, 0x65, 0x72,
  0x72, 0x4d, 0x73, 0x67, 0x29, 0x20, 0x7b, 0x0a, 0x20, 0x20, 0x20, 0x20,
  0x20, 0x20, 0x20, 0x20, 0x20, 0x20, 0x20, 0x20, 0x20, 0x20, 0x20, 0x20,
  0x20, 0x20, 0x20, 0x20, 0x20, 0x20, 0x20, 0x20, 0x20, 0x20, 0x20, 0x20,
  0x20, 0x20, 0x20, 0x20, 0x6d, 0x73, 0x67, 0x2e, 0x74, 0x65, 0x78, 0x74,
  0x43, 0x6f, 0x6e, 0x74, 0x65, 0x6e, 0x74, 0x20, 0x3d, 0x20, 0x27, 0xe2,
  0x9c, 0x97, 0x20, 0x27, 0x20, 0x2b, 0x20, 0x65, 0x72, 0x72, 0x4d, 0x73,
  0x67, 0x3b, 0x0a, 0x20, 0x20, 0x20, 0x20, 0x20, 0x20, 0x20, 0x20, 0x20,
  0x20, 0x20, 0x20, 0x20, 0x20, 0x20, 0x20, 0x20, 0x20, 0x20, 0x20, 0x20,
  0x20, 0x20, 0x20, 0x20, 0x20, 0x20, 0x20, 0x20, 0x20, 0x20, 0x20, 0x6d,
  0x73, 0x67, 0x2e, 0x73, 0x74, 0x79, 0x6c, 0x65, 0x2e, 0x63, 0x6f, 0x6c,
  0x6f, 0x72, 0x20, 0x3d, 0x20, 0x27, 0x23, 0x64, 0x63, 0x33, 0x35, 0x34,
  0x35, 0x27, 0x3b, 0x0a, 0x20, 0x20, 0x20, 0x20, 0x20, 0x20, 0x20, 0x20,
  0x20, 0x20, 0x20, 0x20, 0x20, 0x20, 0x20, 0x20, 0x20, 0x20, 0x20, 0x20,
  0x20, 0x20, 0x20, 0x20, 0x20, 0x20, 0x20, 0x20, 0x20, 0x20, 0x20, 0x20,
  0x72, 0x65, 0x74, 0x75, 0x72, 0x6e, 0x3b, 0x0a, 0x20, 0x20, 0x20, 0x20,
  0x20, 0x20, 0x20, 0x20, 0x20, 0x20, 0x20, 0x20, 0x20, 0x20, 0x20, 0x20,
  0x20, 0x20, 0x20, 0x20, 0x20, 0x20, 0x20, 0x20, 0x20, 0x20, 0x20, 0x20,
  0x7d, 0x0a, 0x0a, 0x20, 0x20, 0x20, 0x20, 0x20, 0x20, 0x20, 0x20, 0x20,
  0x20, 0x20, 0x20, 0x20, 0x20, 0x20, 0x20, 0x20, 0x20, 0x20, 0x20, 0x20,
  0x20, 0x20, 0x20, 0x20, 0x20, 0x20, 0x20, 0x2f, 0x2f, 0x20, 0xe5, 0x8f,
  0x91, 0xe9, 0x80, 0x81, 0x20, 0x50, 0x55, 0x54, 0x20, 0xe8, 0xaf, 0xb7,
  0xe6, 0xb1, 0x82, 0xef, 0xbc, 0x88, 0xe4, 0xbf, 0x9d, 0xe6, 0x8c, 0x81,
  0xe4, 0xb8, 0x8d, 0xe5, 0x8f, 0x98, 0xef, 0xbc, 0x89, 0x0a, 0x20, 0x20,
  0x20, 0x20, 0x20, 0x20, 0x20, 0x20, 0x20, 0x20, 0x20, 0x20, 0x20, 0x20,
  0x20, 0x20, 0x20, 0x20, 0x20, 0x20, 0x20, 0x20, 0x20, 0x20, 0x20, 0x20,
  0x20, 0x20, 0x63, 0x6f, 0x6e, 0x73, 0x74, 0x20, 0x72, 0x65, 0x73, 0x20,
  0x3d, 0x20, 0x61, 0x77, 0x61, 0x69, 0x74, 0x20, 0x66, 0x65, 0x74, 0x63,
  0x68, 0x28, 0x60, 0x2f, 0x61, 0x70, 0x69, 0x2f, 0x69, 0x6e, 0x73, 0x74,
  0x61, 0x6e, 0x63, 0x65, 0x3f, 0x69, 0x64, 0x3d, 0x24, 0x7b, 0x69, 0x64,
  0x7d, 0x60, 0x2c, 0x20, 0x7b, 0x0a, 0x20, 0x20, 0x20, 0x20, 0x20, 0x20,
  0x20, 0x20, 0x20, 0x20, 0x20, 0x20, 0x20, 0x20, 0x20, 0x20, 0x20, 0x20,
  0x20, 0x20, 0x20, 0x20, 0x20, 0x20, 0x20, 0x20, 0x20, 0x20, 0x20, 0x20,
  0x20, 0x20, 0x6d, 0x65, 0x74, 0x68, 0x6f, 0x64, 0x3a, 0x20, 0x27, 0x50,
  0x55, 0x54, 0x27, 0x2c, 0x0a, 0x20, 0x20, 0x20, 0x20, 0x20, 0x20, 0x20,
  0x20, 0x20, 0x20, 0x20, 0x20, 0x20, 0x20, 0x20, 0x20, 0x20, 0x20, 0x20,
  0x20, 0x20, 0x20, 0x20, 0x20, 0x20, 0x20, 0x20, 0x20, 0x20, 0x20, 0x20,
  0x20, 0x68, 0x65, 0x61, 0x64, 0x65, 0x72, 0x73, 0x3a, 0x20, 0x7b, 0x20,
  0x27, 0x43, 0x6f, 0x6e, 0x74, 0x65, 0x6e, 0x74, 0x2d, 0x54, 0x79, 0x70,
  0x65, 0x27, 0x3a, 0x20, 0x27, 0x61, 0x70, 0x70, 0x6c, 0x69, 0x63, 0x61,
  0x74, 0x69, 0x6f, 0x6e, 0x2f, 0x6a, 0x73, 0x6f, 0x6e, 0x27, 0x20, 0x7d,
  0x2c, 0x0a, 0x20, 0x20, 0x20, 0x20, 0x20, 0x20, 0x20, 0x20, 0x20, 0x20,
  0x20, 0x20, 0x20, 0x20, 0x20, 0x20, 0x20, 0x20, 0x20, 0x20, 0x20, 0x20,
  0x20, 0x20, 0x20, 0x20, 0x20, 0x20, 0x20, 0x20, 0x20, 0x20, 0x62, 0x6f,
  0x64, 0x79, 0x3a, 0x20, 0x4a, 0x53, 0x4f, 0x4e, 0x2e, 0x73, 0x74, 0x72,
  0x69, 0x6e, 0x67, 0x69, 0x66, 0x79, 0x28, 0x64, 0x61, 0x74, 0x61, 0x29,
  0x0a, 0x20, 0x20, 0x20, 0x20, 0x20, 0x20, 0x20, 0x20, 0x20, 0x20, 0x20,
  0x20, 0x20, 0x20, 0x20, 0x20, 0x20, 0x20, 0x20, 0x20, 0x20, 0x20, 0x20,
  0x20, 0x20, 0x20, 0x20, 0x20, 0x7d, 0x29, 0x3b, 0x0a, 0x20, 0x20, 0x20,
  0x20, 0x20, 0x20, 0x20, 0x20, 0x20, 0x20, 0x20, 0x20, 0x20, 0x20, 0x20,
  0x20, 0x20, 0x20, 0x20, 0x20, 0x20, 0x20, 0x20, 0x20, 0x20, 0x20, 0x20,
  0x20, 0x69, 0x66, 0x20, 0x28, 0x21, 0x72, 0x65, 0x73, 0x2e, 0x6f, 0x6b,
  0x29, 0x20, 0x7b, 0x0a, 0x20, 0x20, 0x20, 0x20, 0x20, 0x20, 0x20, 0x20,
  0x20, 0x20, 0x20, 0x20, 0x20, 0x20, 0x20, 0x20, 0x20, 0x20, 0x20, 0x20,
  0x20, 0x20, 0x20, 0x20, 0x20, 0x20, 0x20, 0x20, 0x20, 0x20, 0x20, 0x20,
  0x63, 0x6f, 0x6e, 0x73, 0x74, 0x20, 0x65, 0x72, 0x72, 0x20, 0x3d, 0x20,
  0x61, 0x77, 0x61, 0x69, 0x74, 0x20, 0x72, 0x65, 0x73, 0x2e, 0x74, 0x65,
  0x78, 0x74, 0x28, 0x29, 0x3b, 0x0a, 0x20, 0x20, 0x20, 0x20, 0x20, 0x20,
  0x20, 0x20, 0x20, 0x20, 0x20, 0x20, 0x20, 0x20, 0x20, 0x20, 0x20, 0x20,
  0x20, 0x20, 0x20, 0x20, 0x20, 0x20, 0x20, 0x20, 0x20, 0x20, 0x20, 0x20,
  0x20, 0x20, 0x74, 0x68, 0x72, 0x6f, 0x77, 0x20, 0x6e, 0x65, 0x77, 0x20,
  0x45, 0x72, 0x72, 0x6f, 0x72, 0x28, 0x65, 0x72, 0x72, 0x29, 0x3b, 0x0a,
  0x20, 0x20, 0x20, 0x20, 0x20, 0x20, 0x20, 0x20, 0x20, 0x20, 0x20, 0x20,
  0x20, 0x20, 0x20, 0x20, 0x20, 0x20, 0x20, 0x20, 0x20, 0x20, 0x20, 0x20,
  0x20, 0x20, 0x20, 0x20, 0x7d, 0x0a, 0x20, 0x20, 0x20, 0x20, 0x20, 0x20,
  0x20, 0x20, 0x20, 0x20, 0x20, 0x20, 0x20, 0x20, 0x20, 0x20, 0x20, 0x20,
  0x20, 0x20, 0x20, 0x20, 0x20, 0x20, 0x20, 0x20, 0x20, 0x20, 0x6d, 0x73,
  0x67, 0x2e, 0x74, 0x65, 0x78, 0x74, 0x43, 0x6f, 0x6e, 0x74, 0x65, 0x6e,
  0x74, 0x20, 0x3d, 0x20, 0x27, 0xe2, 0x9c, 0x93, 0x20, 0xe5, 0xb7, 0xb2,
  0xe4, 0xbf, 0x9d, 0xe5, 0xad, 0x98, 0x27, 0x3b, 0x0a, 0x20, 0x20, 0x20,
  0x20, 0x20, 0x20, 0x20, 0x20, 0x20, 0x20, 0x20, 0x20, 0x20, 0x20, 0x20,
  0x20, 0x20, 0x20, 0x20, 0x20, 0x20, 0x20, 0x20, 0x20, 0x20, 0x20, 0x20,
  0x20, 0x6d, 0x73, 0x67, 0x2e, 0x73, 0x74, 0x79, 0x6c, 0x65, 0x2e, 0x63,
  0x6f, 0x6c, 0x6f, 0x72, 0x20, 0x3d, 0x20, 0x27, 0x23, 0x31, 0x39, 0x38,
  0x37, 0x35, 0x34, 0x27, 0x3b, 0x0a, 0x20, 0x20, 0x20, 0x20, 0x20, 0x20,
  0x20, 0x20, 0x20, 0x20, 0x20, 0x20, 0x20, 0x20, 0x20, 0x20, 0x20, 0x20,
  0x20, 0x20, 0x20, 0x20, 0x20, 0x20, 0x20, 0x20, 0x20, 0x20, 0x73, 0x65,
  0x74, 0x54, 0x69, 0x6d, 0x65, 0x6f, 0x75, 0x74, 0x28, 0x28, 0x29, 0x20,
  0x3d, 0x3e, 0x20, 0x7b, 0x20, 0x6d, 0x73, 0x67, 0x2e, 0x74, 0x65, 0x78,
  0x74, 0x43, 0x6f, 0x6e, 0x74, 0x65, 0x6e, 0x74, 0x20, 0x3d, 0x20, 0x27,
  0x27, 0x3b, 0x20, 0x7d, 0x2c, 0x20, 0x32, 0x30, 0x30, 0x30, 0x29, 0x3b,
  0x0a, 0x20, 0x20, 0x20, 0x20, 0x20, 0x20, 0x20, 0x20, 0x20, 0x20, 0x20,
  0x20, 0x20, 0x20, 0x20, 0x20, 0x20, 0x20, 0x20, 0x20, 0x20, 0x20, 0x20,
  0x20, 0x20, 0x20, 0x20, 0x20, 0x6c, 0x6f, 0x61, 0x64, 0x49, 0x6e, 0x73,
  0x74, 0x61, 0x6e, 0x63, 0x65, 0x73, 0x28, 0x29, 0x3b, 0x0a, 0x20, 0x20,
  0x20, 0x20, 0x20, 0x20, 0x20, 0x20, 0x20, 0x20, 0x20, 0x20, 0x20, 0x20,
  0x20, 0x20, 0x20, 0x20, 0x20, 0x20, 0x20, 0x20, 0x20, 0x20, 0x7d, 0x20,
  0x63, 0x61, 0x74, 0x63, 0x68, 0x20, 0x28, 0x65, 0x29, 0x20, 0x7b, 0x0a,
  0x20, 0x20, 0x20, 0x20, 0x20, 0x20, 0x20, 0x20, 0x20, 0x20, 0x20, 0x20,
  0x20, 0x20, 0x20, 0x20, 0x20, 0x20, 0x20, 0x20, 0x20, 0x20, 0x20, 0x20,
  0x20, 0x20, 0x20, 0x20, 0x6d, 0x73, 0x67, 0x2e, 0x74, 0x65, 0x78, 0x74,
  0x43, 0x6f, 0x6e, 0x74, 0x65, 0x6e, 0x74, 0x20, 0x3d, 0x20, 0x27, 0xe2,
  0x9c, 0x97, 0x20, 0xe5, 0xa4, 0xb1, 0xe8, 0xb4, 0xa5, 0x3a, 0x20, 0x27,
  0x20, 0x2b, 0x20, 0x65, 0x2e, 0x6d, 0x65, 0x73, 0x73, 0x61, 0x67, 0x65,
  0x3b, 0x0a, 0x20, 0x20, 0x20, 0x20, 0x20, 0x20, 0x20, 0x20, 0x20, 0x20,
  0x20, 0x20, 0x20, 0x20, 0x20, 0x20, 0x20, 0x20, 0x20, 0x20, 0x20, 0x20,
  0x20, 0x20, 0x20, 0x20, 0x20, 0x20, 0x6d, 0x73, 0x67, 0x2e, 0x73, 0x74,
  0x79, 0x6c, 0x65, 0x2e, 0x63, 0x6f, 0x6c, 0x6f, 0x72, 0x20, 0x3d, 0x20,
  0x27, 0x23, 0x64, 0x63, 0x33, 0x35, 0x34, 0x35, 0x27, 0x3b, 0x0a, 0x20,
  0x20, 0x20, 0x20, 0x20, 0x20, 0x20, 0x20, 0x20, 0x20, 0x20, 0x20, 0x20,
  0x20, 0x20, 0x20, 0x20, 0x20, 0x20, 0x20, 0x20, 0x20, 0x20, 0x20, 0x20,
  0x20, 0x20, 0x20, 0x73, 0x65, 0x74, 0x54, 0x69, 0x6d, 0x65, 0x6f, 0x75,
  0x74, 0x28, 0x28, 0x29, 0x20, 0x3d, 0x3e, 0x20, 0x7b, 0x20, 0x6d, 0x73,
  0x67, 0x2e, 0x74, 0x65, 0x78, 0x74, 0x43, 0x6f, 0x6e, 0x74, 0x65, 0x6e,
  0x74, 0x20, 0x3d, 0x20, 0x27, 0x27, 0x3b, 0x20, 0x7d, 0x2c, 0x20, 0x33,
  0x30, 0x30, 0x30, 0x29, 0x3b, 0x0a, 0x20, 0x20, 0x20, 0x20, 0x20, 0x20,
  0x20, 0x20, 0x20, 0x20, 0x20, 0x20, 0x20, 0x20, 0x20, 0x20, 0x20, 0x20,
  0x20, 0x20, 0x20, 0x20, 0x20, 0x20, 0x7d, 0x0a, 0x20, 0x20, 0x20, 0x20,
  0x20, 0x20, 0x20, 0x20, 0x20, 0x20, 0x20, 0x20, 0x20, 0x20, 0x20, 0x20,
  0x20, 0x20, 0x20, 0x20, 0x7d, 0x3b, 0x0a, 0x20, 0x20, 0x20, 0x20, 0x20,
  0x20, 0x20, 0x20, 0x20, 0x20, 0x20, 0x20, 0x20, 0x20, 0x20, 0x20, 0x7d,
  0x29, 0x3b, 0x0a, 0x0a, 0x20, 0x20, 0x20, 0x20, 0x20, 0x20, 0x20, 0x20,
  0x20, 0x20, 0x20, 0x20, 0x7d, 0x20, 0x63, 0x61, 0x74, 0x63, 0x68, 0x20,
  0x28, 0x65, 0x29, 0x20, 0x7b, 0x0a, 0x20, 0x20, 0x20, 0x20, 0x20, 0x20,
  0x20, 0x20, 0x20, 0x20, 0x20, 0x20, 0x20, 0x20, 0x20, 0x20, 0x64, 0x6f,
  0x63, 0x75, 0x6d, 0x65, 0x6e, 0x74, 0x2e, 0x67, 0x65, 0x74, 0x45, 0x6c,
  0x65, 0x6d, 0x65, 0x6e, 0x74, 0x42, 0x79, 0x49, 0x64, 0x28, 0x27, 0x69,
  0x6e, 0x73, 0x74, 0x61, 0x6e, 0x63, 0x65, 0x73, 0x43, 0x6f, 0x6e, 0x74,
  0x61, 0x69, 0x6e, 0x65, 0x72, 0x27, 0x29, 0x2e, 0x69, 0x6e, 0x6e, 0x65,
  0x72, 0x48, 0x54, 0x4d, 0x4c, 0x20, 0x3d, 0x0a, 0x20, 0x20, 0x20, 0x20,
  0x20, 0x20, 0x20, 0x20, 0x20, 0x20, 0x20, 0x20, 0x20, 0x20, 0x20, 0x20,
  0x20, 0x20, 0x20, 0x20, 0x60, 0x3c, 0x70, 0x20, 0x73, 0x74, 0x79, 0x6c,
  0x65, 0x3d, 0x22, 0x63, 0x6f, 0x6c, 0x6f, 0x72, 0x3a, 0x23, 0x64, 0x63,
  0x33, 0x35, 0x34, 0x35, 0x22, 0x3e, 0xe5, 0x8a, 0xa0, 0xe8, 0xbd, 0xbd,
  0xe5, 0xa4, 0xb1, 0xe8, 0xb4, 0xa5, 0x3a, 0x20, 0x24, 0x7b, 0x65, 0x2e,
  0x6d, 0x65, 0x73, 0x73, 0x61, 0x67, 0x65, 0x7d, 0x3c, 0x2f, 0x70, 0x3e,
  0x60, 0x3b, 0x0a, 0x20, 0x20, 0x20, 0x20, 0x20, 0x20, 0x20, 0x20, 0x20,
  0x20, 0x20, 0x20, 0x7d, 0x0a, 0x20, 0x20, 0x20, 0x20, 0x20, 0x20, 0x20,
  0x20, 0x7d, 0x0a, 0x0a, 0x20, 0x20, 0x20, 0x20, 0x20, 0x20, 0x20, 0x20,
  0x2f, 0x2f, 0x20, 0x3d, 0x3d, 0x3d, 0x3d, 0x3d, 0x3d, 0x3d, 0x3d, 0x3d,
  0x3d, 0x3d, 0x3d, 0x3d, 0x3d, 0x3d, 0x3d, 0x3d, 0x3d, 0x3d, 0x3d, 0x20,
  0xe6, 0xb7, 0xbb, 0xe5, 0x8a, 0xa0, 0xe5, 0xae, 0x9e, 0xe4, 0xbe, 0x8b,
  0x20, 0x3d, 0x3d, 0x3d, 0x3d, 0x3d, 0x3d, 0x3d, 0x3d, 0x3d, 0x3d, 0x3d,
  0x3d, 0x3d, 0x3d, 0x3d, 0x3d, 0x3d, 0x3d, 0x3d, 0x3d, 0x0a, 0x20, 0x20,
  0x20, 0x20, 0x20, 0x20, 0x20, 0x20, 0x64, 0x6f, 0x63, 0x75, 0x6d, 0x65,
  0x6e, 0x74, 0x2e, 0x67, 0x65, 0x74, 0x45, 0x6c, 0x65, 0x6d, 0x65, 0x6e,
  0x74, 0x42, 0x79, 0x49, 0x64, 0x28, 0x27, 0x61, 0x64, 0x64, 0x49, 0x6e,
  0x73, 0x74, 0x61, 0x6e, 0x63, 0x65, 0x27, 0x29, 0x2e, 0x6f, 0x6e, 0x63,
  0x6c, 0x69, 0x63, 0x6b, 0x20, 0x3d, 0x20, 0x61, 0x73, 0x79, 0x6e, 0x63,
  0x20, 0x28, 0x29, 0x20, 0x3d, 0x3e, 0x20, 0x7b, 0x0a, 0x20, 0x20, 0x20,
  0x20, 0x20, 0x20, 0x20, 0x20, 0x20, 0x20, 0x20, 0x20, 0x74, 0x72, 0x79,
  0x20, 0x7b, 0x0a, 0x20, 0x20, 0x20, 0x20, 0x20, 0x20, 0x20, 0x20, 0x20,
  0x20, 0x20, 0x20, 0x20, 0x20, 0x20, 0x20, 0x63, 0x6f, 0x6e, 0x73, 0x74,
  0x20, 0x64, 0x65, 0x66, 0x61, 0x75, 0x6c, 0x74, 0x44, 0x61, 0x74, 0x61,
  0x20, 0x3d, 0x20, 0x7b, 0x0a, 0x20, 0x20, 0x20, 0x20, 0x20, 0x20, 0x20,
  0x20, 0x20, 0x20, 0x20, 0x20, 0x20, 0x20, 0x20, 0x20, 0x20, 0x20, 0x20,
  0x20, 0x73, 0x74, 0x61, 0x6e, 0x64, 0x61, 0x72, 0x64, 0x3a, 0x20, 0x31,
  0x2c, 0x0a, 0x20, 0x20, 0x20, 0x20, 0x20, 0x20, 0x20, 0x20, 0x20, 0x20,
  0x20, 0x20, 0x20, 0x20, 0x20, 0x20, 0x20, 0x20, 0x20, 0x20, 0x75, 0x61,
  0x73, 0x5f, 0x69, 0x64, 0x3a, 0x20, 0x27, 0x45, 0x53, 0x50, 0x33, 0x32,
  0x2d, 0x44, 0x52, 0x4f, 0x4e, 0x45, 0x27, 0x2c, 0x0a, 0x20, 0x20, 0x20,
  0x20, 0x20, 0x20, 0x20, 0x20, 0x20, 0x20, 0x20, 0x20, 0x20, 0x20, 0x20,
  0x20, 0x20, 0x20, 0x20, 0x20, 0x6c, 0x61, 0x74, 0x69, 0x74, 0x75, 0x64,
  0x65, 0x3a, 0x20, 0x32, 0x33, 0x2e, 0x31, 0x34, 0x32, 0x38, 0x37, 0x2c,
  0x0a, 0x20, 0x20, 0x20, 0x20, 0x20, 0x20, 0x20, 0x20, 0x20, 0x20, 0x20,
  0x20, 0x20, 0x20, 0x20, 0x20, 0x20, 0x20, 0x20, 0x20, 0x6c, 0x6f, 0x6e,
  0x67, 0x69, 0x74, 0x75, 0x64, 0x65, 0x3a, 0x20, 0x31, 0x31, 0x33, 0x2e,
  0x32, 0x36, 0x30, 0x32, 0x36, 0x2c, 0x0a, 0x20, 0x20, 0x20, 0x20, 0x20,
  0x20, 0x20, 0x20, 0x20, 0x20, 0x20, 0x20, 0x20, 0x20, 0x20, 0x20, 0x20,
  0x20, 0x20, 0x20, 0x61, 0x6c, 0x74, 0x69, 0x74, 0x75, 0x64, 0x65, 0x5f,
  0x6d, 0x73, 0x6c, 0x3a, 0x20, 0x35, 0x30, 0x2c, 0x0a, 0x20, 0x20, 0x20,
  0x20, 0x20, 0x20, 0x20, 0x20, 0x20, 0x20, 0x20, 0x20, 0x20, 0x20, 0x20,
  0x20, 0x20, 0x20, 0x20, 0x20, 0x61, 0x6c, 0x74, 0x69, 0x74, 0x75, 0x64,
  0x65, 0x5f, 0x61, 0x67, 0x6c, 0x3a, 0x20, 0x35, 0x30, 0x2c, 0x0a, 0x20,
  0x20, 0x20, 0x20, 0x20, 0x20, 0x20, 0x20, 0x20, 0x20, 0x20, 0x20, 0x20,
  0x20, 0x20, 0x20, 0x20, 0x20, 0x20, 0x20, 0x73, 0x70, 0x65, 0x65, 0x64,
  0x5f, 0x68, 0x6f, 0x72, 0x69, 0x7a, 0x6f, 0x6e, 0x74, 0x61, 0x6c, 0x3a,
  0x20, 0x31, 0x2e, 0x30, 0x2c, 0x0a, 0x20, 0x20, 0x20, 0x20, 0x20, 0x20,
  0x20, 0x20, 0x20, 0x20, 0x20, 0x20, 0x20, 0x20, 0x20, 0x20, 0x20, 0x20,
  0x20, 0x20, 0x73, 0x70, 0x65, 0x65, 0x64, 0x5f, 0x76, 0x65, 0x72, 0x74,
  0x69, 0x63, 0x61, 0x6c, 0x3a, 0x20, 0x30, 0x2c, 0x0a, 0x20, 0x20, 0x20,
  0x20, 0x20, 0x20, 0x20, 0x20, 0x20, 0x20, 0x20, 0x20, 0x20, 0x20, 0x20,
  0x20, 0x20, 0x20, 0x20, 0x20, 0x68, 0x65, 0x61, 0x64, 0x69, 0x6e, 0x67,
  0x3a, 0x20, 0x30, 0x2c, 0x0a, 0x20, 0x20, 0x20, 0x20, 0x20, 0x20, 0x20,
  0x20, 0x20, 0x20, 0x20, 0x20, 0x20, 0x20, 0x20, 0x20, 0x20, 0x20, 0x20,
  0x20, 0x66, 0x6c, 0x69, 0x67, 0x68, 0x74, 0x5f, 0x6d, 0x6f, 0x64, 0x65,
  0x3a, 0x20, 0x30, 0x2c, 0x0a, 0x20, 0x20, 0x20, 0x20, 0x20, 0x20, 0x20,
  0x20, 0x20, 0x20, 0x20, 0x20, 0x20, 0x20, 0x20, 0x20, 0x20, 0x20, 0x20,
  0x20, 0x2f, 0x2f, 0x20, 0x47, 0x42, 0x34, 0x32, 0x35, 0x39, 0x30, 0x20,
  0xe9, 0xbb, 0x98, 0xe8, 0xae, 0xa4, 0x0a, 0x20, 0x20, 0x20, 0x20, 0x20,
  0x20, 0x20, 0x20, 0x20, 0x20, 0x20, 0x20, 0x20, 0x20, 0x20, 0x20, 0x20,
  0x20, 0x20, 0x20, 0x69, 0x64, 0x5f, 0x74, 0x79, 0x70, 0x65, 0x3a, 0x20,
  0x31, 0x2c, 0x0a, 0x20, 0x20, 0x20, 0x20, 0x20, 0x20, 0x20, 0x20, 0x20,
  0x20, 0x20, 0x20, 0x20, 0x20, 0x20, 0x20, 0x20, 0x20, 0x20, 0x20, 0x75,
  0x61, 0x5f, 0x74, 0x79, 0x70, 0x65, 0x3a, 0x20, 0x32, 0x2c, 0x0a, 0x20,
  0x20, 0x20, 0x20, 0x20, 0x20, 0x20, 0x20, 0x20, 0x20, 0x20, 0x20, 0x20,
  0x20, 0x20, 0x20, 0x20, 0x20, 0x20, 0x20, 0x73, 0x74, 0x61, 0x74, 0x75,
  0x73, 0x3a, 0x20, 0x32, 0x2c, 0x0a, 0x20, 0x20, 0x20, 0x20, 0x20, 0x20,
  0x20, 0x20, 0x20, 0x20, 0x20, 0x20, 0x20, 0x20, 0x20, 0x20, 0x20, 0x20,
  0x20, 0x20, 0x68, 0x65, 0x69, 0x67, 0x68, 0x74, 0x5f, 0x74, 0x79, 0x70,
  0x65, 0x3a, 0x20, 0x30, 0x2c, 0x0a, 0x20, 0x20, 0x20, 0x20, 0x20, 0x20,
  0x20, 0x20, 0x20, 0x20, 0x20, 0x20, 0x20, 0x20, 0x20, 0x20, 0x20, 0x20,
  0x20, 0x20, 0x68, 0x5f, 0x61, 0x63, 0x63, 0x3a, 0x20, 0x31, 0x31, 0x2c,
  0x0a, 0x20, 0x20, 0x20, 0x20, 0x20, 0x20, 0x20, 0x20, 0x20, 0x20, 0x20,
  0x20, 0x20, 0x20, 0x20, 0x20, 0x20, 0x20, 0x20, 0x20, 0x76, 0x5f, 0x61,
  0x63, 0x63, 0x3a, 0x20, 0x35, 0x2c, 0x0a, 0x20, 0x20, 0x20, 0x20, 0x20,
  0x20, 0x20, 0x20, 0x20, 0x20, 0x20, 0x20, 0x20, 0x20, 0x20, 0x20, 0x20,
  0x20, 0x20, 0x20, 0x73, 0x70, 0x64, 0x5f, 0x61, 0x63, 0x63, 0x3a, 0x20,
  0x34, 0x2c, 0x0a, 0x20, 0x20, 0x20, 0x20, 0x20, 0x20, 0x20, 0x20, 0x20,
  0x20, 0x20, 0x20, 0x20, 0x20, 0x20, 0x20, 0x20, 0x20, 0x20, 0x20, 0x74,
  0x73, 0x5f, 0x61, 0x63, 0x63, 0x3a, 0x20, 0x34, 0x2c, 0x0a, 0x20, 0x20,
  0x20, 0x20, 0x20, 0x20, 0x20, 0x20, 0x20, 0x20, 0x20, 0x20, 0x20, 0x20,
  0x20, 0x20, 0x20, 0x20, 0x20, 0x20, 0x2f, 0x2f, 0x20, 0x47, 0x42, 0x34,
  0x36, 0x37, 0x35, 0x30, 0x20, 0xe9, 0xbb, 0x98, 0xe8, 0xae, 0xa4, 0xef,
  0xbc, 0x88, 0xe5, 0xb0, 0xbd, 0xe7, 0xae, 0xa1, 0xe6, 0xa0, 0x87, 0xe5,
  0x87, 0x86, 0xe4, 0xb8, 0x8d, 0xe6, 0x98, 0xaf, 0xe5, 0xae, 0x83, 0xef,
  0xbc, 0x8c, 0xe4, 0xbd, 0x86, 0xe5, 0xb8, 0xa6, 0xe4, 0xb8, 0x8a, 0xef,
  0xbc, 0x89, 0x0a, 0x20, 0x20, 0x20, 0x20, 0x20, 0x20, 0x20, 0x20, 0x20,
  0x20, 0x20, 0x20, 0x20, 0x20, 0x20, 0x20, 0x20, 0x20, 0x20, 0x20, 0x72,
  0x65, 0x67, 0x5f, 0x6d, 0x61, 0x72, 0x6b, 0x3a, 0x20, 0x27, 0x27, 0x2c,
  0x0a, 0x20, 0x20, 0x20, 0x20, 0x20, 0x20, 0x20, 0x20, 0x20, 0x20, 0x20,
  0x20, 0x20, 0x20, 0x20, 0x20, 0x20, 0x20, 0x20, 0x20, 0x6f, 0x70, 0x5f,
  0x63, 0x61, 0x74, 0x65, 0x67, 0x6f, 0x72, 0x79, 0x3a, 0x20, 0x31, 0x2c,
  0x0a, 0x20, 0x20, 0x20, 0x20, 0x20, 0x20, 0x20, 0x20, 0x20, 0x20, 0x20,
  0x20, 0x20, 0x20, 0x20, 0x20, 0x20, 0x20, 0x20, 0x20, 0x75, 0x61, 0x5f,
  0x63, 0x6c, 0x61, 0x73, 0x73, 0x3a, 0x20, 0x31, 0x2c, 0x0a, 0x20, 0x20,
  0x20, 0x20, 0x20, 0x20, 0x20, 0x20, 0x20, 0x20, 0x20, 0x20, 0x20, 0x20,
  0x20, 0x20, 0x20, 0x20, 0x20, 0x20, 0x67, 0x63, 0x73, 0x5f, 0x70, 0x6f,
  0x73, 0x5f, 0x74, 0x79, 0x70, 0x65, 0x3a, 0x20, 0x30, 0x2c, 0x0a, 0x20,
  0x20, 0x20, 0x20, 0x20, 0x20, 0x20, 0x20, 0x20, 0x20, 0x20, 0x20, 0x20,
  0x20, 0x20, 0x20, 0x20, 0x20, 0x20, 0x20, 0x63, 0x6f, 0x6f, 0x72, 0x64,
  0x5f, 0x74, 0x79, 0x70, 0x65, 0x3a, 0x20, 0x30, 0x0a, 0x20, 0x20, 0x20,
  0x20, 0x20, 0x20, 0x20, 0x20, 0x20, 0x20, 0x20, 0x20, 0x20, 0x20, 0x20,
  0x20, 0x7d, 0x3b, 0x0a, 0x20, 0x20, 0x20, 0x20, 0x20, 0x20, 0x20, 0x20,
  0x20, 0x20, 0x20, 0x20, 0x20, 0x20, 0x20, 0x20, 0x61, 0x77, 0x61, 0x69,
  0x74, 0x20, 0x61, 0x70, 0x69, 0x28, 0x27, 0x50, 0x4f, 0x53, 0x54, 0x27,
  0x2c, 0x20, 0x27, 0x2f, 0x61, 0x70, 0x69, 0x2f, 0x69, 0x6e, 0x73, 0x74,
  0x61, 0x6e, 0x63, 0x65, 0x27, 0x2c, 0x20, 0x64, 0x65, 0x66, 0x61, 0x75,
  0x6c, 0x74, 0x44, 0x61, 0x74, 0x61, 0x29, 0x3b, 0x0a, 0x20, 0x20, 0x20,
  0x20, 0x20, 0x20, 0x20, 0x20, 0x20, 0x20, 0x20, 0x20, 0x20, 0x20, 0x20,
  0x20, 0x6c, 0x6f, 0x61, 0x64, 0x49, 0x6e, 0x73, 0x74, 0x61, 0x6e, 0x63,
  0x65, 0x73, 0x28, 0x29, 0x3b, 0x0a, 0x20, 0x20, 0x20, 0x20, 0x20, 0x20,
  0x20, 0x20, 0x20, 0x20, 0x20, 0x20, 0x7d, 0x20, 0x63, 0x61, 0x74, 0x63,
  0x68, 0x20, 0x28, 0x65, 0x29, 0x20, 0x7b, 0x20, 0x61, 0x6c, 0x65, 0x72,
  0x74, 0x28, 0x27, 0xe6, 0xb7, 0xbb, 0xe5, 0x8a, 0xa0, 0xe5, 0xa4, 0xb1,
  0xe8, 0xb4, 0xa5, 0x3a, 0x20, 0x27, 0x20, 0x2b, 0x20, 0x65, 0x2e, 0x6d,
  0x65, 0x73, 0x73, 0x61, 0x67, 0x65, 0x29, 0x3b, 0x20, 0x7d, 0x0a, 0x20,
  0x20, 0x20, 0x20, 0x20, 0x20, 0x20, 0x20, 0x7d, 0x3b, 0x0a, 0x0a, 0x20,
  0x20, 0x20, 0x20, 0x20, 0x20, 0x20, 0x20, 0x2f, 0x2f, 0x20, 0x3d, 0x3d,
  0x3d, 0x3d, 0x3d, 0x3d, 0x3d, 0x3d, 0x3d, 0x3d, 0x3d, 0x3d, 0x3d, 0x3d,
  0x3d, 0x3d, 0x3d, 0x3d, 0x3d, 0x3d, 0x20, 0xe5, 0x88, 0x9d, 0xe5, 0xa7,
  0x8b, 0xe5, 0x8a, 0xa0, 0xe8, 0xbd, 0xbd, 0x20, 0x3d, 0x3d, 0x3d, 0x3d,
  0x3d, 0x3d, 0x3d, 0x3d, 0x3d, 0x3d, 0x3d, 0x3d, 0x3d, 0x3d, 0x3d, 0x3d,
  0x3d, 0x3d, 0x3d, 0x3d, 0x0a, 0x20, 0x20, 0x20, 0x20, 0x20, 0x20, 0x20,
  0x20, 0x6c, 0x6f, 0x61, 0x64, 0x49, 0x6e, 0x73, 0x74, 0x61, 0x6e, 0x63,
  0x65, 0x73, 0x28, 0x29, 0x3b, 0x0a, 0x20, 0x20, 0x20, 0x20, 0x3c, 0x2f,
  0x73, 0x63, 0x72, 0x69, 0x70, 0x74, 0x3e, 0x0a, 0x3c, 0x2f, 0x62, 0x6f,
  0x64, 0x79, 0x3e, 0x0a, 0x3c, 0x2f, 0x68, 0x74, 0x6d, 0x6c, 0x3e
};
unsigned int webui_config_html_len = 38675;
